surface,rooms,floor,balcony,parking,age,district,price
122,3,13,0,1,66,luxe,638839.0583063011
199,5,4,1,1,53,calme,753886.7812115399
112,7,5,0,0,19,populaire,394686.96286409633
34,4,13,0,1,32,luxe,371603.7552977359
126,5,6,0,0,7,populaire,495766.00476220314
91,7,14,0,1,23,centre,541033.1923020344
208,5,12,1,0,52,calme,783603.4580913129
40,4,9,1,0,63,populaire,148154.99696767487
122,5,11,1,1,57,calme,559003.1328885735
141,3,6,0,0,36,luxe,615222.6143361899
230,6,6,0,0,11,calme,915797.723716531
234,2,6,1,1,3,populaire,849404.9368452698
94,5,10,1,1,30,calme,432203.346913794
222,3,12,0,1,78,centre,828367.2110896753
107,2,12,0,1,37,centre,494287.1579769473
136,7,6,0,1,36,luxe,684873.469321239
119,2,2,0,1,74,populaire,338736.6524651436
123,7,14,0,1,13,calme,618098.421592769
171,5,11,1,1,74,luxe,783043.4550976896
150,3,2,0,1,72,luxe,609984.0622148463
169,6,6,1,0,23,populaire,614947.8045743806
72,5,13,0,0,9,calme,314591.42707152985
21,7,1,1,0,37,luxe,254710.83168567638
107,4,13,1,0,42,luxe,574061.3841348793
177,2,1,1,0,36,populaire,619076.1034457659
57,5,2,0,0,41,populaire,217853.93094620007
149,7,13,0,0,31,luxe,717787.93380918
211,2,3,0,1,13,calme,800816.7451259748
207,7,5,1,0,3,luxe,979692.7553887201
40,3,12,1,0,23,centre,291882.4913367289
180,1,7,0,0,9,populaire,620793.9312231396
223,5,9,1,0,15,centre,947762.4703063191
77,6,9,1,0,38,calme,347694.0632440877
41,5,6,1,1,17,populaire,139026.64121015565
108,2,3,1,0,24,calme,462185.0588970784
68,3,1,0,0,6,centre,360904.0131800664
238,7,1,1,1,55,calme,922079.7772310711
78,4,14,0,0,46,populaire,280247.00244729116
189,6,3,1,1,2,centre,875195.3055712037
239,3,5,1,1,0,populaire,891246.7659455109
207,5,2,0,1,32,centre,759718.0255728588
227,4,5,1,0,70,luxe,878589.5625459242
34,3,4,0,0,73,calme,164162.07704343463
209,1,4,0,1,58,calme,769298.9444938347
209,6,1,0,0,71,populaire,736578.0639752264
194,2,7,0,0,31,luxe,876592.4754227845
209,3,4,0,1,16,populaire,796353.5354697433
70,3,10,0,1,77,populaire,175721.37805319147
127,1,1,0,0,16,centre,514446.741604816
74,5,6,1,1,20,luxe,459447.1272806094
83,7,12,0,1,54,centre,435399.34187934705
150,7,14,1,0,5,populaire,572356.8983267538
248,6,8,1,0,48,centre,992288.8271485377
70,6,8,1,1,25,centre,359324.8813627702
154,2,0,0,0,31,calme,557586.3080977377
40,3,6,0,0,71,luxe,304752.3910190789
92,4,8,1,0,43,calme,369535.02565782756
186,3,5,0,0,58,luxe,762220.8306651616
37,7,0,1,0,28,calme,230276.59932631778
151,2,1,1,0,16,populaire,534961.8520886498
108,3,3,1,1,17,calme,481415.4877580819
79,1,13,0,1,39,luxe,419648.6148425291
33,7,3,1,1,62,luxe,296458.59272000595
28,3,1,0,1,74,luxe,228049.707515813
109,3,7,1,1,44,calme,486006.52547484124
72,7,1,0,0,75,centre,307090.8246528111
149,4,2,1,0,78,calme,536586.9514843737
103,7,13,0,1,2,centre,496438.5937665945
111,1,3,1,0,2,calme,444411.9149614031
130,1,8,0,1,37,populaire,450047.220622502
207,3,9,0,0,72,populaire,706612.2192694793
218,6,0,0,1,39,calme,820414.4313733809
191,4,7,1,0,67,calme,715650.8244688191
27,3,11,1,1,53,calme,176648.82974157797
194,7,14,1,0,19,populaire,699239.0296785473
54,3,13,0,1,14,centre,293288.2906149219
225,2,4,0,0,4,luxe,976572.9052121943
100,2,6,1,0,38,centre,440815.4276809239
183,6,7,1,1,39,calme,753348.8261260698
69,4,14,0,1,6,populaire,275612.95941688045
123,5,4,1,1,71,luxe,559058.7610377279
151,2,7,0,1,32,centre,644863.0264970766
21,5,9,0,1,36,calme,170517.71756004152
153,1,10,0,1,31,populaire,476283.1028826951
73,2,7,1,1,42,populaire,259534.8945732511
125,2,8,0,1,62,luxe,634929.7243791058
23,4,1,1,0,35,centre,200492.30782621755
73,6,2,0,0,48,populaire,224637.99017927653
240,5,0,1,0,24,calme,926005.2033854981
210,7,3,1,0,65,calme,794826.3668915624
165,2,14,0,1,8,luxe,836890.7919324985
237,2,14,0,0,17,centre,906734.2142501202
63,4,4,0,0,21,populaire,266485.4832553769
181,4,10,0,1,14,luxe,813690.4945353393
221,6,0,1,0,6,centre,932515.3176461065
209,5,7,1,1,12,centre,917853.2666612951
247,1,1,1,0,35,populaire,871115.3868792048
33,7,0,1,0,15,luxe,358550.2684493066
114,6,1,1,1,40,luxe,560271.3522865581
67,1,14,0,1,20,luxe,422534.6610760747
34,3,12,0,0,27,luxe,311336.39161919313
219,2,4,1,0,73,centre,849089.6056657932
225,5,8,0,0,16,luxe,953583.8273307078
234,6,8,0,1,64,luxe,972826.6725060821
209,2,1,0,1,12,populaire,697594.1351379659
59,5,1,0,1,35,calme,283489.3390567489
232,5,2,0,1,57,centre,917114.5298401038
227,5,6,0,1,19,populaire,848135.8786514107
101,2,10,1,1,51,populaire,349524.06038377975
130,6,2,0,0,5,populaire,490607.0122081888
72,7,0,0,1,22,centre,396840.9244378056
43,4,13,1,1,41,calme,243522.0776877231
173,2,13,1,0,23,centre,668445.134969173
236,5,13,1,0,4,luxe,1034302.2909928254
207,6,5,0,1,31,calme,839630.0684388534
143,7,2,1,1,45,centre,631163.8532443956
60,3,0,0,1,16,centre,308974.9761298378
176,1,13,1,1,74,luxe,800989.0362840671
34,5,12,0,0,26,centre,279259.7417127788
64,3,3,0,0,67,calme,211087.45746008836
84,4,12,1,0,22,populaire,375733.4927156762
108,7,0,0,1,33,centre,509131.20721373474
90,7,0,0,0,20,centre,468997.8201671196
28,5,11,0,1,21,calme,207962.92365821707
107,7,1,0,0,64,centre,443305.575407296
148,3,9,1,1,31,populaire,574055.8618770135
155,5,7,1,1,61,luxe,703435.3754921467
235,2,1,1,0,27,luxe,977782.2952402298
82,6,10,0,0,6,luxe,510914.3920162812
158,3,1,1,1,53,populaire,535437.5894077519
100,6,14,1,0,69,luxe,493208.85591293016
155,2,10,0,1,13,calme,644698.601826108
182,2,10,1,1,54,calme,725619.7824486594
182,6,9,1,0,57,populaire,657926.0317176587
52,3,9,1,0,43,populaire,159178.48222271047
142,6,7,0,1,45,populaire,591029.2248879694
24,6,11,1,1,13,calme,221067.44914526364
60,1,5,1,1,43,populaire,194554.13814875484
47,3,11,1,1,40,populaire,103743.62087232622
154,1,10,0,1,72,luxe,629770.463202027
220,5,3,0,1,1,populaire,859815.5630879891
91,7,2,1,0,4,centre,582287.2902847823
31,6,0,1,0,11,luxe,361074.9401686195
181,5,10,1,0,77,calme,650240.2041543438
52,3,2,0,1,76,calme,214282.7145610773
67,6,11,0,1,46,calme,318833.607533728
170,7,13,1,0,78,luxe,767250.5129144143
81,5,8,1,0,34,calme,331444.19876743754
235,4,4,0,0,18,luxe,1018084.5583357945
56,2,12,0,1,78,luxe,293943.1921098893
118,6,5,1,1,62,centre,466977.91934660636
191,7,4,0,1,7,centre,827219.4796015114
123,2,0,1,0,22,centre,446721.8310176614
233,1,9,1,0,12,centre,902259.0569204427
238,5,0,0,0,22,centre,958988.6588568753
54,1,3,1,1,30,calme,283953.2266721716
212,7,14,1,0,29,calme,885128.3625456428
246,6,2,1,0,41,calme,932077.1449681135
120,2,10,1,1,1,centre,557676.4966029066
194,2,7,1,1,10,populaire,690203.1961207028
225,5,11,1,0,24,calme,935091.9405909195
150,6,11,1,1,28,calme,616238.0232834528
20,4,6,0,0,21,populaire,84727.23686829091
24,4,14,0,1,18,centre,251805.4454646383
237,5,10,1,1,72,luxe,952939.5104591325
161,6,14,0,1,40,populaire,539039.4733063088
122,5,6,1,1,37,populaire,484738.06364971335
46,6,14,1,1,28,calme,252347.00235856068
156,7,7,0,1,73,calme,626286.4373964872
226,7,13,1,0,21,centre,934731.6968701986
34,1,9,1,0,7,luxe,313028.3459046085
109,5,6,0,0,46,luxe,559595.4256450259
61,6,9,0,1,5,populaire,316649.0717275915
143,4,1,0,1,6,centre,649791.4834804942
224,6,3,0,0,35,luxe,971735.4870574828
198,7,14,0,0,7,populaire,816185.172881703
82,6,10,0,0,76,calme,301686.67658549256
115,5,5,1,1,45,luxe,604071.174597075
71,1,2,0,0,63,populaire,206813.0552897562
115,1,14,0,0,30,luxe,480705.9351877555
151,1,2,1,0,22,centre,661247.6545643478
241,1,14,1,0,60,populaire,811513.926081647
248,7,5,0,1,49,centre,1011869.3833816202
170,3,0,1,0,45,populaire,560204.3889229421
162,5,13,1,0,42,calme,669206.5059408093
190,2,0,1,1,9,luxe,868962.4326023468
48,5,4,1,1,19,calme,248273.17755690654
55,3,0,1,1,15,centre,309305.1514533689
32,1,9,1,1,77,luxe,263085.6222556363
179,3,7,1,1,2,calme,787620.0450851404
90,4,1,0,0,29,populaire,296720.8866431565
206,4,5,1,0,17,populaire,710266.0710922125
105,7,9,0,0,58,calme,448095.3149226719
47,5,9,1,1,69,luxe,339471.25649984647
85,5,4,1,0,34,centre,440576.3065163168
189,2,9,0,1,18,populaire,659126.8577474997
64,7,11,1,1,25,centre,365174.90063337155
81,2,11,1,0,34,luxe,503580.2171161013
204,4,3,0,1,75,luxe,840798.6551325411
153,1,0,1,0,71,populaire,442329.87124557886
47,3,13,1,1,56,centre,258981.44710042272
47,2,13,0,0,48,luxe,354810.06650776824
127,6,2,0,1,9,centre,668298.1687381513
63,2,12,1,1,28,populaire,227809.7943244042
103,1,11,0,1,70,populaire,316656.77641400904
49,1,3,1,0,67,luxe,295154.4421123718
209,5,1,1,1,77,luxe,835606.2647709044
94,3,11,0,0,23,centre,422675.8397366068
147,1,1,0,1,42,luxe,711202.0744435103
111,7,1,0,0,38,populaire,392740.98389759264
236,2,10,0,1,24,luxe,1049913.1480582466
209,2,0,1,0,67,calme,737467.3162131744
244,4,9,0,1,33,populaire,815163.5822550122
148,1,1,0,1,52,centre,607761.556388144
140,6,5,1,1,54,luxe,680551.4131335849
46,5,2,1,0,52,luxe,370953.17167107697
209,3,9,1,1,17,populaire,783563.3833627995
140,6,4,1,1,6,populaire,567190.6352241044
135,5,0,1,1,62,centre,589631.4454585365
224,2,7,1,0,74,populaire,750397.3910165713
22,6,12,1,1,41,centre,182974.30281650007
122,5,3,1,0,10,luxe,669825.8467134853
217,2,8,1,0,8,centre,881510.8166058281
219,2,3,0,1,34,centre,859313.9593324042
174,2,13,0,1,64,centre,703544.6519035524
156,2,14,1,0,4,luxe,782123.4600835682
81,7,14,0,0,25,calme,428152.8575215023
184,2,14,1,1,50,calme,736975.4441316305
244,4,1,1,0,37,centre,901618.9117694467
70,6,2,1,0,2,populaire,299871.2479912799
191,5,4,1,1,58,calme,715419.3029603185
171,4,11,0,1,12,luxe,823876.9889921205
226,7,9,0,0,34,centre,919039.25021258
78,4,14,1,0,2,calme,455080.10477537
137,1,12,0,1,52,luxe,590603.2500794713
179,1,12,0,0,54,centre,686803.4214546198
115,1,13,1,0,44,calme,452894.17161427636
235,3,5,1,1,65,centre,898507.2991965687
199,1,6,0,0,66,calme,691809.0958930949
132,5,3,0,0,43,calme,579247.0099009963
81,4,6,1,0,72,populaire,269374.27102594316
205,5,14,1,0,67,calme,828851.6205192156
71,6,9,0,1,61,populaire,251401.16179174185
31,1,2,1,0,24,luxe,286669.37299967516
58,7,6,1,0,51,calme,264676.03939380916
149,3,3,1,1,49,centre,597339.226471749
150,6,12,0,0,0,populaire,535555.495455298
132,7,12,0,0,38,calme,526019.6330222251
120,3,7,1,1,51,populaire,429679.26080068835
132,6,8,0,0,75,centre,589380.956816959
203,4,6,1,0,39,centre,815006.6280988073
100,5,7,0,0,59,centre,441964.82730561413
206,2,7,0,0,72,luxe,867369.9020909045
132,5,1,0,0,68,luxe,586290.9389110631
21,1,8,1,0,19,centre,146216.50415317033
149,7,5,1,0,1,luxe,739636.0854729811
239,2,10,1,1,8,luxe,1087138.1477054872
73,3,3,0,1,38,luxe,427835.93587913446
106,4,14,1,1,29,luxe,599338.3895568058
248,4,4,1,0,53,luxe,1001259.4090541111
243,3,9,1,1,57,luxe,1066799.342526233
244,1,4,1,1,43,centre,999419.8963945793
148,3,6,0,1,42,luxe,693196.1866248851
166,6,13,1,1,9,luxe,870545.0980913299
145,7,8,1,0,47,populaire,522154.0028855175
149,7,6,0,0,16,populaire,605732.2495178144
72,1,8,1,0,4,luxe,456267.2523029855
191,2,3,0,1,69,calme,648588.9998398755
237,3,9,0,0,73,calme,858062.8763490779
179,1,13,0,1,63,luxe,782911.5244620175
217,7,9,1,0,65,centre,882949.5960044704
179,2,3,0,0,70,centre,677754.9678258824
87,3,5,0,1,3,populaire,340095.5101319579
202,4,7,0,1,27,centre,828499.4793051305
222,3,13,1,0,37,centre,898492.2152275388
203,5,8,0,0,65,centre,781008.4979782193
142,3,0,0,0,66,luxe,591565.416976039
164,5,0,0,1,59,luxe,768311.4348057238
57,2,12,1,1,46,calme,255296.49274951516
43,3,7,0,1,24,populaire,165675.18400231283
88,2,10,0,1,65,calme,328608.3377642814
135,2,6,1,0,78,centre,495389.26052165334
117,7,8,1,1,66,centre,590754.0938091032
217,1,10,1,1,68,calme,753270.1316492399
233,2,2,0,1,39,calme,872418.3019309607
158,2,9,0,0,49,luxe,688076.1499754399
163,7,11,0,0,39,luxe,787861.4947467997
116,7,4,0,1,36,populaire,442887.378056599
220,3,2,1,1,68,luxe,935774.0511530878
143,7,14,0,0,16,centre,670992.072341995
206,3,4,1,0,61,centre,810658.8074690633
89,4,9,0,1,40,calme,441808.2887853716
227,7,0,0,0,75,populaire,713494.0627034084
112,1,13,0,1,41,luxe,559437.8671950735
22,2,10,1,0,30,populaire,52187.110810293016
167,1,3,1,1,32,centre,661761.7643917804
206,5,5,1,1,42,centre,825436.5307649312
183,7,1,1,1,66,luxe,822735.618111752
166,2,12,0,1,37,luxe,791665.0073541463
109,1,6,0,0,40,luxe,502162.6301403823
214,7,7,0,0,62,calme,821377.2074218914
166,7,0,0,1,39,centre,738903.2404120956
167,4,12,0,0,29,calme,633951.2399407924
115,4,3,1,1,46,centre,493570.8816639759
218,2,10,1,0,21,luxe,947009.5478874162
71,5,3,0,1,54,centre,296446.34411940514
180,4,12,0,0,42,centre,792276.7940441713
187,4,4,0,0,60,populaire,622669.3737482681
147,5,13,0,0,73,centre,614287.5652762426
58,1,11,1,0,31,centre,293137.79417939
101,4,11,0,1,3,populaire,431582.4824123035
123,3,3,0,1,44,luxe,587270.9610520382
148,6,8,0,0,71,populaire,519749.38560146256
30,6,6,0,0,19,luxe,346901.86274291825
239,4,12,1,0,70,luxe,929435.8527411299
204,1,1,0,0,64,luxe,831988.5916589329
236,7,0,1,1,59,centre,936118.898323793
197,1,8,1,0,25,populaire,652358.734965954
170,2,0,0,0,72,populaire,479693.8933191689
178,3,5,0,0,22,populaire,623928.7849763277
241,1,14,0,0,39,populaire,830959.494100736
61,5,14,0,0,1,calme,311727.7546088449
118,3,1,0,0,25,centre,462250.20675863913
26,6,3,1,0,77,calme,138440.22683912033
163,3,5,1,0,61,centre,646582.2140239264
109,5,4,1,1,43,populaire,429539.27792161703
131,4,10,1,0,30,calme,564121.8566877673
79,5,5,1,0,25,luxe,511437.3470406083
132,5,2,0,0,4,populaire,512219.90302123723
21,4,4,0,0,69,populaire,-16465.419681998923
148,4,1,1,1,34,luxe,710721.4946998524
67,4,6,0,0,15,populaire,281500.27300232
159,4,2,0,1,30,centre,695941.7741339717
216,4,0,1,1,13,populaire,870892.1147635534
56,5,13,1,1,24,centre,389674.7092311291
179,2,7,1,1,78,centre,657097.9323411968
28,2,7,0,0,74,populaire,-9405.747934203951
118,1,2,1,1,70,luxe,543678.5471605576
166,2,12,1,1,17,centre,727527.0692766048
67,6,6,0,0,49,calme,281048.18761998095
227,2,8,0,1,19,centre,934543.8512803209
150,5,7,1,1,55,luxe,643572.2788386405
167,4,2,0,1,1,populaire,613581.328707192
171,4,14,1,1,25,luxe,758012.5304743539
73,7,12,0,0,22,luxe,454939.89082562685
139,7,1,1,1,31,populaire,532083.201163899
180,7,12,0,0,12,calme,783537.3260461519
171,5,9,0,0,12,calme,657845.9853646694
135,6,6,0,0,16,centre,604400.2638904545
94,2,6,1,1,57,centre,403281.1067197174
132,5,8,1,1,26,calme,573343.8248769857
219,1,4,1,0,16,populaire,751857.3996007339
183,4,3,0,0,37,luxe,791897.3784279409
185,7,7,0,0,13,populaire,678948.7767931407
123,3,13,0,0,13,luxe,634593.4095931068
103,1,3,1,0,11,luxe,563571.0538477891
246,7,3,0,0,68,calme,910255.9643577916
131,6,11,1,1,67,calme,608749.3694973182
236,1,13,1,1,54,populaire,825356.3602664855
118,5,11,1,1,62,luxe,632181.6421016685
172,2,1,1,0,28,populaire,568207.6036128092
112,4,12,1,1,44,centre,523547.0167980426
165,6,14,0,0,3,calme,693188.0205270593
147,6,0,0,0,15,calme,562820.3700725363
129,3,3,0,1,65,luxe,569446.9407296756
101,1,6,0,0,22,calme,404220.66917448415
213,3,11,0,1,67,populaire,769017.309530623
73,2,8,0,1,19,luxe,459345.29801759584
182,7,8,1,1,16,luxe,902086.6735734221
227,2,11,0,0,51,centre,839765.3916973172
208,7,9,1,0,5,populaire,820565.4460126655
188,3,14,1,0,38,luxe,824024.4222796946
247,4,0,1,1,33,calme,911330.1492888978
180,2,4,1,0,53,calme,633024.8113756013
87,3,6,1,1,64,luxe,463898.36443256453
52,1,12,0,0,28,calme,211801.1686330799
161,3,6,0,1,40,luxe,744127.4571663685
40,3,9,0,1,62,luxe,284666.49179653707
67,5,5,1,0,31,luxe,436835.45977595303
167,2,10,0,0,65,calme,590167.9590656332
147,4,9,0,1,44,calme,587046.2169688686
155,4,3,1,1,16,populaire,558072.1511685184
154,5,2,1,0,42,centre,689056.8492559453
214,7,11,0,1,65,calme,787082.3298510775
164,6,12,1,0,67,luxe,830683.6712906195
147,7,8,1,0,33,calme,636714.7475517546
52,4,14,1,1,0,calme,278119.28418049024
195,3,11,0,0,22,luxe,865468.9451713403
223,5,12,1,1,5,populaire,871171.2294923458
206,1,9,1,0,15,luxe,943778.7013063686
134,2,3,1,1,1,populaire,468533.9023954096
233,2,7,1,0,75,calme,789069.6758328768
138,2,12,1,0,26,luxe,676344.580841769
41,3,0,0,1,18,calme,221298.90776347605
177,1,6,0,0,27,luxe,808517.3516861429
57,5,11,1,1,34,calme,282555.16453850304
249,5,5,1,1,67,calme,907094.3404541373
128,2,12,0,1,48,calme,560105.2217665242
70,1,11,0,1,6,luxe,439632.9910279408
201,1,0,1,1,36,populaire,670136.2917779882
27,1,14,1,0,24,calme,184672.16998339
46,4,3,0,0,40,luxe,255475.12541592447
46,4,11,1,0,61,luxe,338348.58390272065
245,2,14,1,0,40,calme,901541.6677637191
40,1,13,0,0,13,calme,187936.60104427658
49,6,4,0,0,53,populaire,205361.06667573025
116,1,10,0,0,1,calme,487875.4153730097
47,5,7,0,1,78,populaire,116667.45867486854
130,5,14,1,1,47,centre,602543.9940275273
211,2,3,1,1,50,luxe,903010.0240939397
244,6,2,1,0,54,populaire,851136.1048542374
216,1,1,1,1,11,calme,803191.8752616323
80,7,3,0,0,68,populaire,274803.85959930334
67,6,10,0,0,0,calme,375524.0759193867
166,2,9,1,0,58,populaire,569611.8168649289
23,5,13,1,1,72,luxe,248115.02006784792
54,7,12,1,1,33,populaire,260267.12040396716
211,5,3,0,1,45,centre,783256.5533614447
68,4,12,0,0,58,luxe,441950.3652132988
36,2,9,0,0,65,populaire,60951.21960409636
191,2,4,1,0,18,centre,757894.6915869028
239,1,12,1,0,27,centre,899064.7844018519
177,1,6,1,1,39,populaire,643327.344490386
240,4,8,0,1,56,luxe,1040842.2714666226
65,7,1,1,1,50,populaire,247408.73685364923
136,3,4,0,1,21,luxe,628865.1297900361
25,6,10,1,0,67,luxe,266113.8734125333
118,3,9,1,0,7,populaire,439119.5188548219
143,3,8,0,1,59,centre,609829.409322791
56,2,11,0,0,64,luxe,320061.3445180157
43,6,13,1,0,35,calme,250424.35238921386
112,2,12,0,1,70,calme,446113.3203827268
65,6,2,0,1,28,centre,316220.2422135346
200,5,0,0,0,64,centre,756661.9341068484
114,2,1,0,1,55,populaire,371765.2203421762
118,2,13,0,1,3,luxe,613166.2798246559
207,2,5,1,1,71,populaire,706921.7848652414
244,7,4,1,1,49,calme,964648.1149401326
135,4,0,1,1,38,calme,575873.0001651413
210,2,0,1,1,34,luxe,897769.4121907551
232,1,10,0,1,24,luxe,927018.5688211566
179,1,3,1,1,77,calme,594072.1437197349
234,6,11,0,1,43,populaire,871907.0492975436
180,5,14,1,0,46,luxe,832442.7910955461
86,4,3,1,1,39,populaire,316223.94307525747
147,7,14,0,1,30,luxe,747901.2140029401
37,6,5,1,1,68,centre,227058.89405214926
44,1,5,1,0,73,populaire,76662.77540682972
242,4,9,1,1,42,calme,921588.6067424564
73,4,13,1,1,54,centre,374122.7557367489
77,5,5,1,0,15,populaire,313160.73813174386
86,4,0,1,0,67,luxe,436701.8151301481
123,2,9,1,1,68,calme,465674.89271948783
193,4,8,0,0,41,luxe,861371.183815154
43,5,10,1,0,40,populaire,201572.23520618706
133,6,6,1,0,49,centre,623661.4230035961
51,5,6,1,0,5,populaire,224844.77562222962
194,7,10,1,0,74,calme,734384.9412679338
105,5,6,1,1,52,centre,490590.655955563
170,1,1,1,0,16,calme,629542.7923922422
213,2,1,0,1,56,luxe,881024.1637774941
146,1,5,1,1,66,centre,592210.5806434533
174,6,6,1,1,15,populaire,684194.9307071321
149,3,2,0,0,51,luxe,649655.2919460338
237,6,12,0,1,33,luxe,1069659.638617867
36,2,3,1,0,19,populaire,178293.64485797848
123,4,13,1,1,79,luxe,581269.7909104151
180,5,11,1,1,55,calme,732029.1665536582
156,3,2,0,1,50,populaire,524280.8377289424
62,2,6,0,0,52,luxe,321682.5993690197
195,1,6,1,1,48,centre,749912.096731608
58,5,3,1,0,3,populaire,238806.66379222932
240,6,12,0,0,17,populaire,934197.5624034011
189,1,6,0,0,35,luxe,827094.4604558962
45,2,4,0,1,34,populaire,124702.22711084118
118,2,0,0,1,29,populaire,420337.34840256756
69,6,9,1,1,62,populaire,243376.07439183645
172,3,3,0,1,20,populaire,599210.68259194
171,6,6,0,0,51,populaire,638889.7516292196
32,4,12,1,1,68,populaire,182502.75478298884
79,1,14,0,0,40,calme,257693.05908932333
154,3,1,1,0,53,luxe,683922.9334560802
76,5,1,0,1,29,calme,361228.9511755237
55,7,0,1,1,55,luxe,384263.56964622677
192,4,1,0,0,78,populaire,620218.3600689287
39,3,9,1,0,40,luxe,297331.73797395354
84,7,13,1,1,13,calme,470822.0118050552
27,7,7,0,1,20,luxe,318247.7658974406
163,1,10,1,1,24,populaire,608278.8922441707
161,2,7,1,0,49,populaire,573062.2063530338
223,5,7,0,0,52,populaire,797846.456212908
134,6,14,1,1,47,calme,579480.2357042715
234,1,0,1,0,69,centre,787293.137620493
162,4,0,0,0,47,populaire,554696.1023870888
111,7,11,0,0,3,populaire,414129.91834724654
117,4,9,1,0,23,luxe,623370.2679442689
85,7,3,1,1,30,centre,469980.80151056626
51,2,5,1,0,74,luxe,293281.4205894458
234,2,7,1,1,28,calme,902004.6614272582
210,5,12,1,1,4,centre,963643.8502083014
105,6,1,0,0,66,populaire,382362.833766596
70,5,12,1,1,74,centre,349457.91771546844
172,2,2,0,1,52,populaire,517310.75058020477
205,2,5,0,1,63,calme,791628.3591415363
82,4,9,0,0,34,luxe,413659.88719187386
209,2,3,0,1,11,calme,809236.1498257429
144,3,11,1,0,46,calme,562798.0000347497
169,7,1,1,1,54,populaire,637560.5458622467
77,1,6,1,1,68,luxe,447479.2045604695
77,2,3,0,1,37,calme,320318.13272921793
105,5,7,0,1,28,centre,488358.16354791383
68,6,7,1,0,11,calme,364539.29331739736
199,7,6,0,1,18,populaire,719609.3679145261
189,7,9,1,1,8,centre,835978.6521522615
89,6,8,0,1,28,centre,453152.54596772185
34,6,3,0,0,2,luxe,349292.3856820622
73,7,6,0,0,29,centre,430091.31761860097
207,3,9,0,1,57,centre,847938.3370493929
120,5,9,0,1,52,populaire,463619.06409803487
244,3,14,0,1,3,luxe,1111763.060392025
27,2,11,0,1,56,calme,158174.0005486005
72,1,0,1,0,53,centre,306325.59276164527
79,6,3,1,0,27,calme,340497.1594345412
127,5,1,0,0,15,calme,522454.1838489763
24,6,8,0,1,12,calme,158725.42150165158
122,3,4,1,1,71,luxe,563338.1273767728
215,4,2,0,1,55,calme,803446.1191698451
25,2,3,1,1,52,populaire,78290.14686335342
128,1,5,1,0,47,luxe,567122.4424418807
243,2,9,1,0,24,luxe,977786.6345533441
135,4,0,1,0,65,luxe,595672.9517318226
113,1,6,1,1,29,luxe,565846.5867230123
66,4,7,0,1,2,centre,388676.80660733604
118,2,6,0,1,22,centre,543765.1715981765
74,3,6,1,1,28,calme,338765.67824052024
187,7,8,0,1,40,centre,788956.4287787133
71,2,12,1,0,10,luxe,428305.68000156106
163,2,3,0,1,20,calme,634390.5214593592
32,2,13,0,1,23,populaire,163030.97864505806
133,5,6,0,0,64,centre,512084.87592503265
143,4,8,0,0,0,luxe,647638.8594358676
125,4,14,0,1,53,calme,518776.11219784635
177,6,4,0,0,71,centre,731771.7777642129
166,4,1,0,1,33,luxe,769184.1742369938
164,6,14,0,1,79,calme,613257.1764946737
139,5,4,1,0,67,centre,569342.4838482908
82,3,3,1,1,28,populaire,311666.24404380255
38,6,7,0,1,2,centre,326472.34399893373
111,2,14,0,1,10,luxe,570464.0076410056
77,3,4,0,0,7,luxe,497707.2376609289
202,7,8,1,0,61,populaire,714612.6908996915
109,5,8,0,0,32,populaire,375719.98132878816
248,4,2,0,0,7,calme,953645.456792406
237,6,12,1,1,24,calme,922686.1699375077
136,2,9,1,0,25,luxe,715719.0975356055
81,1,14,1,1,25,centre,425478.62212738756
42,7,5,0,0,16,populaire,182651.42464864405
146,1,5,1,0,28,calme,528438.6429130875
156,3,3,0,1,42,luxe,704334.1635109036
159,4,10,1,0,72,luxe,738660.4364112348
148,1,12,0,0,77,luxe,613524.1979296014
77,3,9,0,1,4,populaire,290849.8563200456
141,5,2,0,0,49,populaire,499629.11102361244
20,3,0,1,1,55,populaire,28517.207424722415
53,7,11,0,0,62,centre,302520.0919206797
115,3,6,0,1,56,populaire,400857.9305603842
145,7,14,0,0,44,luxe,723018.5369081704
137,3,14,1,1,36,populaire,529442.3508052888
67,2,4,0,0,71,centre,242983.62131742993
108,3,13,0,1,78,centre,450367.3813443558
136,6,9,0,0,35,luxe,661452.6704222956
148,3,14,0,0,32,calme,588125.3565675577
35,2,6,1,0,5,populaire,90523.06277440523
208,2,0,0,1,75,populaire,631026.4245406636
211,5,7,1,1,70,centre,912312.9915040509
210,7,2,1,0,44,centre,881764.5595126598
88,4,6,0,0,6,calme,387615.0866574038
41,1,11,1,0,64,centre,208779.54808236178
112,1,2,1,0,23,centre,538540.4515621689
214,3,13,1,0,44,centre,799778.7979644843
95,5,2,0,0,60,centre,409920.5848958625
173,3,9,1,0,18,calme,680254.0554548677
163,1,8,1,0,31,populaire,597778.2829306693
198,7,12,0,0,29,populaire,755214.5687670612
248,7,1,0,0,64,populaire,920924.0273943179
105,7,13,1,1,31,populaire,471928.1910890384
204,2,3,1,1,56,populaire,685729.1912882746
48,4,5,1,0,19,luxe,356938.58080454054
225,5,13,0,0,29,luxe,1005045.3343923908
239,2,2,1,0,58,centre,941084.7413462995
88,4,11,0,1,61,luxe,457746.69367238105
66,5,9,1,1,66,populaire,255679.73255916024
113,5,13,1,0,30,centre,477718.3397817494
209,1,9,0,0,65,populaire,665707.4004575969
216,2,6,1,0,53,populaire,781767.9807281229
223,5,6,0,1,9,centre,979064.2165972566
163,6,14,1,1,37,populaire,658979.440554447
237,7,4,0,1,30,luxe,1100874.1098490425
237,5,2,0,1,28,centre,947651.8404090131
195,4,1,1,0,24,calme,753537.9827105
104,1,14,0,0,31,calme,402609.98097988986
58,3,14,1,0,16,calme,319636.7802200238
119,7,3,0,0,44,populaire,516092.0829737502
52,1,13,0,0,48,populaire,161000.35683495668
241,3,14,0,1,17,populaire,850269.0223511163
120,2,12,1,0,74,populaire,351907.9119579883
42,2,3,0,0,51,centre,175866.69554897852
29,5,10,0,1,19,calme,188149.48350668701
88,6,7,0,0,61,luxe,443979.4259761756
119,2,7,1,0,12,centre,540069.88380741
53,5,12,1,0,42,calme,229702.64535234246
199,7,4,0,1,20,calme,829198.5687829653
242,1,12,0,0,5,centre,985638.6752520216
157,2,5,1,1,70,centre,605868.7719430575
166,1,7,0,1,52,centre,663341.959791103
205,1,14,0,1,51,luxe,894467.326753421
115,6,0,0,1,68,calme,480850.28100866283
20,2,4,0,0,8,luxe,243306.0146629438
88,1,3,0,1,73,luxe,392567.40711997385
23,6,3,0,0,45,luxe,254733.06637286826
35,6,10,1,1,74,luxe,308803.6722925231
43,2,1,0,0,70,luxe,256695.33702861296
99,6,9,0,0,29,centre,445755.9453627338
21,2,0,1,0,42,luxe,170961.19980404794
239,2,13,1,0,58,populaire,759019.5235635985
147,3,14,1,0,37,centre,577880.7517416703
179,1,5,1,0,33,calme,613827.5823232699
238,4,6,0,0,45,calme,910738.804372163
103,2,4,1,0,31,centre,460033.826796366
171,1,14,0,0,15,luxe,772696.4102488912
159,7,7,1,0,38,centre,687216.8343072174
197,6,8,1,1,0,calme,783099.4563995943
182,5,10,1,0,56,calme,717550.170358873
143,2,10,0,0,19,centre,608291.9520685787
52,6,1,1,0,41,populaire,199374.57781996715
180,6,10,1,1,71,populaire,630958.024617926
208,6,12,1,1,33,populaire,773235.3407932831
198,6,3,0,0,49,calme,765693.5519389849
190,6,10,0,0,10,populaire,691976.5862218913
120,2,8,1,1,42,populaire,460886.81305598497
31,7,4,0,0,9,centre,305485.7893723446
86,4,2,1,0,7,luxe,536566.4921460816
84,3,5,0,1,71,luxe,435858.31505771825
180,6,14,1,1,18,centre,812209.7054106522
187,6,2,0,0,64,luxe,807450.4486637554
93,3,13,1,0,54,populaire,342882.8345864739
62,7,4,0,0,51,calme,327647.53061130224
63,7,2,0,1,2,populaire,309096.2855157895
48,2,5,1,0,52,centre,190029.32828739384
160,1,11,1,0,43,luxe,686172.491553413
31,5,9,0,1,47,centre,224962.85524445446
114,5,4,1,0,53,centre,528584.5445867894
65,1,13,1,0,15,populaire,312249.03107965074
149,2,8,1,0,29,luxe,695665.0072007147
54,5,2,1,0,27,calme,291041.1365173403
234,7,5,0,1,15,populaire,837571.3883718548
100,3,7,1,1,50,centre,437893.75813473575
109,1,6,0,1,32,centre,482163.86307103554
27,7,5,0,0,24,luxe,238927.93195881235
112,4,13,1,0,17,centre,543389.0802040708
173,2,14,1,0,25,centre,712134.8241278956
221,1,1,0,0,5,populaire,761861.7565507255
109,5,14,1,1,37,luxe,586051.8582874765
181,2,6,1,0,43,populaire,633196.9643503377
134,3,7,0,0,66,calme,518752.382148769
124,2,0,0,0,42,centre,514370.36140505597
154,2,14,0,1,5,populaire,603460.2592107783
215,3,8,1,0,77,populaire,733574.2773987129
77,6,3,1,0,63,luxe,436981.2593671723
133,3,7,0,0,79,centre,497360.84446593357
94,7,14,0,0,12,populaire,422716.4302364602
176,2,9,1,0,64,centre,658458.1059658503
139,3,6,1,1,37,calme,581522.7087676775
183,6,13,1,0,63,centre,772722.6637853528
236,7,12,0,0,13,centre,955502.1717768841
40,1,9,1,0,16,populaire,118676.71852967361
183,3,6,1,0,76,luxe,786810.2713556931
157,3,1,0,0,12,luxe,725826.5595354113
120,2,0,1,1,72,luxe,563780.7441485577
220,7,3,0,0,5,calme,874546.3891287365
171,1,11,1,1,5,calme,746468.1822090198
211,4,1,0,1,36,populaire,762169.7862243825
246,4,7,0,0,56,luxe,1049340.985944209
196,5,9,0,0,52,calme,734097.9109262872
118,3,6,1,1,45,luxe,624959.988971478
55,3,7,1,0,77,luxe,315040.555947501
229,1,10,1,1,3,calme,893624.1960470836
115,6,5,1,1,33,luxe,587812.9415094312
171,4,0,0,0,65,centre,667146.6953010932
170,5,13,1,0,62,populaire,573289.7564372967
209,1,12,1,1,60,calme,762000.8407256562
243,3,12,0,0,41,calme,862887.9095041449
56,4,11,0,1,77,luxe,294099.0791127411
31,7,8,0,1,63,calme,189013.1846911879
132,5,5,0,0,16,centre,564586.6370461177
202,2,11,1,1,60,luxe,883909.3980997889
32,4,12,0,1,29,centre,245459.5250297758
42,5,9,1,1,42,populaire,219355.1921197118
236,1,0,1,1,6,populaire,902790.2162696488
118,2,0,0,1,72,centre,495454.7257789052
124,5,7,0,1,45,luxe,623901.1977055753
49,5,5,0,0,22,populaire,209686.98570690962
36,3,7,0,1,35,luxe,344392.1919623166
132,6,7,0,1,13,luxe,677905.254899534
81,4,14,1,0,19,populaire,354351.995422481
103,3,10,0,0,55,populaire,374691.16025521606
131,7,13,1,0,31,centre,620970.7360080744
236,2,7,0,1,24,luxe,1020060.1485618612
105,6,9,1,0,48,centre,553873.7330871694
160,5,14,1,1,56,calme,638249.0660703781
206,3,6,1,1,26,calme,803925.0881674495
38,6,6,0,1,26,calme,255679.21424525365
196,7,9,0,1,45,calme,762417.9797549918
119,4,3,0,0,44,populaire,396293.0779282072
159,7,8,1,1,25,populaire,595934.5991236755
208,2,11,1,1,13,centre,815210.7500591297
166,1,1,0,1,47,populaire,553210.1937392693
95,3,10,0,1,14,populaire,328502.3818525083
28,2,8,1,1,50,populaire,71352.46959512317
218,1,9,1,1,53,calme,843715.5805031151
47,3,2,0,0,10,centre,273593.49302979815
225,2,13,0,0,74,luxe,908391.0587504028
242,7,12,0,1,27,luxe,1072835.2380989755
147,2,14,1,1,54,luxe,739661.2599426233
71,6,1,1,1,68,calme,384653.45379259705
102,7,12,0,1,71,populaire,398195.7485835245
130,3,3,0,1,25,populaire,387023.5306171068
163,2,4,0,0,69,luxe,678463.9182312718
136,5,1,0,1,31,luxe,635304.0477947226
88,3,12,0,0,47,centre,381532.3337784882
118,2,14,1,0,11,calme,519432.38560084073
159,6,0,0,0,69,populaire,530672.2940902953
44,1,9,1,0,76,luxe,229890.67749946075
199,1,10,1,0,60,luxe,810732.9569501348
142,5,4,1,1,33,centre,671443.8953551982
232,3,8,1,1,44,populaire,876680.516978316
247,6,14,1,1,59,populaire,949449.8652253972
72,2,11,1,1,64,centre,304468.9718602037
170,2,11,1,0,70,centre,651444.051392603
163,1,14,1,0,12,populaire,569672.6784822962
76,6,4,0,1,77,centre,376999.5262384609
58,7,11,0,0,47,luxe,389168.02213943243
128,5,10,0,1,48,populaire,439573.0583631405
200,1,9,0,0,57,calme,755380.5051981834
61,1,8,0,0,72,populaire,130154.82295570534
205,5,13,1,0,69,centre,849833.7698713306
186,3,12,1,0,60,calme,681695.0740161597
161,2,11,1,1,25,luxe,789116.7703664963
242,3,9,1,0,38,luxe,1012294.4737775524
141,6,5,1,1,57,luxe,660311.2999499099
152,7,2,0,1,26,centre,714549.617825158
182,4,3,0,0,39,populaire,602775.3546785738
234,4,3,1,1,30,centre,953287.001613373
240,4,0,0,1,2,populaire,839020.739656534
94,5,2,0,1,14,centre,427656.4781574193
165,1,2,0,1,53,luxe,754653.0449432128
95,7,12,0,0,69,centre,441693.6626405141
28,3,13,0,0,10,populaire,120826.74430335047
93,2,0,1,0,29,luxe,468820.3963368082
205,4,12,0,0,34,luxe,874159.1887273537
164,3,8,0,1,42,calme,655490.6982072099
249,4,10,1,1,60,populaire,929112.0728499226
26,7,0,1,0,39,calme,201525.8749458434
193,4,8,1,0,41,calme,763820.5804399744
160,2,0,1,1,41,calme,604583.8905536162
187,6,1,1,0,2,luxe,898550.134296325
189,6,1,1,1,77,calme,779968.8772555769
156,7,13,1,0,20,populaire,609021.9463475381
197,6,5,1,1,72,populaire,713273.6364019344
46,5,6,0,1,76,calme,247807.17899409536
141,1,10,1,0,52,calme,585008.2791070436
213,5,0,1,0,43,calme,811694.656657225
24,3,2,0,0,45,calme,138446.47406535293
48,5,1,1,1,36,calme,251375.12454930344
184,3,7,1,0,37,calme,715732.4579886171
185,3,8,1,0,37,centre,744206.2853814528
102,1,12,1,0,10,luxe,581247.874300952
155,2,1,0,0,44,luxe,720790.6925677168
128,7,1,0,0,63,luxe,570810.4737762617
84,1,9,1,1,43,calme,350850.66822809505
105,7,14,0,0,61,centre,468266.61260343035
164,6,8,0,0,60,luxe,730432.229063729
90,6,13,0,0,11,populaire,362742.704410424
236,5,3,0,0,8,luxe,997960.7194670693
64,3,4,0,1,66,luxe,374378.71397338895
151,4,12,0,1,73,luxe,654540.6277929202
55,4,10,1,0,1,luxe,442984.6683407756
89,7,8,1,0,7,populaire,394313.9691946514
178,3,5,0,0,42,calme,629165.3361989254
38,7,9,0,1,17,populaire,170578.71198794752
208,1,11,0,1,51,populaire,732459.5924429229
127,2,8,1,0,38,calme,476386.2022720003
201,1,8,1,1,30,populaire,760920.1186945802
186,3,6,1,1,13,populaire,631296.6165728209
110,3,13,1,1,63,luxe,531435.9567539993
221,2,11,1,1,43,luxe,945968.1602649881
109,7,9,1,1,59,calme,484562.0664688887
38,5,8,0,1,1,luxe,387903.34486589284
58,5,4,1,0,31,calme,278942.5896328775
145,2,4,1,1,35,calme,565863.7191649472
214,5,11,1,0,54,centre,841808.8680167526
192,4,7,0,1,62,calme,700262.6808668533
160,5,9,1,0,68,populaire,533612.7148497963
239,5,3,0,1,79,calme,871165.6494982035
145,5,8,0,0,39,centre,559112.684431316
77,4,6,1,0,23,populaire,309600.1121607244
167,7,6,1,1,57,centre,726581.3385306156
239,5,12,1,0,27,luxe,1044978.1912062796
219,6,14,0,0,61,populaire,807633.4187657293
80,4,2,1,1,24,calme,392847.80494784436
146,2,3,0,0,6,centre,614828.6213694026
124,1,6,0,1,37,calme,498607.7157081582
186,2,10,1,0,70,luxe,767321.0953956428
20,1,10,1,0,44,populaire,68803.30122527086
150,2,13,1,1,31,calme,639629.1737959031
224,6,4,0,0,31,luxe,897587.4516295169
111,1,11,1,0,0,calme,528597.68330554
209,1,2,0,1,73,populaire,682522.8292840513
210,3,0,1,1,44,luxe,924318.176014027
132,1,6,0,1,63,luxe,623490.288917193
172,1,5,1,0,67,centre,645896.7823710267
75,3,9,1,0,6,populaire,287013.71245719487
180,5,14,0,1,37,luxe,849992.9811067291
185,5,6,0,0,69,populaire,703281.1231707418
136,3,14,1,0,52,calme,533982.9621653834
153,4,13,0,0,74,populaire,488278.41389738116
77,1,1,0,0,72,centre,329763.276190343
63,1,12,0,0,29,populaire,142890.61204504268
192,3,11,0,1,21,populaire,699720.6762352905
179,3,3,1,1,57,calme,661424.9360288661
192,4,1,0,0,72,centre,740866.7350162413
80,6,7,1,0,54,calme,359086.81687842414
66,5,6,1,0,45,luxe,379994.07451831957
168,2,0,1,1,25,calme,677414.4957741675
99,6,1,0,1,63,centre,420881.6398026556
137,7,1,1,1,79,centre,586077.8912832814
232,5,3,1,1,8,populaire,862185.7125690791
222,1,2,1,1,14,centre,916437.366714527
248,7,0,1,0,18,calme,961234.9521380132
183,6,11,1,0,15,centre,709765.7876204809
246,3,13,0,0,24,luxe,1009543.0021564787
166,4,1,1,0,50,centre,669895.2996150466
39,5,10,0,1,76,centre,210711.75543624227
204,4,8,1,0,45,calme,815765.3830235708
165,7,12,1,0,6,populaire,629874.6332282304
66,5,0,0,0,33,populaire,245301.14636649436
68,6,8,0,0,57,calme,321237.46000816714
33,1,6,1,1,77,populaire,80784.73275649232
162,2,1,1,1,22,luxe,764270.2927357623
178,4,1,1,0,22,luxe,803955.2918736519
20,4,4,1,0,16,populaire,105265.82770516182
136,2,12,1,0,12,calme,548417.7791577855
73,4,4,0,0,26,calme,324289.1292533683
137,4,3,1,1,65,populaire,466866.0575076104
22,5,11,1,1,29,centre,226357.8102345289
163,5,9,0,0,3,populaire,595547.9879300975
234,2,9,0,0,66,luxe,934492.1559650295
204,7,12,1,1,13,luxe,1025263.0218660838
222,1,11,0,1,10,centre,891759.0447266268
31,6,2,0,0,39,luxe,311700.23742979835
93,6,3,0,0,2,calme,445215.09276461584
243,7,9,1,0,0,centre,1040908.577581675
35,4,3,1,1,8,centre,284076.60822112596
219,1,1,1,1,72,centre,822131.8035685311
121,2,4,0,1,75,calme,419038.8322500439
223,7,14,1,1,0,luxe,1115041.9285966014
171,2,4,1,1,15,populaire,658239.0735189291
175,5,4,0,0,71,luxe,750792.9882913413
136,4,10,1,0,45,populaire,488073.3400285387
27,3,14,0,0,9,centre,240476.01472913567
141,2,10,0,0,32,populaire,449757.4536371968
111,7,9,0,1,40,luxe,583016.5640875695
183,4,0,0,0,50,calme,614194.0894487841
109,1,5,1,1,21,luxe,559154.5597742044
155,7,10,1,1,15,calme,728245.7868303927
205,5,1,1,0,74,calme,742039.508388816
79,6,6,0,0,61,calme,393223.4020850652
197,1,3,1,0,52,populaire,635431.5327805533
47,2,14,1,0,74,centre,238839.5482446931
239,2,4,0,0,13,centre,923150.450382045
120,1,4,0,0,58,centre,392830.06496067
60,2,4,1,1,25,calme,279742.1122484123
247,7,1,0,1,43,populaire,868262.9133813723
211,4,4,1,1,19,populaire,789537.5623952852
174,2,2,0,0,4,populaire,647274.6700068838
210,5,3,0,1,64,luxe,886414.9034764593
164,4,12,1,0,10,populaire,634141.0914178588
220,7,1,0,0,46,populaire,769598.4282149648
180,3,3,0,1,9,populaire,683922.8303237782
231,2,12,0,1,60,centre,960919.0598142679
224,2,8,1,0,44,calme,875548.9126918878
239,5,7,1,0,46,luxe,1001012.3430369224
176,7,12,1,1,33,centre,833430.1901010952
160,5,13,0,1,12,populaire,633006.8352624301
65,6,14,0,1,22,calme,390453.0859241685
54,7,10,0,1,35,calme,273210.2008677858
153,1,11,0,1,62,calme,562840.11870489
101,1,2,1,1,75,calme,372859.40760548157
134,1,0,1,0,46,populaire,426382.5414019682
216,5,0,0,1,65,luxe,919695.3885717916
66,1,5,1,0,79,populaire,163702.781661167
172,7,2,1,0,13,calme,707307.2919523868
213,1,3,1,1,52,populaire,710779.8357434677
29,3,0,0,1,65,calme,101938.90809420313
75,1,7,1,1,48,populaire,262749.9877898596
49,2,0,1,0,15,luxe,337224.61570656754
128,6,4,1,0,67,calme,487813.61125758546
24,5,5,1,1,42,populaire,72036.6854499463
138,4,14,1,1,76,centre,606156.0843600481
52,6,1,0,0,64,luxe,350270.0163712951
137,3,6,1,0,8,centre,580371.4118284985
84,5,6,1,1,20,populaire,354090.809919681
165,7,0,0,1,42,luxe,759145.7182556886
243,5,3,1,1,65,luxe,1048048.5201114042
196,2,11,0,0,3,luxe,860129.0200620969
30,7,12,0,0,6,populaire,158254.78373227184
104,6,3,0,1,57,luxe,546930.4122489635
45,6,4,0,1,3,luxe,379897.82242612715
82,1,0,1,1,19,centre,378342.10659866396
236,7,0,1,0,34,populaire,838557.9983425543
105,2,6,0,0,58,calme,368231.21762042126
78,1,8,1,0,44,populaire,238751.76453082962
46,1,0,0,1,13,populaire,158386.04306011501
196,5,1,1,1,21,luxe,897141.353245935
224,6,5,1,1,47,centre,936837.1509458523
180,1,14,0,0,29,centre,684396.634359479
117,3,14,1,0,28,populaire,497176.06618297356
124,3,5,0,0,35,calme,479664.38762112183
118,6,1,1,1,41,populaire,478139.3355298125
148,3,8,1,1,28,calme,625488.5859037495
168,5,3,1,0,6,calme,696620.280935951
74,2,12,0,1,31,populaire,285535.5836762733
25,4,6,0,1,12,luxe,307688.90038326284
239,1,5,0,0,12,luxe,989229.2559276978
228,4,10,1,0,53,calme,931812.2006405987
216,2,12,0,0,13,centre,900442.2535954835
114,2,10,0,0,5,luxe,536172.7611700237
152,5,2,0,0,15,luxe,752527.379876257
121,3,7,1,1,40,calme,504624.4459902904
22,3,6,1,0,51,calme,172099.16656734562
200,2,8,1,1,15,calme,786209.6211018085
42,5,2,1,1,4,luxe,311932.52693028765
248,5,0,0,0,23,luxe,1034463.2968351371
72,6,1,1,0,42,centre,318937.6217188451
184,7,11,0,1,64,centre,751578.2069792083
221,1,10,1,1,9,populaire,792377.1954157712
221,7,14,0,1,58,calme,884830.6382952123
102,3,11,0,0,34,luxe,532645.6355071045
164,2,0,1,1,30,centre,698201.4935761904
104,6,10,0,0,78,calme,422639.0645074731
97,4,4,0,0,10,calme,475740.46232243034
220,3,14,0,1,8,populaire,820047.8462901907
129,1,9,0,0,65,calme,469926.02307213366
20,5,13,1,1,43,centre,244538.9200948328
70,2,1,1,1,15,populaire,247624.0439086216
192,3,2,0,0,47,luxe,771075.9301882016
224,4,7,1,0,52,populaire,792052.4526166368
23,1,14,0,1,64,calme,102514.29875691357
209,1,9,0,0,47,calme,775906.4748017761
212,6,13,1,0,69,centre,876030.8620691854
132,3,4,0,1,45,calme,544673.2584959422
51,4,3,1,0,74,luxe,291924.34142809716
53,1,4,0,1,32,centre,254266.7697872699
111,2,9,1,1,51,calme,453709.57093298546
114,1,5,1,0,54,luxe,524655.5436374816
91,4,11,0,1,50,centre,444197.3398851685
58,5,6,1,0,39,calme,321804.6362411217
173,5,13,0,1,24,luxe,824508.0183798915
181,6,12,1,0,62,luxe,779833.0904196443
201,3,8,0,1,21,populaire,669894.8469582447
137,4,0,1,1,37,centre,558739.2152228326
22,6,3,1,0,8,populaire,90251.22806390269
142,7,11,1,0,36,luxe,738016.9284359458
69,1,11,0,0,4,populaire,248061.5718340851
31,7,8,1,0,21,populaire,170742.37754260545
212,1,4,0,0,11,populaire,750649.2753685438
73,5,7,1,0,59,centre,396387.75697679375
152,6,11,1,0,43,calme,620156.6123381288
241,5,0,0,0,21,populaire,874782.0984224234
241,2,3,1,0,5,calme,930065.6917302246
76,7,11,0,1,26,centre,385279.49710420653
164,7,13,0,0,54,calme,611470.3403910663
131,5,11,0,1,14,centre,606305.5361102935
66,2,8,0,0,63,calme,249907.3339830385
170,1,12,0,0,16,centre,707417.4598283841
226,6,0,1,1,2,luxe,1028069.7024689113
248,2,0,0,1,9,centre,928113.6217057192
104,6,3,1,0,62,calme,411965.0213815751
161,7,13,0,1,62,populaire,542372.8088376665
85,6,2,0,0,61,luxe,444359.6964105515
94,7,6,1,1,8,populaire,434814.8815552264
198,2,10,1,0,23,calme,777865.6864812961
122,7,2,0,1,31,populaire,454932.55715629907
185,3,0,0,0,2,populaire,667635.3505289124
211,7,11,1,1,32,centre,879905.7764560309
245,5,14,1,0,42,calme,929244.8454172764
57,2,10,0,1,11,populaire,178797.2434081285
69,1,9,0,0,31,populaire,202559.55984830557
117,6,1,0,0,19,populaire,409240.4685117051
101,4,9,1,0,66,calme,388234.1865077972
49,2,12,0,1,67,luxe,310347.8864380365
98,5,3,1,1,16,populaire,405480.96874202904
110,7,0,1,1,18,populaire,393092.83252178185
198,6,0,0,1,3,luxe,894202.2635264896
210,3,11,0,1,16,luxe,970352.395564615
245,1,13,1,0,63,luxe,1025368.8416770666
71,3,7,0,1,21,populaire,273171.4341999406
185,4,6,0,0,65,centre,716817.7162935035
244,2,13,1,0,41,calme,880182.5348717461
235,6,7,0,0,75,populaire,790297.7968684856
98,2,12,1,0,44,luxe,532663.3882834004
49,5,3,1,0,10,luxe,345164.88748961507
125,2,5,0,1,52,luxe,589840.4854196968
70,1,14,1,0,59,luxe,405707.1698462719
100,4,12,1,1,28,centre,502420.9338364325
152,3,2,0,0,19,calme,582535.444338516
48,4,10,1,0,4,centre,314226.91464383056
151,6,12,0,1,24,centre,703517.3511157851
157,2,7,1,1,33,calme,631337.8387738842
203,6,3,1,0,11,populaire,775334.3145364339
164,3,2,1,0,27,populaire,564994.781398698
93,6,3,1,0,5,centre,471876.4249115516
36,5,5,1,1,18,calme,259467.38369132107
103,4,10,1,1,11,luxe,567743.7691387325
235,3,6,1,0,24,calme,861639.3498036247
88,3,6,0,1,12,populaire,406184.7154195976
53,7,13,1,1,75,centre,334181.35506436904
25,3,14,0,1,2,luxe,306130.76440409676
72,7,11,1,1,23,populaire,315161.0310538163
213,1,3,1,1,7,luxe,911933.1708869815
224,7,7,0,1,44,calme,882555.3014931878
145,4,6,0,1,71,calme,545638.044025227
62,6,1,0,0,0,populaire,272163.10213111254
222,7,12,1,1,2,populaire,845023.5207745972
134,3,7,0,1,64,luxe,581246.1815782154
130,4,8,1,0,14,luxe,669800.6994241015
170,7,4,1,1,49,calme,710594.8756375966
202,7,14,0,1,19,centre,913110.0156134185
99,3,3,1,1,2,luxe,615348.8476710626
114,5,3,0,1,60,calme,446919.79846059094
222,5,12,0,0,14,centre,937126.7568771478
137,7,3,0,1,58,populaire,466281.43293248786
163,5,5,0,0,53,populaire,479932.89654034085
27,2,10,1,1,59,luxe,231123.64415471698
151,3,3,1,1,36,centre,629125.3612281939
123,2,6,0,1,20,calme,567017.988054926
151,4,6,0,1,22,luxe,678609.5538907935
203,2,4,1,0,17,calme,798732.0937834582
44,4,12,1,0,16,centre,279254.1089896651
214,7,4,0,0,30,luxe,961929.89854077
115,4,14,1,0,63,centre,503769.17655926384
214,4,9,1,0,47,centre,827558.1115266382
174,6,7,1,1,25,centre,803734.0591433675
112,2,6,1,0,21,calme,471462.1346658699
179,6,13,0,0,44,populaire,648061.8103939814
197,7,6,1,1,35,luxe,930312.4719193974
80,3,5,0,0,63,calme,284264.5920226633
141,2,6,0,1,34,centre,533514.0855182383
70,3,6,0,0,74,calme,256363.17204304674
166,3,9,1,1,26,centre,784799.1940669402
40,4,13,1,0,67,centre,259358.570173352
24,2,1,0,1,16,centre,198794.64169334172
229,3,13,1,0,69,centre,895063.0611906248
111,5,9,0,0,10,calme,486464.4495843106
189,3,1,0,1,4,centre,722286.4310162407
80,5,13,1,1,57,calme,342452.95802507305
41,2,9,1,1,56,calme,198594.11137557292
168,7,6,1,0,73,populaire,619700.9163942167
89,6,13,0,1,79,calme,433422.14568450954
20,2,9,0,0,73,populaire,-17286.20162257613
152,6,6,1,1,73,populaire,565694.1404834265
31,6,6,0,0,13,populaire,80594.71697927854
109,2,4,0,1,71,calme,388557.5419849712
65,3,0,0,1,0,populaire,256657.06011415133
53,1,13,1,0,15,luxe,422058.613846452
196,3,1,1,1,25,centre,783515.3308070953
97,3,12,1,1,48,calme,410057.2841485488
237,7,8,0,1,41,centre,1004270.675265456
64,4,7,1,0,69,calme,241996.50949610217
174,4,7,0,0,65,populaire,562123.8306866479
92,3,9,0,1,52,luxe,444756.3194004131
45,5,0,0,1,8,populaire,218198.920271416
66,7,5,1,0,68,calme,255010.43847071653
140,6,14,0,0,39,populaire,550570.8738545647
233,4,14,1,1,55,luxe,976054.1733546796
75,3,8,0,0,4,centre,361779.98759741714
113,7,14,1,1,55,centre,518327.6651287068
126,1,7,1,1,71,populaire,400512.5259219999
82,5,2,1,0,4,calme,424298.09311499435
67,2,3,1,0,68,calme,226544.44919293554
80,3,14,1,0,51,centre,352584.3903265292
100,7,2,1,0,72,luxe,516470.3108878737
45,3,5,1,0,32,populaire,158510.13828232465
55,6,13,1,0,21,populaire,272850.76740001194
20,5,8,0,0,14,centre,162546.3604047263
27,4,14,0,0,64,calme,145639.28483456618
132,4,7,0,1,70,populaire,483196.2532684355
118,4,14,0,1,22,calme,488552.44096596475
199,2,14,0,0,5,calme,785217.1768084731
226,7,12,1,1,57,centre,912488.0987795248
66,5,9,1,1,25,calme,381857.7652373689
146,5,3,1,1,11,luxe,791766.3550169796
75,4,14,1,1,76,luxe,403778.02139916766
233,4,1,1,1,76,centre,905248.1146333569
33,6,12,0,0,1,populaire,189214.5687218688
237,1,7,0,0,31,calme,866505.1546664931
47,1,7,1,0,49,luxe,297709.1569360666
234,3,13,0,0,60,centre,877860.9363697995
97,3,11,0,0,10,centre,414531.77846141346
235,5,10,1,0,67,calme,875631.6937632338
149,5,5,1,1,33,centre,689424.4762312085
128,2,13,0,0,79,populaire,428108.28709428187
173,2,7,0,1,7,calme,697889.3555652463
33,1,8,1,0,7,populaire,99844.60673543993
206,3,12,0,1,14,luxe,892584.7692281484
75,1,0,1,1,4,luxe,434954.5638584781
134,1,8,0,0,18,luxe,569696.9921114746
26,3,1,0,0,73,luxe,124311.32504429358
22,7,13,1,0,8,centre,219646.70380438247
130,2,12,0,0,56,populaire,432357.1943319489
170,6,0,1,1,53,centre,667845.5136313722
126,6,7,0,0,28,centre,576867.1702173904
37,6,7,0,0,18,luxe,310692.0259513433
57,3,10,1,1,76,populaire,224583.5918712605
246,4,3,0,1,45,calme,903975.1547532387
134,4,7,1,0,79,calme,485143.10686757043
34,4,6,1,0,61,calme,142490.5337174196
211,5,12,0,1,59,populaire,731617.0891366734
236,2,1,1,0,4,luxe,1011637.1824571849
138,2,4,1,1,32,luxe,672605.715209261
248,7,13,1,1,54,populaire,923628.4595088741
47,7,9,0,0,18,luxe,346305.62469667493
221,5,3,1,1,16,populaire,840702.3891679224
58,1,2,1,0,41,populaire,134702.0127169692
204,7,0,0,0,21,calme,770364.0558913049
36,6,4,1,0,38,calme,193996.93284672007
105,4,9,1,1,79,centre,484754.02587551164
237,6,7,1,0,26,populaire,838341.2916614406
145,4,11,0,0,75,calme,545525.6647631014
63,6,8,0,1,45,calme,234444.8241577227
44,1,6,0,0,27,calme,204166.05223177516
164,6,11,0,0,51,luxe,786356.3154090436
32,6,10,0,0,64,calme,186232.3541892029
231,3,0,0,1,38,luxe,968990.7411571568
44,6,0,1,1,17,calme,251130.2379116818
87,3,14,0,0,21,luxe,463263.1061209352
157,2,0,0,0,67,luxe,627112.8177088373
86,5,1,0,0,10,calme,364963.3546759968
128,6,0,0,1,63,populaire,473049.17793964426
165,2,3,1,0,70,centre,624876.9461297864
130,7,9,1,0,56,centre,605515.2405814846
247,7,8,0,0,34,populaire,987797.5704312322
130,3,11,1,1,36,calme,595579.9846517756
233,6,3,0,1,49,populaire,832032.853933622
53,6,12,1,1,29,calme,298705.36889923725
130,1,3,0,1,16,calme,539998.3842515872
27,2,6,0,1,32,calme,179452.57981185796
187,4,13,0,0,15,calme,761636.6247373276
132,4,10,0,0,14,calme,592255.3216757255
102,1,8,1,0,12,populaire,337667.57958726585
61,3,6,0,0,2,populaire,242091.33487116016
188,4,0,1,1,23,centre,788890.4843854697
120,4,0,1,1,22,calme,533464.433602683
25,7,3,1,0,58,populaire,86674.13610292552
199,7,3,0,1,54,populaire,729548.1140610806
45,5,0,1,0,64,calme,144860.29937894436
83,2,5,1,1,31,calme,363907.9646214429
245,3,9,1,0,59,populaire,892858.1531126978
206,6,1,0,0,29,calme,778415.8014396135
203,2,10,1,0,65,luxe,847447.8482840228
78,3,4,0,1,17,populaire,326082.3601244265
128,4,7,1,0,58,centre,553129.296759315
217,5,14,1,0,52,calme,789155.4846622341
248,2,2,0,1,63,luxe,994787.3249709231
140,4,8,0,0,29,centre,608499.3539982587
52,3,6,1,1,17,centre,363006.99414522655
200,2,8,0,1,4,centre,867375.5074010153
169,6,0,1,1,68,calme,656572.2322425101
40,2,4,1,0,7,centre,275060.43822301447
217,4,11,0,1,8,populaire,811153.0315184301
89,2,12,0,1,31,populaire,309402.32420621614
131,6,2,0,1,13,calme,602376.6092081184
23,5,3,1,0,12,calme,210363.92100063022
113,5,3,1,1,17,centre,557572.553277423
94,4,10,1,0,67,calme,357403.0958961997
209,3,11,0,1,21,populaire,761696.7589292995
81,4,6,0,1,19,populaire,317666.33728166507
113,5,9,0,0,14,populaire,457170.3667107344
114,1,10,1,0,6,calme,468836.40730236867
171,1,7,0,0,76,populaire,527350.9521555018
74,2,10,0,1,29,calme,335610.4663146694
156,6,9,1,1,4,luxe,796911.1994602124
150,7,4,0,0,0,centre,690685.2271194087
50,7,12,0,0,59,luxe,363344.80327467143
59,7,12,1,0,30,populaire,241023.07268365685
248,2,11,1,0,19,centre,969323.0156387563
55,1,9,1,0,63,populaire,110245.29098305956
171,5,6,1,1,63,populaire,590331.715035195
242,2,2,1,1,28,luxe,1070797.6812162239
25,7,2,1,0,9,populaire,167348.419418193
85,7,2,0,0,28,centre,399411.2429354014
231,4,11,0,1,30,populaire,834750.0880619441
239,7,3,1,0,74,centre,907409.3128408497
94,6,5,1,0,29,luxe,556784.1965543085
23,7,14,0,0,24,calme,202053.4989244489
98,4,4,1,0,79,populaire,327470.9958374298
153,7,7,1,1,57,luxe,738031.707855746
137,6,13,0,0,56,populaire,519524.6284938763
132,5,13,0,1,62,centre,540250.5024395268
113,2,11,1,1,36,populaire,398711.1001328521
249,6,12,1,1,57,calme,961558.5682506459
198,4,4,0,1,27,populaire,738061.9427764646
81,2,10,1,0,26,calme,336199.59202710795
204,2,11,0,1,69,calme,718015.0957468739
213,4,4,0,0,36,populaire,737778.7797333769
98,1,13,1,0,5,luxe,612112.3726304229
222,7,9,0,1,76,populaire,759712.165040704
155,6,1,0,0,61,calme,620663.330793833
45,4,11,0,0,32,luxe,337269.17495176505
198,5,10,1,1,77,calme,761170.6933180217
192,3,10,1,1,39,calme,739918.8283599318
63,4,4,1,1,40,populaire,262257.9048918706
152,7,14,0,0,41,centre,700153.1708535383
89,7,11,0,0,8,populaire,420650.5858031644
173,2,6,1,1,17,centre,744070.5828856856
137,2,1,0,1,14,centre,566741.1098165329
87,4,13,0,0,3,populaire,401122.37803067896
38,3,12,1,0,33,centre,235412.69166396055
231,4,5,0,1,61,calme,834334.7384443954
244,3,6,0,0,37,luxe,1017676.5361788619
39,3,4,0,0,70,populaire,55585.34509250088
132,7,8,0,1,22,centre,611015.0378750061
159,7,13,0,1,19,calme,712296.7515570319
66,7,3,0,0,55,luxe,488182.387375686
20,5,13,1,0,52,centre,205963.69237187243
109,7,13,1,0,1,centre,607045.6584555524
161,6,12,0,0,20,calme,652287.412883904
83,2,9,1,1,75,luxe,446511.9149250083
57,2,14,1,0,41,luxe,313962.71583053184
56,3,0,1,1,56,calme,205025.40528419006
145,2,13,0,0,48,luxe,660194.1203727742
158,1,7,1,1,9,populaire,593611.7012857264
119,3,14,0,0,71,luxe,578844.6286746506
96,2,7,1,0,60,centre,399311.30493005743
22,1,6,1,1,20,luxe,309267.68765551806
180,5,7,0,0,59,populaire,631510.2178611127
153,2,1,1,1,12,populaire,506103.9810368075
197,1,2,0,1,47,centre,702160.7809328951
29,4,8,1,1,39,centre,237357.07218624558
24,6,0,1,0,62,populaire,69884.21584482587
170,4,7,1,0,75,calme,635646.5378197245
157,1,7,1,0,8,populaire,550417.4795761232
191,3,6,0,1,56,luxe,806488.7317076619
149,7,12,0,0,50,centre,623459.9519200862
32,7,13,1,0,39,calme,222286.1002737351
187,7,10,0,1,75,populaire,694690.3730269644
149,3,4,1,1,72,centre,570213.7423094462
103,2,3,0,1,63,luxe,489339.9576898476
84,7,9,0,1,69,calme,415740.2783735272
82,4,9,0,0,63,calme,269763.39856166235
120,3,12,1,1,24,calme,544275.6859297664
92,3,14,0,1,27,luxe,516746.67515012244
36,7,9,0,0,9,centre,261593.26393268316
28,4,13,1,0,27,populaire,115370.22638737957
222,5,9,1,1,35,centre,955986.0332161011
162,3,5,1,0,10,luxe,758092.992295447
171,7,11,0,0,20,centre,718227.3032374464
57,6,10,0,1,25,calme,288504.1629775921
182,1,0,0,0,17,populaire,595028.9500787575
113,2,12,0,1,67,luxe,568535.4057225127
114,3,4,0,0,40,calme,421922.6660049363
68,6,13,0,0,14,centre,389256.7498767281
88,6,3,1,0,22,calme,386257.8347380184
81,3,3,0,0,40,centre,347545.16938471585
207,5,6,0,1,5,centre,876643.4297582946
197,1,8,0,1,70,luxe,787588.605210995
97,2,7,1,0,59,centre,386065.54999857786
136,3,10,0,0,78,calme,472356.0415132494
139,2,12,1,0,51,luxe,689549.591900026
222,4,13,0,1,8,populaire,836821.5726070803
156,6,11,1,0,29,luxe,737136.4083839621
181,6,7,1,1,43,calme,764813.8923194045
95,3,4,1,0,61,centre,431410.3931229201
246,3,5,0,1,42,luxe,1001513.6269798575
54,4,1,1,1,27,luxe,437750.647873807
20,5,12,0,0,7,luxe,298496.7535971294
59,3,10,1,1,50,calme,294093.9791672023
83,6,13,0,0,29,centre,438331.10560562
169,2,2,1,1,10,populaire,630629.6224489117
79,1,4,1,1,19,populaire,287039.8837681961
83,7,1,0,0,30,centre,431988.7741968917
112,2,2,1,1,33,populaire,388091.3794823375
91,5,3,0,0,11,centre,490703.08517868456
30,1,5,1,1,47,luxe,203209.4653332774
124,2,4,1,0,27,luxe,572700.9679141275
248,2,9,0,1,66,calme,910660.3502882292
33,4,3,0,1,62,luxe,267114.86038648983
79,7,12,0,0,47,calme,348417.23678662296
49,5,14,1,1,41,populaire,228749.56398242863
54,6,1,0,0,51,populaire,143563.43547632304
232,4,11,0,0,4,luxe,988911.8885999528
184,1,10,1,1,76,centre,709186.3583742601
24,7,4,0,0,11,populaire,142516.9419675125
102,6,4,0,0,58,populaire,325503.0423668524
142,4,10,1,0,64,populaire,434049.3438749439
97,7,6,1,0,51,centre,472391.5422890884
173,5,0,1,0,42,luxe,793068.9837931624
81,3,3,1,0,62,calme,279759.15933765715
151,3,10,1,1,49,centre,632722.7650328091
108,1,4,0,0,38,centre,465296.72208549874
61,3,7,1,0,41,populaire,176735.03738274865
108,4,11,1,1,79,calme,435024.9010750036
165,1,14,1,0,16,centre,674552.8615683874
59,6,11,0,0,42,populaire,292034.754063661
91,5,7,0,0,48,centre,377687.07837983407
58,1,0,0,1,4,populaire,154272.83753430212
123,6,4,0,1,0,calme,576687.4857789918
33,1,9,1,0,66,calme,122730.17199336726
51,2,0,1,0,23,populaire,139583.89707223742
198,2,0,1,1,28,luxe,855249.9675279944
144,1,1,0,0,14,centre,627477.3687187859
185,7,1,1,1,3,luxe,901590.0192533961
116,3,14,0,0,43,centre,544941.639836234
42,2,14,0,0,64,calme,133816.5619575415
82,7,8,0,1,78,centre,427613.80590779986
162,7,3,1,0,30,populaire,578945.9252553524
244,5,2,1,1,19,populaire,940805.258235085
172,6,10,1,1,9,populaire,722355.5230001478
164,4,0,1,0,10,luxe,739154.8275150089
244,2,11,0,0,27,calme,921670.3375786709
213,1,1,1,1,37,calme,801706.9290777975
225,3,5,0,1,79,calme,836583.4492415264
72,4,8,0,0,23,populaire,231021.63290708998
123,6,4,0,0,38,calme,488303.7041238306
123,7,3,0,0,50,luxe,607940.3181001162
198,6,12,0,0,75,luxe,897140.7764906484
58,2,4,0,1,49,luxe,353791.06228210364
198,6,8,0,1,6,populaire,733871.3427369952
217,6,11,1,0,67,centre,879131.0561718605
153,3,12,1,1,52,calme,582046.0112504625
86,7,6,0,0,36,luxe,446410.68031163455
154,3,7,1,1,53,centre,640150.2558778662
198,3,14,1,1,54,centre,820333.0426737617
219,1,3,1,0,74,luxe,879283.6048635677
61,6,10,1,0,30,luxe,430104.27397150674
211,6,7,0,0,64,calme,842069.9121688643
34,6,5,1,0,58,calme,232539.4342589784
130,5,4,0,1,46,centre,542271.9224068122
176,3,12,0,1,48,centre,750299.2798228316
52,4,11,1,0,17,centre,389857.72059594886
241,2,6,1,1,2,populaire,941247.6090724187
174,7,5,0,1,17,centre,802238.9735626956
183,4,2,0,0,57,populaire,603480.5576596635
176,7,4,1,0,70,calme,639863.3065896174
57,1,8,1,0,24,centre,267658.36758191086
204,1,6,0,1,17,calme,794849.6785988268
116,7,11,1,0,51,centre,550832.9202208874
248,6,3,0,0,42,calme,934059.7458006759
174,4,6,0,1,66,centre,722302.3602789736
202,6,4,0,1,6,populaire,804097.6323825167
52,5,10,0,1,73,luxe,384055.17110227013
215,1,12,1,1,43,calme,840590.2668158392
105,1,14,0,0,43,calme,418019.7275346217
85,4,1,0,1,50,luxe,443703.1061304651
29,1,12,1,0,78,centre,155061.677557467
24,5,5,1,0,20,populaire,129787.46509387501
142,5,6,0,1,36,populaire,521398.7475403023
93,5,7,1,0,27,populaire,309782.1117101736
116,2,5,1,0,31,centre,509617.7513510578
137,5,7,0,1,56,calme,545769.0854005606
57,5,6,1,1,40,centre,332356.62230249157
160,2,1,1,1,53,populaire,561209.9254196255
178,6,13,1,0,26,luxe,864592.3446400386
66,3,5,1,0,73,populaire,228811.6788913288
247,1,8,1,1,39,calme,944239.0820505888
128,5,11,0,1,40,centre,568481.129626774
235,1,5,1,1,69,centre,928202.0083477249
199,4,3,0,1,23,populaire,764614.7018434176
203,1,6,0,1,17,calme,774869.9257585244
34,7,2,1,1,73,calme,232474.71188159712
176,6,4,1,1,55,luxe,818902.1851432961
155,2,0,1,0,14,populaire,577988.5046668234
24,1,14,1,1,71,luxe,275706.97902588977
176,1,9,1,1,34,centre,706012.307905831
66,1,2,1,1,26,centre,375995.9783398178
87,3,7,1,1,2,calme,422858.2119007279
95,3,8,1,0,20,luxe,535195.6930927053
192,4,8,1,1,38,calme,798358.7422087253
149,2,14,1,0,31,populaire,525777.3373313369
174,1,9,1,0,49,calme,672762.836210363
114,1,1,1,0,8,centre,503007.9956539919
134,1,3,0,1,49,centre,522371.4794386598
183,1,4,1,1,0,calme,752802.7457208831
55,3,14,0,0,3,populaire,265077.1643048901
45,6,2,0,0,3,luxe,371666.2397382551
62,6,12,1,1,33,centre,352591.1393757632
46,4,10,0,0,26,centre,265333.87529955665
88,7,0,1,0,14,populaire,337798.51384011516
167,5,5,1,1,31,calme,756754.0180881019
30,2,13,0,1,40,centre,184778.5795419137
93,6,14,1,0,70,centre,370253.934679917
123,7,9,0,0,60,populaire,426953.53004046984
57,1,1,0,1,62,calme,215090.68582334425
153,6,8,1,1,60,populaire,567487.6283210159
219,4,0,0,1,13,populaire,798895.7132260212
42,5,10,0,0,22,calme,196607.85426796402
66,6,8,1,1,64,centre,359849.14758159494
109,4,6,0,0,31,luxe,522784.10199019883
65,3,10,1,0,40,luxe,429658.07383450045
126,5,12,1,1,25,luxe,640702.6912729505
159,4,9,1,1,47,populaire,579911.3599486509
237,7,1,1,1,72,centre,920663.45651608
160,6,13,0,1,15,centre,759573.7207476188
123,3,5,1,0,30,centre,521393.6096060945
209,7,7,0,0,65,centre,798992.906947874
229,4,14,0,0,31,populaire,850134.8809643148
236,4,1,1,0,9,luxe,964209.2584944366
244,7,14,1,1,24,luxe,1133765.03638965
130,6,4,1,0,44,calme,544106.1251993853
123,5,12,0,1,23,centre,657174.9382486959
79,3,11,1,1,2,luxe,531020.2120587844
190,1,10,0,0,61,luxe,799018.0401144791
223,2,5,1,0,78,centre,801952.7162277272
119,5,2,1,0,66,centre,492917.4356841862
87,3,13,0,0,54,luxe,464364.31629975274
152,7,11,0,0,9,calme,697662.4109357744
139,4,1,1,1,54,centre,566427.4402207591
56,7,14,1,1,21,luxe,402850.54776083777
91,3,10,1,0,13,calme,412669.0415543744
146,7,5,0,0,72,populaire,451198.454537121
125,7,2,1,0,7,calme,583784.5697940325
111,2,1,1,0,14,centre,536992.2341522058
50,6,14,0,0,14,populaire,259925.33259130904
141,2,0,1,0,51,calme,502394.4545917721
156,1,13,0,1,69,luxe,731612.1795365094
70,1,7,0,1,53,centre,292963.330644472
48,2,0,1,0,75,populaire,78520.67525697262
225,5,11,1,0,41,luxe,1026387.4012154028
59,5,14,0,1,18,populaire,255834.54929918208
60,7,4,0,0,39,calme,293772.0619729595
233,7,10,1,0,68,luxe,1032938.7549256154
30,4,5,0,0,26,centre,176015.73451449288
170,1,10,0,1,73,luxe,705969.2948165766
20,4,11,1,0,42,calme,127369.47016775119
65,1,11,0,1,51,populaire,201507.77472681133
120,2,2,0,0,45,luxe,527686.4055903067
168,5,13,0,0,13,populaire,642157.0782260005
109,7,6,0,1,63,centre,511277.8810928502
129,5,1,0,0,60,luxe,593536.7458590794
183,2,6,0,1,57,populaire,622365.5910180993
201,4,1,1,1,48,centre,792859.5433199242
234,4,4,1,0,78,calme,844634.3184485685
76,3,6,1,1,28,luxe,414446.5438426254
20,7,10,1,1,25,luxe,349700.05519565387
82,7,10,0,0,26,luxe,484173.4153038684
201,7,13,1,0,66,populaire,712959.4291502045
74,1,2,0,0,66,populaire,158960.72224136986
134,4,13,1,1,34,centre,620201.3156847027
187,2,10,0,0,59,luxe,769485.9591772525
162,4,3,1,0,60,centre,666887.8013675788
168,5,0,0,0,69,luxe,687504.1733333148
194,1,2,1,0,77,calme,675144.9696737388
220,7,8,1,1,2,luxe,1051768.925086248
72,6,9,1,0,32,centre,416906.19434680394
156,3,4,1,0,41,populaire,558002.0094745483
221,1,14,1,0,12,calme,827290.7129077427
199,5,14,0,0,28,calme,788539.0718269586
76,7,7,1,0,8,luxe,503875.66323196416
136,5,1,0,1,31,calme,525568.9232435517
173,5,2,1,0,21,centre,732701.1635005499
188,7,6,1,0,57,centre,736178.5101649403
54,5,13,1,1,56,luxe,401057.29892633966
82,2,9,0,0,9,populaire,332178.7951145043
44,3,3,1,1,24,calme,270962.22361954825
109,6,8,1,1,61,calme,483240.5040948978
94,5,13,0,1,62,luxe,520755.4381347756
57,5,6,0,1,75,calme,243056.91926229792
149,4,13,0,0,2,populaire,630313.0860541022
154,3,10,0,0,46,luxe,686580.1485275534
229,1,11,1,1,54,centre,854999.395676328
238,3,0,0,1,25,calme,920889.1160217554
181,3,3,0,1,12,luxe,841330.85045603
110,7,9,1,1,6,centre,548876.4477624941
36,7,10,0,1,33,centre,271091.08285995945
147,7,5,0,0,21,centre,658571.9275597101
190,6,5,0,1,22,luxe,866061.3244124402
206,3,9,1,0,47,luxe,914525.5941885087
127,6,5,0,1,13,centre,578160.199662753
198,5,4,0,1,51,centre,792458.3555887772
201,7,2,0,0,38,luxe,876863.3908118741
171,5,1,1,1,40,luxe,809017.4022967112
44,7,2,1,0,35,populaire,206979.98004907902
218,2,8,0,0,5,centre,887471.7169023649
199,6,2,1,1,22,calme,758096.5203450505
217,6,2,0,1,9,calme,879394.4906512089
107,1,0,1,0,59,luxe,504818.2550708464
180,4,1,1,0,29,calme,715766.8374987905
196,3,10,0,1,69,luxe,831675.7909004632
48,1,11,0,0,4,populaire,176707.30247267103
82,6,2,0,1,78,luxe,425940.49796669884
169,1,1,1,1,56,centre,700838.949966783
173,2,7,0,1,42,luxe,727255.6189041235
175,4,5,1,0,51,calme,680049.4223622598
133,6,6,1,1,76,calme,506645.621520953
232,6,0,0,0,5,calme,892612.8989267519
68,3,5,1,0,1,centre,370820.03165903187
218,7,1,1,1,16,luxe,944424.944676761
100,4,12,0,0,11,luxe,511204.9355419354
103,2,14,1,0,43,calme,372460.90460299386
124,5,5,1,0,53,centre,548780.0161067998
196,1,2,0,0,77,calme,693707.0319749464
167,3,6,0,0,6,calme,612622.9978357551
137,6,2,0,1,31,centre,607160.9104229582
105,5,8,1,1,28,calme,488735.90882917185
239,2,2,1,0,45,populaire,818609.9285921858
82,4,6,1,1,72,centre,442258.27204809454
208,1,11,0,1,77,calme,747607.5747325371
123,3,3,1,1,52,luxe,571658.0034972004
68,6,7,1,0,24,populaire,305462.8636952222
90,6,13,1,0,52,luxe,561737.8041245281
20,5,1,0,1,28,luxe,224948.6935793381
243,5,7,0,1,5,populaire,925524.1730727085
160,1,8,0,1,75,centre,611855.6065836396
241,4,12,1,0,37,calme,896913.3222997175
234,2,7,1,0,2,luxe,996844.4916961292
198,7,5,0,1,34,luxe,956748.8217932906
142,4,9,0,0,54,luxe,674178.7206277301
203,4,0,1,0,46,centre,812254.802713026
230,4,6,0,0,32,luxe,930243.064592695
81,7,0,1,1,2,luxe,556727.8603386165
51,1,6,0,0,68,luxe,315988.89886034816
177,7,13,0,0,58,populaire,596523.6553002662
48,1,1,0,1,77,populaire,103652.48546626185
68,7,7,1,1,17,luxe,520244.33708160836
192,2,1,0,1,76,centre,744199.2310064419
240,4,2,1,0,65,centre,933199.1213171032
49,1,12,0,0,24,calme,222831.84769296742
163,7,11,0,0,19,populaire,656069.8595689652
187,2,2,1,0,70,centre,708337.8236214824
38,7,0,1,0,74,luxe,310575.5314387225
37,6,4,0,0,68,populaire,119798.6916654538
20,2,4,1,1,28,centre,153105.51377479362
97,4,9,0,0,17,calme,392851.18452759593
134,3,4,1,0,71,luxe,557440.023303016
194,4,13,1,1,26,populaire,722528.9167914877
213,3,12,0,1,41,calme,842855.4162292083
239,2,8,0,0,65,calme,857669.1291253174
132,6,5,1,0,25,populaire,501025.3325084493
133,6,5,1,1,22,centre,669266.7794146615
241,1,2,0,0,4,luxe,994401.2897969817
185,6,4,1,1,79,calme,728267.5444177758
198,5,9,1,1,10,calme,815772.3648148972
82,2,6,1,0,18,populaire,251077.89732244436
151,1,2,1,1,79,populaire,455923.577748473
148,6,1,0,0,11,populaire,525624.8553336539
27,2,4,0,1,1,calme,138854.88490152074
176,4,2,1,1,42,centre,728435.8430033898
74,6,4,1,1,21,centre,398737.3351488905
122,7,8,0,0,25,luxe,682924.9819139792
150,3,10,1,0,32,populaire,530972.3008868933
51,2,9,1,0,23,luxe,333388.0905564282
29,1,0,1,0,68,calme,65861.85937526352
221,4,3,1,0,20,calme,820849.772844494
230,5,9,1,0,45,calme,909329.0485572888
129,4,14,0,1,17,luxe,701451.8321009928
181,6,4,1,1,4,populaire,652589.0785865183
143,3,1,1,0,7,luxe,755390.6667956626
244,4,11,1,0,56,luxe,1027308.8343056885
106,5,1,0,0,4,calme,489666.8413297246
74,7,0,1,1,12,calme,367926.5998112888
239,1,13,1,0,65,centre,872972.4950756163
51,2,7,0,0,36,populaire,149048.92606370707
197,3,1,0,0,28,populaire,684755.7697472177
154,5,2,0,1,68,populaire,531568.635630542
112,6,14,0,1,31,luxe,654082.2756230192
27,6,11,1,1,47,calme,151447.59578677596
84,6,1,1,1,1,calme,457212.38162643363
76,3,3,1,0,68,centre,344417.1646778699
86,4,13,0,0,50,luxe,476363.9891905805
235,3,0,1,0,34,populaire,773087.7128060858
234,6,2,0,1,14,luxe,1015045.893659528
206,7,4,0,0,71,calme,787136.5612213166
91,5,9,1,1,64,centre,363816.0780963609
73,2,0,0,0,37,luxe,331603.4816323888
248,2,3,0,0,16,calme,931785.6232108444
86,3,5,1,0,79,luxe,443869.7362351227
70,6,14,1,0,44,calme,321645.7349295301
116,1,3,0,1,0,luxe,569559.8346489873
111,7,6,1,1,2,populaire,512041.8826610121
27,3,13,1,1,69,luxe,293105.23907633795
181,6,6,0,0,51,luxe,794307.7899639141
54,4,5,0,1,52,populaire,150153.1825298287
115,2,8,1,0,2,luxe,645753.2060580489
107,2,1,1,0,46,calme,366891.1024207781
97,7,12,0,0,74,calme,419778.83494041144
51,2,9,1,0,5,calme,302510.74502223224
139,1,7,0,0,45,calme,505297.986716602
65,6,7,0,1,60,calme,283839.0294481236
163,6,10,1,1,42,populaire,575074.2056508726
215,7,9,1,0,55,populaire,782371.2744770765
184,6,13,1,0,69,luxe,782114.7725186284
201,7,13,1,1,19,calme,864703.2731856598
232,6,10,1,0,46,luxe,950227.1795722401
161,1,3,0,1,53,calme,536196.8947091814
242,5,5,1,0,40,luxe,1035944.8357036841
74,3,10,0,1,74,populaire,260189.97232097603
195,3,5,1,0,65,calme,703970.143275344
229,6,4,0,1,30,populaire,871021.3235772079
26,4,13,1,0,63,luxe,242170.54877616136
93,2,0,1,0,57,populaire,348830.76978325093
26,1,2,0,0,54,populaire,-8924.01141025433
180,4,6,1,0,45,populaire,610611.5209862337
170,4,7,1,0,23,centre,761538.2361445366
104,6,1,0,1,76,luxe,512250.38276218
166,1,2,0,0,36,luxe,737489.0032795779
131,3,3,0,0,40,calme,454837.6208988451
144,2,13,1,0,24,calme,552424.8236567562
166,3,10,0,0,28,calme,660939.2538486067
55,4,4,0,1,30,populaire,167368.5760997925
48,2,2,1,1,1,luxe,339601.76091647445
207,5,4,1,1,11,populaire,783162.5540306285
101,4,7,1,0,4,luxe,608033.2503718158
21,3,7,1,0,60,populaire,63515.667386977584
148,3,13,1,0,55,calme,567752.0917406953
66,6,1,1,0,77,populaire,215937.8822741273
216,3,5,0,0,70,centre,753802.377168603
167,1,3,0,1,36,calme,607104.8440028665
30,4,8,1,1,35,centre,254227.68761593447
149,7,9,0,1,73,centre,643613.0309932295
214,7,1,0,0,28,calme,851350.2235898713
234,2,7,0,1,79,centre,895044.664610449
138,3,0,0,1,37,centre,582795.0043084102
159,6,10,1,0,40,luxe,686079.4913172688
39,6,5,1,1,32,populaire,199593.87338712366
24,3,10,0,0,12,centre,187400.46730760284
56,1,10,1,0,5,populaire,204402.26276100823
185,6,13,0,0,65,centre,737337.8302065489
241,7,11,0,0,7,calme,977253.3150259174
156,2,9,1,0,63,calme,531905.0493246216
245,4,12,0,1,8,luxe,1032022.4983141163
72,5,0,1,0,22,calme,297857.4137634614
191,1,1,1,0,70,luxe,803086.1514397984
118,6,2,1,1,20,calme,518884.79675025144
105,4,8,1,0,0,populaire,433664.78953991807
127,5,4,1,0,45,centre,566898.1709986571
43,3,9,1,1,61,centre,264403.0809831917
100,3,9,1,1,1,luxe,597800.8130337844
221,2,11,1,0,74,calme,780831.7800656445
177,5,1,1,1,43,populaire,663564.3584124635
139,3,9,0,0,4,populaire,521955.1603657536
78,3,4,1,1,38,calme,300414.69724503503
234,7,4,0,1,65,centre,933782.2919040112
147,6,0,1,0,44,calme,581020.1619329819
243,2,2,0,0,74,centre,894386.5092590404
228,4,4,1,0,12,calme,889770.9136228551
133,3,8,1,1,31,centre,588310.1853745586
134,7,9,1,1,42,luxe,746690.2379888786
228,1,0,0,1,7,populaire,819233.3000928309
33,1,7,0,0,73,calme,107719.26362017365
28,4,0,1,1,58,centre,161443.48552182128
59,5,8,0,0,10,centre,346118.4369502071
213,2,5,1,0,27,centre,817902.4814684816
44,7,0,0,1,38,luxe,306412.75561282784
122,6,7,0,1,25,centre,563801.5156849523
220,7,4,0,1,71,populaire,766657.6007519134
41,1,6,1,1,25,luxe,356391.4960445504
23,1,6,0,1,31,centre,200705.26995309454
173,4,14,0,0,45,populaire,628575.884641648
205,5,6,1,1,27,centre,864864.9753891138
48,5,5,1,0,6,populaire,214776.70408891456
128,4,10,0,1,34,populaire,490659.9258445541
117,7,7,0,1,65,centre,547797.8653690021
234,1,8,1,0,21,populaire,829693.5779732894
56,7,11,1,1,21,calme,357256.84083329164
94,7,14,1,1,2,centre,537964.081210438
89,2,1,1,0,45,calme,335034.81382951123
165,1,6,1,0,49,populaire,478889.16815823055
147,5,14,0,1,7,luxe,745298.0188686798
104,6,1,1,1,3,luxe,586321.6266409722
61,7,5,1,1,14,populaire,297424.3436188635
119,1,1,0,0,43,calme,405209.1932919025
60,7,9,1,1,38,centre,379118.82833396754
185,2,5,1,1,75,luxe,731561.8921007148
53,3,1,1,1,28,calme,235585.79920079862
36,1,0,0,0,72,luxe,192545.5382492759
184,4,6,1,1,61,luxe,788501.8972135216
172,3,2,1,0,33,populaire,691537.3870789658
249,7,13,1,0,25,centre,976621.7800192146
141,4,11,1,0,17,calme,613762.0508067486
95,4,13,0,0,62,calme,406380.37129926455
106,4,12,0,0,51,centre,450755.4530688078
136,1,3,1,1,53,calme,523960.4642688211
125,5,12,1,0,41,luxe,653813.7007280244
105,7,5,1,1,53,centre,513569.98484541674
232,3,4,1,1,51,luxe,931033.1144623212
46,2,3,1,0,12,luxe,352213.3445312529
76,5,8,1,0,31,luxe,495134.17806517635
50,7,5,1,0,65,centre,346908.58148337743
153,1,5,0,0,57,calme,497143.3158103752
238,4,1,1,1,38,luxe,1016831.0204232098
187,2,5,0,1,26,centre,757648.9431159046
117,7,6,0,0,77,centre,491511.2224886132
31,3,7,1,0,53,populaire,44295.75129450157
72,7,14,0,1,78,populaire,305059.05153270543
218,5,13,0,1,71,populaire,797903.44682078
157,6,7,0,0,72,calme,602798.2482950452
192,5,8,1,1,42,calme,758235.6434279886
164,7,9,0,1,51,calme,664533.9989779737
173,2,10,0,1,13,calme,683908.8564649648
232,7,12,1,0,7,luxe,1022275.4568882897
239,7,11,1,0,34,centre,1010526.7060863863
209,1,2,0,1,17,centre,829216.7838622826
141,3,9,1,0,54,populaire,503101.17344462156
65,2,14,1,1,77,centre,321264.8649503064
83,7,6,0,1,51,calme,351337.153792998
149,4,6,0,0,71,centre,554741.637022367
73,3,0,0,0,48,luxe,426911.5887540626
126,5,7,1,1,7,luxe,699791.6462971442
212,2,14,0,0,36,populaire,722595.428390955
70,5,3,0,0,65,calme,292811.5224482155
200,7,4,1,0,76,centre,770858.1440720974
55,5,13,1,0,77,populaire,219070.77868708258
134,5,5,1,1,40,centre,563274.5207522742
45,1,2,1,1,72,populaire,120403.28810800999
48,5,4,0,0,26,populaire,175903.63344280788
168,4,9,0,1,19,luxe,797390.2732162962
30,4,4,0,0,37,luxe,285534.50700203417
59,3,0,1,0,11,luxe,420531.6145048726
30,7,2,0,0,41,populaire,105635.50479095364
183,6,2,1,1,49,luxe,780757.2953305145
132,5,0,1,1,30,luxe,615496.690579934
206,5,12,1,1,76,calme,782538.9678774022
58,2,6,0,0,64,centre,252028.23679756655
246,1,0,1,1,52,centre,945259.5533885419
73,6,6,0,1,39,calme,354239.7949582083
117,3,3,0,0,72,calme,440215.3913546428
74,6,8,0,0,38,luxe,501048.46520376945
130,5,6,1,0,9,luxe,675886.7667333368
171,2,4,0,0,28,centre,689326.015846702
169,7,6,0,1,39,calme,671543.5014701952
88,1,8,1,1,29,calme,381646.23346018256
75,7,9,0,0,1,luxe,505706.22732161527
52,3,5,1,0,27,centre,294619.6387781144
55,6,0,0,0,46,populaire,163979.31202832496
167,3,5,1,0,31,calme,653448.0848355587
230,5,0,1,1,77,centre,895751.8401531789
246,3,12,1,0,31,centre,988503.6695681688
100,7,11,1,0,26,centre,498983.5314917962
209,2,3,1,1,53,calme,779827.1068401586
128,3,13,0,0,55,populaire,494313.44622964703
245,4,7,0,0,30,luxe,1033135.7909730211
220,2,4,0,0,23,populaire,787129.2643805494
173,6,14,0,0,34,centre,782264.1401359577
213,1,4,1,0,29,calme,745924.1389112066
92,1,12,1,1,54,calme,371019.5014630838
220,5,9,0,1,63,populaire,770380.1253698904
59,5,10,1,1,32,populaire,319925.52296733117
36,4,7,0,1,45,calme,251489.6139873963
148,6,7,1,0,32,populaire,511390.06168030965
236,7,0,1,0,67,luxe,963826.3876313611
80,1,12,0,0,63,luxe,437762.4783985577
190,1,12,0,0,29,luxe,804327.4151855296
123,1,4,1,0,78,centre,484954.49468411994
61,7,11,0,0,28,populaire,250931.7104376571
44,1,4,0,1,61,calme,138864.63762387657
58,3,7,0,0,29,centre,337134.1475348385
54,6,0,0,0,11,calme,256189.3859502883
150,2,6,1,1,66,populaire,502110.36904596165
248,2,6,1,1,14,populaire,866962.8857037291
127,4,12,1,0,9,centre,561180.9032598612
191,3,8,1,1,60,centre,771274.2978928802
198,1,1,0,1,22,luxe,824456.664992453
241,1,14,0,0,10,centre,996725.5197754726
121,5,2,0,0,15,luxe,633169.6752814795
117,5,3,1,1,48,centre,556304.5106914327
31,4,0,1,1,79,luxe,245712.5284770935
38,1,14,1,1,13,populaire,165040.37641939247
120,4,6,1,1,5,calme,555310.6450558009
63,3,13,0,1,41,populaire,154376.20918595343
206,2,9,0,1,16,luxe,899341.0024837219
68,1,2,0,0,41,populaire,136386.34356640727
208,6,2,1,0,9,centre,884819.5384200158
36,7,2,1,1,45,centre,235301.42453740496
93,3,7,1,1,48,calme,392872.08499240293
76,1,8,1,0,8,calme,312379.40322617936
74,7,9,1,1,78,populaire,326824.9513510265
66,6,12,1,0,38,calme,399833.3719321599
31,5,13,0,1,1,centre,311007.01546874456
81,4,1,1,1,67,centre,402688.75254124805
99,5,9,1,1,51,centre,477221.5701600769
235,2,14,1,1,10,luxe,1026656.3146133764
102,5,9,0,0,36,luxe,481184.588569539
27,1,0,0,0,71,populaire,18957.118248935338
242,6,13,1,0,21,luxe,1067967.1365538004
168,5,8,0,0,51,calme,649730.5877659708
100,1,5,0,1,4,centre,444675.445389093
234,2,13,0,0,1,populaire,799257.8075973898
248,7,14,1,0,4,luxe,1092233.9787683238
137,6,8,0,0,31,populaire,550449.8917884122
227,5,5,0,1,18,populaire,894560.1424913845
217,4,1,0,1,3,calme,811349.593237743
219,4,0,1,1,45,calme,816388.0158868645
44,6,13,0,1,25,calme,222608.71737817803
229,4,7,1,1,49,populaire,823337.5980741241
108,5,2,0,0,25,populaire,389616.10856852814
31,5,0,1,0,70,calme,140025.07129635365
162,6,14,1,0,31,luxe,773888.6043043884
78,5,7,1,0,43,centre,396355.2079931515
173,7,11,1,1,25,calme,767037.0382276183
128,1,0,1,0,60,luxe,583814.3028465873
45,2,7,0,1,50,populaire,178100.23286494872
66,7,0,0,1,58,populaire,232527.23689495306
51,7,8,0,0,37,luxe,359940.5504532704
29,4,13,1,0,25,luxe,336083.94961221144
35,1,8,1,0,44,populaire,82637.69159185243
218,6,11,1,0,30,populaire,803592.9325242209
164,4,12,0,0,69,populaire,532571.4681768398
170,1,8,1,1,44,populaire,642942.507047554
45,5,2,1,0,30,calme,254046.4411226897
232,6,3,1,1,60,populaire,798964.4817397632
105,6,4,1,1,47,populaire,403459.47277231974
154,4,5,0,0,44,luxe,707157.5974642825
33,5,8,1,1,59,luxe,273810.5859983024
98,4,12,1,1,60,luxe,542629.1792778124
136,3,10,1,1,51,populaire,485473.01067685743
26,1,11,1,1,51,luxe,220244.8537763572
156,3,3,0,1,75,populaire,466592.8298357511
134,1,13,1,0,61,populaire,480065.1912817901
195,2,13,0,0,25,luxe,828336.5443660832
91,7,5,0,0,66,centre,442740.6268995489
78,6,12,1,1,78,calme,373700.1920760631
234,4,0,1,1,48,calme,867298.7713710532
240,2,1,0,0,43,centre,913969.0557035648
101,2,7,1,1,35,centre,477345.4337906338
242,6,3,1,1,52,populaire,903199.594157321
241,6,9,0,1,43,luxe,1053743.899339872
135,1,6,0,1,21,calme,523542.3837722058
186,3,3,0,1,1,calme,785711.4179729124
246,5,13,0,0,6,centre,1032929.2630895567
165,1,8,0,0,15,luxe,719201.6146496042
206,5,8,0,1,43,calme,798707.4367024074
122,2,3,1,0,64,calme,482991.5176142404
36,5,12,1,0,72,populaire,167960.78870614595
33,3,14,1,1,70,populaire,113153.66011935951
178,1,7,1,0,68,populaire,588626.5516056517
171,6,5,1,0,60,calme,674326.5870362002
246,3,0,1,1,29,calme,903991.0552083419
127,7,14,1,0,41,populaire,511793.68742900447
207,3,6,1,1,73,populaire,643930.8347543877
64,7,0,1,0,24,luxe,462291.62962773035
117,1,2,0,0,70,calme,409124.9232869895
150,6,7,0,0,56,calme,492225.96069578524
56,3,14,1,0,31,centre,289054.6737512556
190,7,8,1,1,49,populaire,664160.3236889743
187,6,2,0,1,74,populaire,613741.0681189896
237,4,0,0,0,9,populaire,844511.2272244492
202,4,0,0,1,21,calme,838268.231521159
234,4,6,1,1,40,luxe,1031507.128514989
127,5,4,0,0,46,calme,485104.07970489305
58,3,12,0,0,13,centre,345523.14482530253
34,1,13,0,1,2,centre,271597.6256404406
139,1,0,1,1,77,luxe,647899.282596812
23,5,5,0,1,52,populaire,113627.18852270512
112,1,13,1,1,15,centre,528167.6340641031
233,7,5,0,0,60,calme,830312.4217812095
172,4,13,0,1,27,centre,781489.7336890338
160,3,3,1,1,34,centre,673276.451353902
229,1,6,0,1,1,luxe,965841.1394228031
180,1,6,0,0,60,luxe,682471.6907824323
35,2,11,0,1,55,calme,135013.8414257838
189,2,8,1,1,54,populaire,670571.0450532017
127,2,11,1,0,17,luxe,622817.392493867
145,3,0,1,0,70,luxe,662253.2915794763
213,4,4,0,1,48,populaire,794086.1083951178
74,6,14,1,0,41,centre,336954.28506494616
246,4,9,0,1,6,calme,942466.3416200846
189,4,2,0,1,3,calme,766660.1405759864
53,3,6,0,0,42,centre,309909.13320651476
177,7,3,0,0,79,populaire,571366.0197568287
32,7,3,0,0,58,populaire,116764.35878972906
160,3,12,0,1,48,luxe,703289.1536867457
37,2,11,0,0,59,populaire,89976.77591149263
179,1,0,0,1,5,calme,695636.4640889649
115,5,0,1,0,19,calme,478750.3990794014
246,5,9,1,1,30,calme,1023132.0019556712
142,6,1,0,1,21,populaire,573707.4712647614
58,1,14,1,0,31,centre,295424.78315516235
65,6,1,1,0,46,calme,290677.707740323
48,2,0,1,1,33,calme,253913.89961652228
209,6,7,0,0,26,centre,860927.8003126481
240,1,5,1,0,43,luxe,982379.1177880167
81,1,5,0,0,29,populaire,233889.27385200656
204,5,9,1,0,32,calme,822964.1611006422
35,7,9,1,0,26,populaire,160305.97522759376
203,2,8,1,0,55,calme,727296.5170835452
140,3,4,0,0,22,calme,554674.5434824944
29,6,14,0,1,42,luxe,321714.8405122931
177,5,3,0,0,53,centre,703513.9425641831
172,6,14,0,1,67,centre,668556.17053937
122,6,10,0,0,52,centre,542140.4976580892
103,3,5,0,1,39,luxe,471281.51611419366
152,2,7,0,1,59,luxe,707669.1509565362
84,1,13,0,0,8,centre,385393.5210388128
241,4,0,0,0,9,populaire,859269.0321500559
196,6,6,1,0,9,populaire,726571.0377485448
22,4,7,1,0,29,luxe,276233.6131056523
192,2,8,0,1,9,populaire,662848.7907749413
161,4,10,1,1,57,centre,737030.7267741424
139,6,7,1,0,35,calme,559900.2513939196
177,3,6,0,1,43,populaire,644781.661433259
87,4,2,0,0,56,centre,339059.52421075
165,2,1,1,1,42,centre,660721.4223397403
209,2,14,0,0,22,centre,814999.5727097472
56,7,2,1,1,3,populaire,264084.1915411479
172,7,3,0,0,11,calme,719692.8627295373
195,3,3,1,1,48,populaire,699522.3095557579
212,4,5,0,0,23,centre,861228.6478608534
200,4,11,1,0,12,centre,818832.0193135423
226,7,6,1,1,67,centre,924889.108024551
92,1,11,1,1,71,luxe,442607.15229755855
162,5,3,1,1,33,populaire,648990.3372022794
68,2,9,0,1,8,calme,300234.67599557847
140,1,5,1,1,9,populaire,501839.52641515667
107,2,8,0,0,64,centre,428241.858691388
215,1,13,1,1,71,centre,801858.5921908173
159,7,5,0,1,73,luxe,752508.818944957
206,7,13,1,1,53,centre,912422.5353547217
56,5,2,0,1,42,populaire,181503.92935389676
80,1,0,1,0,58,populaire,206639.22017219925
248,2,10,1,0,58,populaire,880820.0607978739
190,4,9,0,0,66,centre,741341.432579362
143,2,9,1,0,60,luxe,636887.0149324691
217,6,12,1,1,37,populaire,798636.2244119854
58,7,4,1,0,7,calme,317926.7906104218
203,3,9,1,0,64,calme,745106.1855299273
82,3,9,0,1,4,calme,410185.04391945293
65,7,2,1,1,42,populaire,274418.1087784808
107,6,7,0,1,59,luxe,532194.9655839525
30,3,9,0,1,25,centre,212314.94124491332
81,7,14,0,1,10,luxe,507958.7009303606
96,3,0,0,1,33,centre,429026.55141009815
245,7,10,1,0,1,centre,1109125.6084327379
172,5,1,1,0,20,centre,803311.2848436359
218,4,2,0,1,25,centre,891818.1527955063
71,4,2,1,0,75,populaire,162916.29737904252
23,2,11,1,1,72,calme,153282.34073665872
78,6,7,0,1,4,populaire,363017.7949954729
91,7,4,0,0,8,luxe,619111.3127549707
167,1,7,0,0,49,centre,641737.5569758713
112,2,10,1,0,9,populaire,405245.4518368108
82,2,13,0,0,57,populaire,226045.4567485109
73,7,14,0,0,9,populaire,349172.8249213031
136,7,14,1,1,77,centre,606364.0785095373
129,2,10,1,0,35,centre,543816.2310665034
93,2,5,1,0,73,centre,362400.6217597508
126,4,14,1,1,55,populaire,535002.3177512648
245,1,11,1,0,61,populaire,811131.8804162502
76,2,1,1,0,36,luxe,438013.438147675
237,4,10,1,0,40,calme,918367.0877560477
188,2,3,1,0,47,calme,625308.7045778914
22,3,8,0,0,21,centre,248397.37572838317
139,2,3,1,1,79,calme,452915.7323308726
25,7,4,0,0,60,centre,158467.70410965348
24,6,4,1,0,74,centre,157760.74767636423
24,6,9,1,1,47,populaire,108242.92797144182
73,2,7,0,0,63,calme,259629.32038231406
66,5,5,1,1,36,luxe,416839.4716963099
234,3,9,0,1,40,centre,967699.0794021473
196,1,6,1,1,4,centre,836726.7418825695
28,2,5,0,0,76,luxe,183378.26662339602
118,1,13,0,0,51,calme,412900.399685572
39,3,13,1,0,16,luxe,324552.09071930347
141,2,13,0,0,61,calme,491343.68779957003
80,5,4,0,1,51,calme,311031.54509801813
142,4,14,1,1,19,calme,649062.49412131
182,5,4,1,1,15,calme,743295.2582585532
197,7,2,0,0,6,calme,809353.0098584013
101,5,6,1,1,65,calme,427451.06358878996
81,4,12,0,0,11,centre,459987.43994975346
164,7,9,0,1,42,populaire,646859.8126576402
235,4,4,0,1,39,centre,942351.8576892549
22,6,6,1,1,0,centre,332860.523340604
179,4,14,1,0,57,luxe,781345.5912287207
246,2,1,0,1,2,populaire,875368.3498100213
249,1,8,0,1,7,populaire,910093.6709868388
32,6,7,0,0,74,populaire,117329.95564617358
139,6,14,1,1,60,calme,563138.7788077978
144,1,4,0,1,4,calme,576982.56123544
108,6,1,1,0,25,calme,470666.308838723
92,4,5,0,0,72,centre,449917.39038094855
87,5,7,0,0,16,populaire,352370.1114563016
161,3,6,0,0,65,populaire,552922.2133504848
120,4,7,0,1,50,centre,512344.9184554712
117,7,3,1,1,46,calme,491986.20547483535
30,7,13,1,0,39,luxe,314287.3695041823
124,5,2,1,1,26,populaire,493435.470689433
203,5,6,1,1,39,centre,892756.2113405869
86,6,1,1,0,0,calme,375326.0206349343
142,2,13,0,1,45,centre,657427.0224349814
239,2,4,1,1,10,luxe,1066090.4194188213
48,6,12,1,1,38,luxe,429031.2751809859
156,6,6,1,0,17,calme,684025.1872307205
214,1,0,1,1,46,centre,815814.7667280112
172,1,3,0,1,73,calme,601166.1578272867
245,3,14,0,1,20,centre,1015913.7030133114
95,3,1,0,0,27,centre,410003.72595828056
189,3,5,1,0,0,luxe,873522.9020066845
28,3,11,0,1,13,centre,217088.64241348495
226,5,0,0,1,19,centre,945184.746631347
59,5,6,1,0,72,luxe,357274.19944603083
44,1,2,1,0,44,populaire,106856.51142098784
24,2,11,1,0,60,populaire,36231.993059489614
158,6,0,0,0,26,populaire,547048.4329880481
206,7,14,1,1,55,populaire,739389.9975544997
245,2,7,0,0,51,centre,933194.021059916
235,4,6,0,0,67,populaire,769556.5099328348
143,5,1,0,0,36,populaire,495228.09795448795
226,3,6,0,0,30,centre,919454.4760750384
57,3,2,0,1,48,populaire,181904.2137160013
91,4,14,1,1,52,populaire,344769.00874303444
152,2,12,0,1,38,calme,596478.7250722528
195,3,8,0,1,9,populaire,728279.6680055682
109,2,7,0,0,8,calme,433468.82289968326
165,6,4,0,1,12,populaire,659061.6000710301
217,4,6,0,1,17,centre,898402.1751820141
56,7,2,1,0,11,populaire,237713.68245440358
79,2,0,0,1,71,luxe,385209.16762410424
195,6,0,0,1,4,centre,872789.5018489496
224,2,14,0,1,6,populaire,806277.242818662
47,2,10,0,0,14,populaire,183099.69556958808
216,3,1,1,0,66,centre,831338.8460061894
224,1,7,0,0,17,luxe,908748.7190585667
100,5,0,0,1,37,centre,419599.8775657004
133,2,10,0,0,25,luxe,620812.6829330118
59,2,11,0,0,37,centre,315665.07738709607
64,2,4,1,1,58,centre,264878.5170386627
243,1,8,1,0,51,calme,854325.7059339175
81,6,11,1,1,32,calme,428675.1266161529
112,7,8,0,1,20,centre,525941.5030367825
134,7,1,1,0,16,calme,610687.6345863424
205,4,6,1,1,61,populaire,803027.9278934945
86,3,10,1,1,58,populaire,283536.68701669766
75,1,0,1,1,1,populaire,330677.32727121096
59,6,2,1,0,63,calme,272337.45815053064
117,2,5,0,1,24,calme,451742.87772454985
59,6,8,1,0,40,populaire,285278.7582551005
110,1,9,1,0,18,centre,502203.11814214167
224,1,1,1,1,37,populaire,809703.6391109879
52,1,6,0,1,24,calme,310370.28867148457
25,4,14,0,1,38,luxe,284274.14329742576
235,5,3,1,1,3,populaire,907079.1155660274
166,3,1,0,1,2,populaire,577538.8453465917
99,4,2,0,0,33,calme,383544.79949749453
187,4,5,1,0,9,calme,748056.0648315503
111,5,9,0,1,26,calme,496848.1282746871
116,4,8,1,0,0,calme,453135.68482000945
78,1,7,1,0,43,populaire,295459.9307832562
78,1,9,1,0,51,calme,324022.96445814264
67,6,13,0,1,24,luxe,482000.6136097828
188,2,10,1,0,73,centre,781460.2030140493
32,4,8,1,0,64,calme,207632.74296292933
126,2,3,0,0,79,calme,423459.2392571175
64,3,11,1,1,10,populaire,263910.0626791087
108,7,3,0,0,67,centre,485688.8591496054
200,1,14,0,1,76,centre,808546.8490765421
189,6,8,1,0,14,centre,814041.0763399963
119,3,7,0,1,56,calme,491179.92082569195
210,6,11,1,0,73,populaire,790190.4879527588
174,7,14,0,1,63,populaire,673646.8875460897
185,7,1,0,0,10,calme,701651.4142866945
207,5,7,0,1,19,centre,833656.8080518368
26,1,0,0,1,29,centre,231490.9582420562
152,3,8,1,0,9,populaire,567294.1294570102
64,5,8,1,0,53,luxe,411902.51546373987
77,7,12,0,1,57,calme,383542.5700534918
50,3,14,1,1,78,luxe,382958.81646657246
42,6,7,1,0,28,luxe,334514.06941221515
189,5,10,1,1,0,centre,834117.3982336442
157,5,4,1,0,57,luxe,685339.0440739982
179,1,4,1,0,20,calme,617579.4818161399
126,2,12,1,1,14,populaire,498301.18634121504
200,6,2,1,0,66,calme,727025.0015930859
177,6,4,0,1,32,calme,744376.5423370341
58,5,3,1,0,37,calme,258799.71145757445
178,5,0,0,0,18,calme,654600.1883266326
101,1,8,0,0,3,luxe,558127.1190755263
119,2,14,0,0,75,centre,485186.6976406388
21,6,9,1,0,57,populaire,84533.71684022075
225,7,13,1,0,69,centre,906216.9023037023
96,4,3,0,0,11,luxe,539023.2178482228
240,4,2,0,0,78,centre,937048.840266536
31,2,5,1,0,16,centre,229551.46132243006
58,3,0,1,0,0,luxe,412094.65544077306
213,1,4,1,0,13,centre,831789.3899550164
243,2,14,0,0,1,populaire,870412.5225611333
32,4,6,0,1,3,luxe,231561.24262760647
65,5,1,1,1,65,populaire,201203.86111489806
174,4,9,1,0,45,centre,685047.4835640799
132,5,8,0,0,49,calme,486241.88534427545
36,1,11,1,1,59,calme,162543.02689623932
123,5,14,1,0,51,luxe,614227.2988909524
242,2,5,0,0,47,calme,838046.5717554855
117,5,1,0,0,38,calme,501256.2945558907
207,3,7,0,1,69,calme,777469.7683772789
211,2,7,0,0,59,luxe,869689.3534113398
107,1,0,1,1,29,populaire,389866.1769822805
128,2,11,0,1,26,calme,472422.9402996159
182,3,0,1,0,73,luxe,706574.0162006654
89,1,0,1,1,54,populaire,319046.2293657337
230,4,11,1,1,69,luxe,1054454.613126315
177,3,3,0,1,25,calme,692135.1265269062
218,1,3,0,0,41,calme,845513.4129913496
93,7,7,1,0,66,centre,438535.11051935336
243,5,0,1,1,66,centre,928240.9600162886
245,2,9,0,0,51,centre,953907.8441025515
82,1,2,1,1,5,populaire,246478.0910165229
175,2,10,1,0,9,luxe,790878.5971844777
79,5,0,1,0,37,populaire,259672.27456063384
98,1,8,1,1,76,centre,372006.5929599348
241,4,9,1,0,11,centre,970546.8883040126
56,7,11,1,1,45,calme,326713.60239022254
240,7,8,1,0,48,populaire,912343.9778889529
41,3,6,1,1,71,calme,220746.0791118615
215,1,12,0,0,62,calme,716689.0953593091
167,5,11,0,1,68,luxe,827196.5489025101
115,1,14,1,0,42,centre,530890.5390519609
247,2,7,1,0,59,calme,895714.7177871619
87,6,0,0,1,28,calme,436863.28459826467
238,1,4,0,0,77,centre,826360.9800835626
211,7,14,0,1,73,centre,888838.0826577233
36,7,13,1,0,10,luxe,318962.2900518817
31,7,1,0,1,34,luxe,307283.3865750823
169,4,12,0,1,22,calme,734426.4111248817
164,1,0,1,1,71,calme,574253.9592758977
157,3,2,0,1,20,calme,611070.0940503865
137,1,6,1,1,36,populaire,462378.10328618984
212,6,0,0,1,27,luxe,939083.3295241634
41,7,10,0,1,57,calme,206146.64873777993
237,2,1,0,1,52,centre,946958.9942638603
139,7,1,0,0,27,luxe,645526.6065112435
229,1,3,0,0,41,luxe,936217.3471059186
69,4,14,1,0,72,calme,317867.5680657657
33,5,11,1,0,60,populaire,100425.2645584842
211,1,2,0,1,78,calme,690814.6271733817
194,1,2,1,1,32,populaire,658659.6606397827
48,3,9,0,0,54,populaire,130126.12442809716
223,4,4,0,0,36,centre,900065.9170909862
183,6,2,0,1,46,calme,714064.2719325088
246,5,10,0,0,35,populaire,876075.1559608486
199,7,6,0,1,27,luxe,879341.9913970876
144,2,4,1,0,9,calme,572185.5635594765
223,1,3,1,1,22,populaire,832594.3220642696
26,6,11,1,1,4,luxe,386887.076908857
48,5,2,1,0,5,centre,296909.6652100001
158,2,14,0,0,41,centre,664904.8315132656
52,6,11,1,1,46,calme,288797.0860824108
153,4,3,0,0,27,calme,609626.043797047
130,4,13,0,0,12,calme,540163.7346610028
98,5,14,1,1,24,calme,443001.210849414
179,7,11,1,0,6,calme,736971.1127305791
198,2,1,0,0,65,populaire,645808.0355868401
222,4,0,0,1,79,luxe,828603.4579295575
77,5,2,0,1,57,calme,358432.455695434
234,4,10,1,1,65,luxe,991789.5063840646
45,4,1,0,0,35,populaire,125225.84492946096
245,6,0,0,1,1,populaire,946461.8641919887
193,6,0,0,0,37,populaire,595496.2111359666
245,4,1,0,0,73,calme,880363.8883175992
48,3,12,1,0,13,centre,353220.74384376226
23,6,12,1,0,26,centre,192345.853866165
228,2,8,0,1,14,calme,866364.7123978018
118,5,12,1,0,11,calme,544575.4103774404
160,5,12,0,0,42,calme,584878.4008430431
58,7,4,1,0,56,populaire,227382.1660378621
34,2,8,1,1,47,centre,303622.22042518505
138,2,7,1,1,60,centre,581815.1639965695
48,2,12,1,1,43,luxe,362821.9731354733
176,7,10,0,0,51,luxe,768884.1908611458
94,2,5,0,0,61,centre,417891.90037131356
135,1,0,0,1,1,centre,499734.79094895546
51,7,9,1,1,70,populaire,210401.1745957958
149,5,4,1,0,30,luxe,741973.7041231742
194,1,11,0,1,72,calme,624004.5016612541
225,7,0,1,0,71,populaire,721072.0228385907
103,4,6,1,1,32,luxe,521175.7869046147
41,4,9,0,0,4,calme,278686.8531495859
222,5,13,1,0,77,calme,811905.0542830849
46,4,10,0,0,57,centre,270896.27356372814
214,2,7,1,1,76,centre,844056.5587472824
100,7,7,0,1,10,calme,434182.4330393342
145,1,6,1,0,22,calme,550817.3411182393
203,2,1,1,1,44,centre,796659.1151707115
111,4,4,1,0,26,centre,520831.4838180763
240,6,3,1,1,78,centre,949831.4568257801
40,1,4,1,1,55,centre,216029.77772715673
66,2,9,0,0,58,luxe,395942.52167435206
227,7,8,1,1,79,centre,951010.9361089661
120,5,14,0,1,39,populaire,415553.52799946803
206,2,3,0,0,17,populaire,696544.536547737
103,6,14,0,0,50,populaire,379452.13962713146
25,4,14,1,0,60,centre,193037.9645881823
166,1,11,0,0,22,calme,647521.6733199805
204,5,7,1,1,35,calme,829193.7712994267
216,1,7,1,1,37,luxe,945866.3104220944
150,5,1,1,0,71,centre,622393.9146413982
20,7,13,0,1,55,populaire,102511.56048273972
77,1,5,1,0,38,calme,296383.5770816536
143,4,4,1,0,75,centre,610347.3640590875
185,7,1,1,0,68,populaire,631609.1984589307
34,7,11,0,1,27,populaire,206193.2404903564
181,5,9,0,1,20,populaire,658831.1524855393
208,3,3,0,1,61,populaire,713038.9582927099
182,1,6,0,0,22,populaire,629212.1215945315
83,1,12,1,0,20,luxe,488968.8930728521
44,2,0,0,1,74,populaire,147708.68585758912
43,5,14,1,1,15,luxe,368522.3580784219
31,6,8,0,1,61,populaire,127976.93189840634
37,3,9,1,1,64,populaire,148369.61142208675
34,4,11,0,0,79,populaire,101950.80123129691
227,2,0,0,1,4,populaire,801216.0441228779
46,3,14,0,1,45,luxe,355540.54369433265
91,5,11,1,0,63,centre,421932.17173454456
79,3,4,1,1,40,calme,371699.43598789803
193,7,6,0,1,43,luxe,882136.2793416785
236,1,7,0,1,14,luxe,1004081.2131177747
164,7,1,0,0,67,luxe,737130.419188406
112,1,3,0,0,50,centre,423025.4340296546
72,2,1,0,1,53,calme,258223.47866051097
27,5,3,0,0,67,centre,123709.61277469469
98,5,14,1,1,76,calme,415952.81453658256
46,3,5,1,1,41,calme,212951.98383583006
193,2,5,1,0,45,calme,706609.3927411201
69,5,11,1,1,24,centre,441648.70830782794
218,6,12,1,0,66,calme,828060.2167042036
150,6,1,1,0,34,populaire,585732.913873763
112,7,10,0,0,72,luxe,571563.8928261383
211,1,3,0,1,77,calme,729052.3129899532
191,3,3,0,1,21,luxe,822898.8036157052
200,4,13,0,1,8,centre,854597.385877443
43,1,0,0,1,23,centre,225444.20965022748
79,2,14,1,0,22,populaire,333026.65084880346
141,5,13,1,1,60,calme,643564.4419170973
150,1,1,1,1,36,luxe,716937.1773079647
167,4,13,1,0,44,luxe,749279.3645900222
65,4,2,1,0,14,luxe,424145.28072723147
34,6,12,0,1,56,centre,240195.85502718092
172,2,14,1,0,13,calme,674320.0376268749
241,1,10,1,1,51,populaire,834771.0780843573
225,3,4,1,1,35,populaire,801530.5331780263
218,1,10,0,0,26,centre,902100.7091295655
36,6,7,0,0,16,calme,233867.22467177932
145,7,14,0,1,40,populaire,590277.0909190757
103,4,5,0,1,3,populaire,438952.1024021206
247,2,2,0,1,2,centre,1009157.1130747565
28,2,5,0,1,18,luxe,320945.9068307517
185,3,6,1,1,40,populaire,653352.5254802536
195,2,5,1,0,39,centre,797285.948291969
207,6,9,1,1,57,populaire,819357.6904280229
82,6,5,0,0,38,populaire,277372.3534599383
233,6,0,0,0,6,centre,939307.9745108531
136,2,2,0,0,35,centre,532554.7918099548
149,2,6,0,1,75,calme,603166.6150023234
107,6,3,1,1,19,populaire,404595.4045542095
91,2,11,0,0,75,luxe,438809.5390569255
158,2,3,0,0,28,luxe,715764.3154450062
83,4,6,0,0,67,calme,299021.9326139412
224,1,8,0,0,65,calme,755256.1317478167
228,5,13,0,0,46,centre,883405.1677284526
91,2,10,1,1,22,luxe,513986.7632421852
40,5,12,0,0,5,populaire,172958.8944113269
37,7,12,0,1,17,centre,349798.7885993179
241,5,14,1,0,52,populaire,848720.074805455
83,4,1,0,0,21,luxe,445424.46243658295
101,2,8,0,1,67,centre,434334.2786935433
129,6,2,1,1,74,populaire,465210.48598436126
114,5,5,1,0,34,calme,384384.87588574574
185,2,3,1,1,74,populaire,588424.1076893628
51,3,0,1,1,8,populaire,200339.52182632734
30,7,8,1,0,30,centre,225659.7197453218
64,6,10,1,0,42,luxe,455872.41663146176
236,3,14,1,0,74,populaire,760125.7568583132
52,3,5,1,1,16,populaire,252530.284120895
121,5,7,1,0,50,populaire,369035.6746918724
188,3,14,1,0,65,populaire,648428.9126958062
155,4,14,0,1,23,calme,694424.1083091995
30,4,1,1,0,14,luxe,280157.4668872148
233,5,6,1,1,27,luxe,1036202.48441227
198,2,5,1,1,2,centre,866830.0187336276
107,1,1,1,0,28,populaire,383480.9202261964
60,2,1,1,1,51,centre,305070.6343868185
164,2,3,0,1,53,calme,601542.5908431674
95,2,3,0,0,57,calme,335736.02808271145
140,2,2,0,1,44,populaire,428297.3420910833
65,6,7,1,0,76,centre,289755.0134548468
179,1,13,1,0,49,centre,709581.1507381275
226,6,6,0,0,21,luxe,1000204.5104848921
99,3,1,1,0,51,centre,499623.41794875264
73,7,2,1,0,52,calme,355922.1636097709
105,2,9,0,1,30,calme,425032.91502361227
111,7,8,1,1,70,populaire,434811.907042457
167,4,12,1,1,47,centre,663584.3261826055
180,5,4,1,0,30,centre,755533.8327389364
221,5,1,1,0,3,calme,898041.1469394872
187,6,2,1,0,34,populaire,700297.697453975
179,6,7,1,0,66,luxe,797512.6653893793
116,4,3,1,1,63,luxe,591094.7936137955
21,2,13,0,1,8,populaire,103435.97495488137
244,7,1,0,0,45,populaire,872871.3445010294
52,7,1,1,0,55,luxe,335756.3549803226
224,1,5,1,0,55,calme,770133.7961402332
177,3,7,0,1,25,centre,776409.276232463
180,5,6,0,1,59,luxe,797441.0950962631
96,3,3,0,0,76,populaire,289265.86050532636
135,1,1,0,0,71,populaire,369957.32105765253
173,6,8,0,1,47,centre,700709.3873488912
169,7,3,0,1,57,populaire,594156.3631945007
122,5,8,0,0,62,calme,483746.1128204179
213,3,4,1,0,57,populaire,659615.004389155
185,6,13,0,0,2,centre,817718.6615498317
122,1,11,0,1,6,luxe,643430.8047678923
109,3,14,0,0,51,calme,402035.2384820507
193,7,11,1,1,61,populaire,728742.9690469927
141,2,10,1,0,1,centre,632410.0746079441
162,6,10,1,0,32,luxe,753994.424473493
245,1,13,0,0,11,luxe,1028081.1661785955
125,3,6,0,1,47,centre,532077.0060535789
138,7,11,0,0,75,luxe,623872.8681203331
191,2,4,1,1,52,luxe,819057.6305371406
68,2,14,1,0,73,luxe,377297.24507952796
123,1,1,1,1,40,luxe,596109.6226173589
222,4,5,1,0,57,centre,921688.4057378841
80,7,6,1,1,67,centre,380953.47680610185
214,7,13,1,0,22,populaire,858604.9333132682
142,5,14,0,1,35,populaire,513075.10486059816
153,1,10,1,1,20,calme,620424.8804816263
28,2,12,1,0,71,luxe,263575.5364739196
25,2,5,1,1,54,luxe,261711.6932418061
92,1,12,1,1,55,calme,305360.36139005714
122,4,13,0,0,12,centre,593568.268627069
242,5,2,0,1,21,centre,989699.4729106501
179,3,9,1,0,6,calme,706814.2917554759
60,1,7,0,0,23,populaire,187074.88048230778
133,5,2,0,1,60,populaire,472318.4335926061
223,7,13,0,1,4,luxe,1060082.4001742261
27,5,4,0,1,49,populaire,119987.12906616778
91,6,8,0,1,61,centre,412047.3001081137
197,2,10,0,1,54,calme,735132.4105994573
111,3,4,0,0,25,calme,416205.0233493429
81,1,14,1,0,9,calme,390488.45869322703
103,2,6,0,1,10,populaire,375177.23702119454
81,6,10,1,1,39,calme,412594.02285605075
130,6,13,0,1,10,calme,575581.6902229913
146,2,6,0,1,3,populaire,542570.6194067608
26,4,4,0,1,1,centre,232247.45139001886
222,5,1,1,0,76,luxe,881586.8222092662
103,1,4,0,0,38,centre,453225.81784864934
227,1,6,1,0,22,populaire,809555.1035486114
151,1,6,0,1,44,calme,528425.2041103609
153,2,3,0,1,73,luxe,633916.4716387207
77,7,0,1,1,76,centre,360660.9736999062
41,4,5,0,0,41,luxe,342011.139917269
173,3,12,0,0,41,centre,724513.9787122954
146,6,14,0,0,28,centre,657497.140614376
22,2,13,1,0,15,populaire,55552.274781808876
146,7,2,0,1,66,centre,632695.5294000178
60,3,10,0,1,59,calme,266071.07616844494
207,6,4,0,1,3,populaire,779152.0737786551
125,6,3,1,1,15,luxe,713152.7044279864
33,4,14,0,1,40,populaire,137502.16901621502
222,5,12,1,1,5,centre,996428.5422143242
229,1,1,0,0,41,luxe,911473.6126225117
31,3,11,0,1,56,calme,138833.67917669824
106,2,14,1,1,27,populaire,369621.9912528065
31,3,6,1,1,22,centre,241104.5230698607
160,5,13,1,1,75,luxe,747333.3208728385
44,1,4,1,1,41,calme,177356.78593918178
64,3,14,1,1,11,calme,318736.5787106484
141,5,13,0,1,63,populaire,541768.684197386
166,2,6,0,1,57,luxe,748264.3455743873
74,4,8,1,0,50,centre,414922.2017455438
119,7,3,0,0,28,luxe,565987.7884279069
192,6,4,0,0,18,calme,813244.6529447922
155,2,8,1,1,44,luxe,695881.9322929806
240,1,12,1,0,53,populaire,776540.8495734285
138,6,9,1,1,79,luxe,674507.9185540901
72,7,10,0,0,65,luxe,371206.414516615
202,2,13,1,0,71,populaire,709498.5820672938
51,2,12,0,1,12,luxe,385661.3565198442
70,2,3,1,1,64,populaire,200893.67462419794
63,2,4,1,1,11,populaire,282564.7586352106
101,6,12,1,1,70,populaire,378434.9345770072
217,1,4,1,0,13,calme,820562.8822306622
165,7,7,0,0,41,luxe,789320.4111440365
230,5,14,0,1,75,populaire,789079.1421422765
169,3,12,0,0,47,centre,646842.7905464116
56,4,14,1,0,23,centre,332086.603038201
115,7,3,0,0,64,calme,413951.859664616
75,3,3,0,1,16,populaire,269588.02474453114
124,3,12,0,1,37,populaire,420959.3006634629
78,4,6,1,1,27,calme,363643.4908332607
150,7,10,0,0,32,luxe,706092.981904529
175,6,4,1,1,23,populaire,662268.8138006324
221,1,5,1,1,69,populaire,770325.3078917234
54,4,5,0,0,3,centre,293725.8340036416
208,1,11,0,1,32,populaire,739527.8279788288
112,6,5,1,1,9,calme,473739.81159554224
201,3,13,1,1,35,centre,829605.4134114595
210,1,9,1,0,76,calme,717251.1805338686
226,6,4,0,1,72,calme,848734.2690036511
116,6,12,1,0,30,populaire,438424.93376609567
154,5,12,1,0,3,luxe,800932.7872511568
95,4,4,1,0,7,populaire,357877.6507122188
68,5,8,0,0,26,luxe,461748.44723224966
113,3,12,1,0,35,centre,446736.25446277834
232,4,7,1,0,8,calme,914206.4614515414
178,3,14,1,1,42,calme,718029.6346576404
205,5,3,1,1,23,populaire,737455.8344078443
208,7,6,1,0,36,luxe,939032.9373317851
43,6,7,0,0,40,calme,238964.80184419098
167,3,11,0,1,25,calme,704106.9391692897
56,4,8,1,1,3,luxe,425436.9106354976
23,4,4,1,1,0,calme,190319.36821796026
239,3,2,1,0,19,calme,888458.4113660402
127,4,14,1,0,44,calme,524992.9960990276
145,6,12,1,1,68,luxe,680426.9860373669
39,7,3,1,0,51,luxe,349014.6355405897
207,6,14,0,0,63,centre,780813.7609479817
171,4,9,1,0,20,calme,689560.9999849992
69,3,5,1,0,79,calme,216112.33066530988
196,5,9,0,1,71,centre,781557.8516525526
198,4,10,0,0,75,luxe,852252.1776345909
115,4,4,0,0,24,luxe,582050.0529235225
124,4,8,0,0,66,populaire,385918.9081926437
183,4,12,1,0,25,luxe,865998.7073647794
136,3,10,0,1,26,populaire,417934.1537841406
117,5,10,0,0,51,centre,506482.2672858366
247,5,13,0,0,62,luxe,1003536.93364183
85,1,2,1,1,44,centre,397326.89823088725
98,4,1,1,0,57,populaire,247073.02657627402
181,4,5,1,0,37,calme,687536.0235842847
183,1,12,0,0,34,calme,661210.5126947892
25,5,6,1,0,45,centre,226627.2998624676
58,2,4,0,1,70,calme,197230.7700182151
189,6,0,0,1,2,centre,812841.4385522165
134,2,2,0,1,5,populaire,490130.7494869259
205,5,2,0,0,12,calme,798792.3913538435
144,7,11,1,0,45,populaire,544687.5911394192
31,4,13,1,1,78,luxe,283350.5604268119
150,2,3,1,1,32,calme,593983.7538783404
37,3,13,1,0,78,calme,233795.70614037133
59,3,9,0,0,61,calme,179720.57961769096
40,1,5,0,0,62,centre,154264.1619635567
162,5,4,0,0,55,luxe,718587.7362010226
244,5,0,0,0,38,luxe,1049387.9450615665
118,2,14,0,0,59,luxe,580613.7402583272
45,4,5,1,0,77,populaire,156626.13978195857
27,5,13,1,0,23,luxe,311439.8836720454
119,2,13,0,0,49,centre,530731.6033054169
241,2,8,0,0,32,centre,909518.4624747343
106,6,10,1,1,75,populaire,418475.898335064
61,6,0,1,0,73,populaire,201175.60823622544
191,5,7,0,0,6,luxe,882707.6461713305
33,2,7,1,0,45,luxe,229867.7369870135
97,1,2,1,1,61,centre,354390.9834471168
21,1,14,0,0,0,centre,182780.78156246906
138,6,12,0,1,78,luxe,656205.148691626
56,5,8,1,0,64,centre,259364.2895229026
88,4,10,1,1,44,populaire,366773.87300201127
185,7,12,0,1,54,centre,762799.3843841114
60,1,12,1,0,65,luxe,361265.1434637613
81,1,10,1,1,66,populaire,253673.35757756012
79,6,7,1,1,79,centre,409948.45544515253
144,6,2,0,0,53,populaire,459071.27462772455
130,5,9,1,0,62,luxe,577850.9950907326
33,6,4,1,0,53,centre,241678.072500259
236,3,2,0,0,51,luxe,984596.4037600296
103,7,4,0,0,53,calme,434943.2830038606
149,2,8,1,0,66,luxe,629996.4044691068
89,1,14,0,1,36,calme,393791.5351682329
164,3,11,0,1,11,populaire,632049.7631954774
142,4,3,1,0,58,populaire,445753.43606403086
108,3,5,0,0,19,calme,452471.09528540587
47,5,2,1,0,31,populaire,186776.1860627322
85,4,2,1,0,70,populaire,269641.9348464912
182,4,4,0,1,43,luxe,770507.6664807983
248,6,7,1,1,65,calme,976686.3291857012
24,3,13,1,0,77,centre,141721.0156604651
212,5,7,1,1,54,populaire,747562.521320381
187,1,2,1,1,15,populaire,682154.5056783791
223,7,7,1,0,70,centre,882947.7446869519
203,6,12,0,0,67,luxe,834427.5981146545
183,3,10,0,1,51,luxe,855384.010894803
64,1,12,1,0,36,luxe,393845.2901615019
170,3,7,1,0,45,centre,688385.0330940038
66,6,2,0,0,40,luxe,404061.16323920287
50,1,9,1,1,4,populaire,214460.54673639918
158,6,14,1,1,65,luxe,763897.6073400839
29,3,12,1,1,4,populaire,200721.5802683853
214,4,14,0,1,62,centre,902422.751452605
137,7,9,1,0,2,luxe,721806.0532897224
33,2,1,0,0,7,luxe,300791.8122384031
99,7,9,1,1,25,populaire,443311.23245217744
221,4,1,1,1,73,centre,878182.9132504619
112,6,8,0,0,52,luxe,604144.3253636268
29,7,6,0,1,75,centre,234056.45245407926
95,6,5,1,1,28,populaire,402016.73540873727
113,6,6,1,1,13,populaire,450463.3465455338
124,1,7,1,1,4,luxe,648099.0193218435
20,5,11,0,1,26,centre,184621.2050758889
152,6,0,1,1,67,populaire,553834.9947954256
39,7,7,0,1,28,centre,302078.5825451642
27,7,2,1,0,2,calme,178554.4113799691
190,7,2,1,0,29,calme,750923.6132244301
223,4,5,1,0,8,luxe,965256.5853737264
20,2,3,1,1,0,centre,232085.31199771535
76,6,3,1,0,22,centre,396178.19653651526
83,6,3,1,0,66,populaire,242806.59764479543
137,6,9,1,0,31,centre,634875.6855630019
231,1,8,0,0,5,centre,915699.8319495749
47,6,7,1,1,76,populaire,181235.1297036555
140,4,2,1,0,48,luxe,617927.9527779304
126,3,0,1,0,14,populaire,469632.3958096288
184,5,0,1,0,57,calme,688607.19102327
194,7,0,0,0,52,centre,771807.4946368884
248,6,3,0,1,29,centre,967262.1095296616
223,1,13,1,1,75,luxe,889845.5058033878
184,4,5,1,0,39,calme,832983.5099880176
68,6,3,0,0,58,centre,291405.5352620355
139,1,10,0,0,62,populaire,371285.28767192224
63,3,10,0,0,47,centre,291936.90577594494
75,2,2,1,1,67,luxe,398785.47675114643
175,6,7,0,1,6,populaire,652993.5185709195
130,4,13,0,0,46,centre,530347.0462560519
226,1,7,1,1,42,luxe,954435.4553011233
153,1,5,1,1,15,calme,626433.4944223075
127,6,8,1,0,21,populaire,452499.9037808122
208,1,11,0,0,62,populaire,666130.3221380725
167,2,9,0,1,45,calme,637447.5114224544
133,1,0,0,1,44,populaire,424331.1174395266
97,7,12,0,1,40,luxe,542899.9756867257
149,5,7,1,0,24,calme,585748.326742638
220,7,5,0,0,49,centre,932893.6158184505
56,5,0,1,0,66,luxe,274891.503194708
39,1,3,0,0,51,calme,172259.9185506608
45,6,4,0,1,30,centre,261224.86348399188
48,5,6,0,0,36,luxe,351210.4762022121
20,4,7,1,1,21,luxe,290346.3097650699
138,5,8,0,1,26,populaire,491816.1722607623
54,7,11,1,1,1,populaire,289232.4188622638
217,1,11,1,1,21,calme,833586.0419937125
248,6,5,1,0,52,centre,981831.3304685743
78,3,9,1,1,16,luxe,528458.5263978897
88,6,8,0,1,55,luxe,541687.1434855912
180,6,3,0,0,30,calme,682980.3760989009
198,6,7,1,1,42,populaire,750372.6882001477
225,4,2,1,0,71,luxe,956059.5872826567
31,2,3,0,0,52,luxe,219508.52308537476
39,7,9,0,0,4,populaire,218488.13011387753
200,1,3,1,0,1,centre,881405.5098380679
235,2,5,0,1,58,centre,860293.8353444143
62,3,14,0,0,3,populaire,266359.35098664544
145,2,8,0,1,33,luxe,650266.003463818
245,1,5,1,1,66,populaire,807746.8477380596
236,7,0,1,0,72,centre,904730.8003747837
69,7,4,1,1,5,calme,402785.6933292877
48,1,8,1,1,57,calme,272785.1691472262
204,3,4,1,1,46,centre,803088.4343922184
58,1,5,0,0,4,centre,329261.6615022609
242,3,2,0,1,60,centre,893946.3338888804
203,3,7,0,0,55,populaire,666318.2327511002
190,1,9,1,0,34,calme,753383.2739582611
197,5,10,0,0,12,centre,856205.8802973231
170,7,12,1,1,25,luxe,836645.2616616944
191,3,3,1,1,63,calme,698332.5083702982
57,1,3,1,1,78,populaire,166556.8269945176
103,5,10,1,0,10,luxe,565878.2816423969
170,7,11,1,1,61,populaire,626602.6914201326
147,3,4,1,0,79,centre,556456.3813709497
145,7,13,0,0,46,centre,632151.329213253
64,5,9,1,1,69,centre,320500.54316474346
71,7,14,0,1,74,luxe,393459.11222310225
99,4,8,1,0,57,centre,487063.31633364403
197,6,12,0,0,9,calme,829127.750662988
143,4,7,1,1,15,centre,651880.841993097
138,5,6,1,1,11,calme,586843.4398201474
27,3,4,0,1,70,luxe,268589.8926183639
104,1,8,1,0,49,populaire,350027.85309893196
148,2,8,1,1,14,populaire,535538.6817189063
27,1,9,0,1,58,calme,139724.8922198271
176,7,9,0,0,69,luxe,787421.6324632221
115,2,1,1,0,61,calme,422529.3679691724
121,2,3,0,1,71,centre,504359.42645685736
24,7,7,0,1,61,centre,222031.16142427566
105,7,12,1,1,49,centre,553117.396314618
194,3,13,0,0,76,populaire,693985.0168250174
53,5,0,1,1,53,calme,275008.27484426583
212,1,12,0,0,53,luxe,943542.1729837225
74,5,14,1,1,27,calme,420827.5577393785
138,4,4,1,0,50,calme,528627.6052773192
237,3,7,1,1,73,calme,830083.0288832008
190,3,1,0,1,32,centre,801126.870164921
221,4,1,1,1,0,centre,891744.7365824833
177,1,12,0,0,68,calme,630157.5436312119
133,6,7,1,0,0,centre,656173.8541195194
229,4,9,1,0,54,populaire,768314.7961656596
164,1,11,1,0,44,centre,638105.4050863863
45,2,8,0,1,72,populaire,89578.32320100666
155,7,6,1,0,79,populaire,602439.5085556656
66,3,7,1,0,39,calme,313032.969953088
132,1,4,0,1,60,calme,458291.874520266
95,5,0,1,0,35,centre,396294.64878557227
238,7,3,1,1,23,luxe,1044849.0920865806
91,5,14,0,0,79,calme,338653.4380712799
108,7,1,0,0,13,populaire,400352.03173441533
65,3,2,0,1,74,populaire,211256.79032310142
215,4,11,1,1,0,centre,887175.2288721754
52,6,2,0,1,46,populaire,232619.78956759087
20,4,8,1,1,75,calme,71804.5146819333
166,1,12,1,0,20,centre,687750.2669594138
50,4,14,0,0,72,centre,230115.65621454414
227,3,9,0,1,38,luxe,1004338.0640789901
161,1,14,1,1,2,centre,757713.2925508149
72,2,3,0,0,15,luxe,437263.383269504
67,4,1,0,1,67,calme,282777.85364701663
88,4,2,1,0,25,populaire,313941.2126991025
124,6,2,0,1,53,calme,545238.2435291957
109,1,13,0,1,12,centre,475481.08272020123
209,5,6,0,1,60,luxe,916914.1531151519
239,4,7,1,1,19,populaire,919038.3035519565
213,3,12,0,0,26,centre,880984.2251060259
211,4,10,0,1,1,calme,873363.2276442501
217,6,12,1,0,9,centre,944547.2802995659
82,2,5,1,1,59,luxe,469766.2571026752
92,6,3,1,1,18,calme,441013.953857739
180,4,5,1,0,14,centre,803800.9795056805
188,5,12,0,1,46,luxe,917709.5283226282
108,7,10,1,0,23,centre,484544.3628906145
195,4,0,1,1,15,luxe,880681.8687952993
32,1,12,0,0,59,centre,133528.13472255116
92,4,9,1,1,79,calme,356423.9993256171
96,5,7,1,1,48,calme,430715.42329891457
178,1,0,0,1,3,calme,704130.4396217006
222,3,14,1,1,65,calme,840045.5293699745
87,1,4,1,1,48,calme,368570.1886710386
117,6,1,0,0,30,populaire,399400.7935695368
144,2,14,0,0,65,centre,554856.5778945835
121,6,5,0,0,53,calme,499878.24618695717
151,7,8,0,1,1,populaire,603578.7422215272
121,1,4,0,1,60,populaire,342828.865313498
38,3,3,0,1,14,centre,321952.48439305206
217,4,13,0,0,59,luxe,944646.4901945728
245,1,1,0,0,42,centre,912391.8702945507
101,6,11,0,0,39,centre,503269.4523011895
160,1,2,0,1,29,luxe,727519.8532316727
42,1,5,0,1,62,luxe,227354.64732490276
102,1,7,0,0,23,calme,402596.40601620404
128,3,13,1,0,43,luxe,604298.4143693269
94,5,7,0,0,13,luxe,533387.1016135523
148,5,4,0,0,27,centre,641130.9905841454
107,1,4,0,1,13,centre,508063.32318397023
73,3,9,0,0,55,centre,298925.8735704708
218,3,13,0,1,33,luxe,927525.7704562023
108,7,12,1,1,77,populaire,395774.62716855214
232,1,2,1,1,11,calme,933925.6253824882
162,6,14,1,1,55,centre,704096.100333157
84,6,6,1,1,60,populaire,337047.41041279264
95,2,14,0,1,60,calme,378824.3224441637
218,1,12,1,0,39,centre,841142.2498906291
162,2,5,1,0,19,populaire,577033.213367749
168,6,14,0,0,41,calme,698755.5232498184
166,6,0,1,0,6,centre,750214.6648290863
79,1,3,1,1,78,centre,293236.1200548248
112,2,5,0,0,72,populaire,340050.9761782258
236,2,10,0,1,67,luxe,1017916.3993504866
180,1,5,1,0,30,luxe,794147.325980635
68,7,10,0,0,69,centre,372926.2516892001
243,2,13,1,1,75,populaire,888713.9571749965
54,7,14,0,1,46,luxe,415919.26895940397
191,4,11,1,0,50,luxe,843641.1741229697
121,6,11,1,0,57,luxe,626394.2517299098
237,5,2,1,1,21,populaire,916118.3597579085
30,7,5,0,1,23,populaire,157226.34340796256
118,7,11,0,1,33,calme,497599.41673561523
219,7,9,1,1,62,luxe,988293.2732530261
129,3,5,0,1,59,populaire,460348.10744742973
225,2,11,0,1,18,calme,883488.0008261536
93,2,8,1,1,23,centre,466666.6048162639
213,3,8,0,1,63,calme,787343.334780412
193,2,1,0,1,19,luxe,841452.7539081756
28,3,3,1,1,26,populaire,161123.30113282462
22,7,8,1,0,57,luxe,217484.78564458672
104,1,14,0,1,43,luxe,531750.0741279256
45,4,13,0,1,64,centre,230030.94167004406
91,7,12,0,0,45,populaire,346517.9528020047
67,4,3,1,1,53,populaire,250418.5249200956
213,6,7,0,0,38,centre,876676.3753658638
217,7,9,0,1,6,populaire,845753.9256543237
175,5,11,0,0,53,calme,713217.0444143998
136,2,2,0,1,42,luxe,631167.9797258961
240,5,2,0,0,19,centre,923156.9239569249
173,1,8,0,0,24,centre,718543.2768946429
172,4,10,1,1,42,luxe,815097.8249950376
31,7,9,1,1,72,centre,210709.17098226724
152,1,7,1,0,26,populaire,546926.5043722716
245,1,0,0,0,24,populaire,806751.1191055558
67,2,9,0,0,35,luxe,415558.3173118324
56,1,13,1,1,65,centre,244153.52391467083
226,7,1,1,0,8,calme,906248.7861077272
63,7,2,1,0,78,luxe,394405.6509932914
247,4,13,1,0,52,populaire,841499.1069966606
34,7,10,1,0,20,populaire,199696.16755772792
62,5,1,0,1,49,populaire,250983.970200299
195,4,2,0,1,15,calme,765392.6190145271
106,2,7,0,0,65,populaire,331789.5530414016
89,4,10,0,1,25,luxe,492639.3877288267
65,3,10,0,1,43,luxe,490340.60319689114
127,5,11,1,0,28,luxe,653686.8297263747
142,3,13,1,0,45,populaire,512937.3433785861
190,3,5,0,1,70,calme,686960.8337578666
40,6,14,1,1,48,calme,235182.23540985442
170,7,13,0,0,14,populaire,685932.5483441792
126,2,6,0,0,16,centre,464793.8537955375
99,1,9,1,0,8,centre,406782.0438611617
66,3,14,0,0,76,luxe,372607.34766473644
136,4,14,0,0,31,calme,541968.7143542615
143,1,12,0,1,65,populaire,494861.6634454387
162,4,9,1,0,58,calme,606460.9149838467
44,4,5,1,0,31,calme,177854.5737886117
55,1,0,0,0,42,centre,238509.47308457643
222,1,10,0,0,58,calme,780960.4815631153
70,7,2,1,1,29,calme,332525.6665957528
34,4,12,1,1,10,populaire,211588.26073175657
87,2,0,1,1,79,populaire,271208.4563853632
40,7,11,1,1,25,calme,252424.58221319324
160,5,14,0,1,1,calme,651012.3462678484
233,6,9,0,1,33,populaire,871154.2859281884
38,5,11,0,0,40,centre,216309.969653719
53,2,8,1,0,30,populaire,157717.90784564585
97,7,12,1,0,62,populaire,363228.16217375256
144,6,8,0,1,54,populaire,527424.9523705677
215,7,4,1,1,60,populaire,800588.2587151524
136,1,3,0,1,35,populaire,488708.7361656834
71,6,11,1,0,39,centre,372587.84472425136
46,4,8,0,1,22,luxe,382628.71323860786
176,5,8,0,0,25,populaire,631774.0196037414
175,6,14,0,1,17,populaire,718809.0783715561
54,4,2,0,0,78,centre,209553.3327275094
155,7,4,1,1,33,luxe,788227.0653824079
163,2,2,0,0,27,calme,582687.1753661241
125,6,9,0,0,48,centre,520286.9434967055
183,4,1,0,1,63,populaire,605806.6857630046
177,7,0,0,1,70,calme,616434.8902611806
165,7,11,1,0,62,centre,732095.7727161061
21,7,9,0,1,61,calme,134310.66564297024
196,2,1,0,1,41,centre,753177.1508942136
96,1,7,1,0,23,centre,402982.2236710511
151,2,10,0,0,34,calme,602996.3241097849
109,2,7,0,0,76,luxe,497512.8040298323
108,5,2,0,1,54,calme,454525.4528261055
113,7,6,0,0,48,calme,474594.14295405324
222,4,6,1,1,76,luxe,943049.9026983316
26,6,1,1,1,58,calme,179965.87405666086
114,5,8,1,0,21,luxe,637476.9731101807
127,7,2,1,1,60,luxe,609078.2650687679
93,3,1,1,1,79,luxe,446378.18811381963
58,2,11,1,0,29,populaire,179459.01945686585
160,3,2,0,0,68,centre,623997.7292156088
178,7,1,0,1,59,populaire,649237.8239272294
90,5,14,0,0,5,centre,489543.38455856795
210,4,7,0,0,10,populaire,682493.227442383
75,5,4,1,1,23,luxe,469518.39550736104
189,4,2,0,0,78,populaire,536089.7238579363
208,4,4,0,0,50,centre,864536.9930828983
61,7,10,1,1,18,populaire,304310.5177353736
203,1,10,0,1,49,calme,726976.343718364
55,7,7,0,1,2,calme,330832.07226962637
103,2,6,1,0,2,luxe,554956.1094509101
215,5,5,0,0,30,populaire,821810.7675925641
137,4,13,0,1,46,populaire,493729.205058985
26,7,12,1,0,7,centre,278567.7894856723
73,7,0,0,0,16,centre,371707.840629573
148,5,9,0,0,44,populaire,585284.9965892462
191,5,0,0,0,59,centre,786671.2012489163
139,4,0,0,1,74,calme,453816.3061352122
192,6,13,0,1,20,calme,823610.0898106874
125,3,9,1,0,69,luxe,594941.3436177045
66,2,13,0,0,20,calme,273724.206348367
142,2,7,0,0,57,centre,524201.3973750373
160,6,7,0,1,54,centre,619099.5092826003
138,1,13,1,1,27,centre,626281.6956199826
169,6,6,1,1,74,centre,663717.5285252482
137,1,5,1,1,45,populaire,478795.53421350755
40,1,3,0,1,43,populaire,80347.1716965217
233,6,0,0,0,24,populaire,795641.8446966449
239,2,14,0,0,70,populaire,796007.6141755343
156,3,14,0,1,48,calme,653518.4867354989
45,2,8,0,1,45,centre,225474.22024302604
28,7,14,1,0,62,calme,187224.24951228712
34,2,0,0,1,76,centre,166086.39540916035
29,2,3,0,0,11,populaire,94137.08751028248
235,6,2,1,1,77,calme,893794.454536555
141,6,6,1,0,56,centre,604988.9296663392
140,7,4,1,1,72,populaire,458758.8007146981
144,7,4,1,0,63,luxe,723139.6708252368
189,6,3,1,0,30,centre,804346.680764861
91,2,0,0,1,3,luxe,499103.4756134488
171,3,4,0,1,53,centre,653515.0802523943
227,1,3,0,1,64,populaire,735546.2345962883
68,5,13,0,1,5,calme,395221.09622999956
173,1,9,0,1,64,centre,629572.9744987678
110,7,12,1,0,21,luxe,597820.758626362
56,7,7,0,1,16,populaire,261437.40989475162
87,1,1,0,1,58,centre,310280.7334382787
69,5,7,1,1,28,luxe,433378.84549318376
171,2,0,1,1,66,centre,659224.5958140485
38,3,12,0,0,16,luxe,247458.17269095525
119,3,3,0,1,1,centre,544283.130158571
79,1,2,1,1,31,calme,295057.23007142823
186,5,4,0,1,21,calme,783490.8678627514
221,7,12,1,1,57,calme,868866.3396117869
108,4,4,0,0,52,calme,436151.5536955066
165,2,4,1,0,46,populaire,566076.3312623266
166,1,11,1,0,3,calme,641331.1872152616
183,3,3,1,0,37,centre,745057.137334622
221,7,7,0,0,12,populaire,876506.7174736478
244,6,2,1,1,60,centre,974488.7449408303
202,6,11,1,0,63,luxe,880348.8928325551
88,5,3,0,0,76,calme,339418.1883682582
194,5,0,0,1,32,centre,811525.6971225543
68,1,6,0,0,37,centre,291912.57435358275
246,4,0,1,0,28,centre,880869.4293879163
127,3,14,1,0,60,luxe,580769.9826849321
245,1,1,1,0,31,luxe,964367.9489895243
180,4,10,0,1,10,luxe,849295.0488397804
138,7,6,0,0,17,centre,663289.1974435889
168,5,0,1,0,44,luxe,773625.2363214132
228,6,10,0,0,20,calme,883064.2572339533
169,2,2,0,0,11,luxe,762362.5337907132
195,7,12,1,0,19,luxe,921905.9900144859
56,6,5,1,1,6,centre,390615.91124131193
162,3,5,0,0,70,centre,634285.0476489912
182,3,5,1,0,1,centre,810066.5837606009
239,6,10,0,1,42,centre,970321.447341309
218,7,12,0,1,20,calme,843064.7395935331
179,6,1,1,0,28,centre,715747.762695757
30,4,1,1,1,31,populaire,131523.00770458122
157,1,5,0,0,44,populaire,497434.16071067005
220,5,9,0,0,75,centre,864663.8137206306
97,4,4,1,0,76,centre,437623.61463336274
96,2,13,0,0,58,calme,365084.83510623686
204,6,6,0,1,2,populaire,746505.0882444644
172,2,6,0,1,38,luxe,782858.6206859091
21,2,4,0,1,50,calme,119874.17753461111
83,4,7,0,1,7,luxe,526542.2572054584
54,5,9,1,0,45,centre,285253.60322513443
26,7,5,0,0,65,populaire,175423.30686151687
104,3,14,0,0,5,luxe,514638.7169189928
165,1,4,1,1,57,populaire,556304.235941346
86,3,3,1,0,40,luxe,483438.53587612894
61,5,6,1,0,78,calme,277301.71837347344
137,3,3,0,0,53,centre,542786.954143002
144,6,4,0,1,75,populaire,515633.4795450433
186,6,4,1,1,40,calme,781151.4786845772
188,4,0,1,1,47,populaire,669237.1304190431
222,2,14,1,1,69,luxe,947858.3597319764
43,5,0,1,0,26,luxe,358737.20456962066
207,5,2,1,0,46,centre,828141.9351612187
65,3,14,0,0,76,luxe,399516.45087697427
38,4,13,1,0,22,centre,301924.6698051849
87,3,10,0,1,73,centre,372310.20903673786
237,3,2,0,0,13,calme,868948.857936499
121,5,1,1,0,60,centre,533697.9667975192
61,3,11,1,1,66,calme,277079.5039695823
51,2,1,1,0,75,populaire,102712.58816994498
186,3,5,1,0,24,luxe,817609.7771925969
128,2,12,1,1,64,luxe,632446.0693948912
55,5,0,0,1,23,luxe,375550.69915589003
248,4,5,1,0,52,centre,1004375.4935223514
116,6,4,1,0,72,calme,427066.0831940579
183,2,5,0,0,49,calme,646469.0347922684
150,4,4,1,0,0,calme,600092.0035987477
92,4,6,1,0,38,centre,394430.517072104
155,2,0,1,1,73,luxe,650615.2205754028
116,5,12,0,0,43,luxe,571742.2476483126
142,1,2,1,0,4,calme,549405.2286627805
89,4,5,1,0,67,centre,324556.68306571414
188,4,0,1,0,71,luxe,756195.5699989237
215,5,12,1,0,79,centre,847896.4575856345
32,5,10,0,0,64,populaire,76928.40926195859
68,3,10,1,0,78,populaire,236239.31584453036
79,5,6,0,0,14,centre,397252.3035961064
149,4,3,1,0,49,populaire,531271.8293964835
207,2,2,1,1,5,luxe,917339.2532855987
24,1,9,1,1,65,calme,149463.68748730447
191,7,8,0,0,68,centre,696490.8506795444
46,3,0,1,0,38,populaire,151199.08732080576
179,7,7,1,0,28,calme,783412.4515565682
168,2,0,0,0,45,luxe,669285.7600942343
27,1,12,1,0,30,luxe,286068.27726958576
249,1,13,1,0,23,centre,991252.7050306081
219,1,4,1,1,14,calme,802675.4177372397
69,6,9,1,0,75,luxe,419943.52889344824
86,2,7,0,1,19,centre,426229.1475587846
63,3,5,0,1,3,populaire,254763.6353976293
144,3,6,0,1,57,calme,583241.587401792
77,1,10,1,1,76,luxe,438590.513686268
22,2,7,1,1,60,populaire,90447.64013015306
105,6,12,1,1,9,calme,559552.9497681005
89,1,5,1,1,40,calme,342145.13302711106
149,5,10,0,1,52,calme,583805.2443492707
234,7,5,1,1,70,luxe,994231.0321834817
191,3,10,0,0,75,calme,668169.2161945424
21,7,5,1,0,47,populaire,86742.18607682691
121,4,4,1,1,14,luxe,638426.214735822
228,1,7,0,1,6,calme,864439.9769667551
54,5,12,1,1,71,populaire,174371.37118963708
117,3,1,0,0,70,luxe,545313.3625552
234,7,6,0,0,42,calme,872729.508008218
49,6,14,1,1,3,centre,418731.7215743897
135,2,3,0,1,50,centre,572703.7737734911
27,3,0,0,1,70,calme,79155.2600822518
169,7,12,1,1,58,centre,741902.9154900856
63,2,4,0,1,40,luxe,336025.4505116652
205,7,2,0,1,60,calme,829725.4700851005
55,2,3,1,0,29,populaire,184651.57897071078
216,6,6,0,0,17,centre,890000.5656034156
96,6,4,1,0,29,calme,436629.7023384938
240,1,13,0,1,6,luxe,1034826.1423842494
50,1,14,1,1,51,calme,217232.94656586047
66,3,3,1,0,47,populaire,212113.4246055897
74,6,0,1,0,22,populaire,329628.8814098055
227,5,5,1,1,36,calme,876802.6012070787
125,7,10,1,0,70,calme,554316.3917456612
209,7,9,0,0,52,calme,793337.9531703079
177,7,5,1,0,44,calme,715892.2766781461
140,3,6,1,0,48,luxe,707832.2097249135
74,7,0,0,1,48,calme,357935.27188752074
163,4,13,1,1,46,luxe,786118.6538559014
31,2,3,0,1,24,calme,190107.18591147283
164,7,11,0,1,26,luxe,839964.7008235068
163,2,8,1,0,11,populaire,565396.6368987123
159,1,14,0,0,22,centre,667449.5225377623
155,7,11,0,0,16,calme,666239.1736037883
231,5,13,0,1,43,calme,836507.6728464041
22,6,9,1,1,70,populaire,107435.59385392616
163,6,5,0,1,23,centre,687796.0935535381
49,1,1,1,1,70,populaire,131875.11677394607
42,4,3,1,0,59,populaire,158528.74946020846
111,3,5,0,1,52,calme,408477.5795748007
134,3,3,1,0,73,calme,483437.33617728564
123,5,14,0,0,15,populaire,460726.82158886874
137,1,9,0,0,24,calme,557733.3954063533
24,1,6,1,1,65,calme,99504.3889896493
231,4,11,1,1,49,calme,903014.7267107815
123,7,12,1,0,68,centre,570441.2283388714
127,3,2,0,0,77,centre,504290.9683764991
84,7,5,0,1,39,calme,365933.3741177498
140,1,12,0,1,5,populaire,511368.60688457184
49,7,14,1,1,63,centre,369542.53428241546
168,6,11,0,1,27,populaire,642533.821703815
103,5,3,0,0,8,luxe,589412.1536451469
217,3,2,0,0,5,luxe,1000239.5325546096
169,4,11,0,0,16,calme,675473.3537935159
229,5,2,1,0,39,populaire,836435.0738954417
219,2,13,0,0,75,populaire,746111.3972749859
51,6,1,1,0,44,luxe,320744.634108745
180,4,10,0,1,42,centre,760056.4805417586
35,5,2,0,0,45,populaire,156598.47086536145
223,1,12,0,1,62,populaire,705160.5087368867
57,2,11,1,1,0,centre,353081.0086463492
245,4,13,1,0,58,calme,923936.4982753195
161,1,9,1,1,62,luxe,711518.084727346
55,6,0,0,0,78,populaire,148472.5793621472
244,2,14,0,0,17,calme,891675.3397547635
170,3,2,1,1,64,calme,651561.3106492191
133,1,8,0,1,19,calme,510131.94313698926
85,5,3,0,1,55,centre,376887.8851990327
124,7,14,1,1,53,calme,497384.7945146283
104,4,2,0,1,47,populaire,318274.3038983485
21,2,7,0,1,53,calme,158838.81338816136
238,1,0,0,1,15,calme,890328.6951897363
220,3,4,1,1,19,calme,886187.5052883837
212,7,0,0,1,46,luxe,909376.0705267894
94,4,6,1,0,6,populaire,311670.60276262416
86,4,4,0,0,22,luxe,457294.39970952296
199,1,14,1,1,74,luxe,788068.4499293572
209,3,1,1,1,32,calme,785486.3402915774
170,6,11,1,1,39,calme,747517.160038715
173,7,13,1,0,4,calme,749538.7163678842
215,6,0,0,0,44,centre,891969.8540130842
229,2,10,1,1,40,populaire,833606.0932950928
74,1,14,0,1,7,centre,421989.8883588064
25,7,6,0,1,49,populaire,113199.42744470877
182,2,11,1,1,30,calme,682244.6689032118
169,6,0,0,0,3,populaire,598026.6464940922
190,7,2,0,0,65,populaire,690761.0493506686
162,4,10,0,1,55,luxe,747359.6749054904
105,2,14,0,1,4,populaire,370261.60322948516
79,3,5,1,0,53,populaire,277983.2849725769
120,5,14,0,0,79,luxe,522254.43803281226
31,6,5,0,1,0,centre,292325.70643243624
68,6,14,0,1,75,populaire,243237.83989483592
61,3,6,0,0,72,centre,284178.6415790202
185,7,10,0,0,60,centre,749577.8226965441
101,7,13,1,0,6,calme,520255.18361481116
192,7,10,0,1,29,populaire,687071.749698617
54,2,0,1,0,14,luxe,370026.86350420804
177,1,6,0,1,3,luxe,795180.5855910121
235,4,1,1,0,62,calme,868705.7130970109
177,5,5,0,0,69,luxe,751271.7464471984
225,1,12,0,0,37,populaire,737667.0029852996
153,1,7,1,1,46,centre,625352.913172717
86,3,12,1,1,59,centre,448128.46355480165
99,2,4,1,0,1,luxe,520387.2456859747
26,6,9,0,1,68,luxe,276995.3315286869
199,6,2,1,0,7,luxe,898295.8371429353
33,3,10,1,1,50,centre,171566.7069895896
92,2,7,1,0,18,populaire,335252.25654192636
162,3,7,0,0,30,populaire,677741.3082383731
168,6,3,0,1,79,populaire,534887.805278004
182,1,7,0,0,21,populaire,648756.3085985092
85,4,4,1,1,32,populaire,257365.65278024846
110,7,12,0,0,71,calme,446343.0374369728
149,2,10,0,1,36,luxe,653718.1238155755
182,5,4,0,0,11,populaire,676976.2839409065
229,5,2,0,0,68,calme,810931.7911153262
225,1,14,1,1,63,populaire,759848.5653797548
39,3,6,0,0,24,luxe,270519.9438656691
229,3,10,1,1,53,populaire,749017.0175056078
29,6,13,1,0,28,populaire,145672.9458869657
44,1,10,1,0,12,populaire,145684.33804911075
213,6,8,1,0,25,luxe,948994.3457800291
44,6,8,1,0,21,centre,293735.93340736785
73,5,0,1,1,75,luxe,390287.26144523895
52,6,0,0,1,72,centre,273565.6036761431
183,7,9,1,1,9,calme,787952.7887357866
114,6,11,0,0,47,calme,498765.53535789053
33,5,11,1,1,41,populaire,232878.7302982195
84,7,10,0,1,58,populaire,332843.88848983444
129,3,14,1,0,52,populaire,485707.5105550447
99,2,4,0,1,39,luxe,509263.08947029035
73,4,0,0,0,74,populaire,215461.5769952123
144,6,3,1,0,61,centre,594220.0069219474
199,7,11,1,1,5,calme,855424.8995714094
150,2,0,1,1,3,calme,593145.2464405962
246,5,14,1,1,54,calme,1002530.181610976
188,2,1,0,1,68,centre,741038.526597621
153,4,1,0,0,2,populaire,563154.3079674342
44,2,3,1,1,6,centre,258242.14463488595
160,7,7,1,0,11,centre,722705.265748441
136,2,1,0,1,16,luxe,681023.6286531148
245,2,13,1,0,66,luxe,1075878.1514116833
155,2,8,0,1,74,calme,566815.8001473692
168,1,14,1,1,69,centre,708763.2727183782
245,6,11,1,0,35,calme,964701.6164344526
215,5,8,0,1,16,centre,940773.4932946507
44,4,1,0,1,0,calme,193284.94893168518
98,5,0,1,1,66,calme,376170.072941615
87,1,9,0,1,79,populaire,262900.41382480203
192,1,14,1,0,77,calme,651497.0013786556
207,7,9,0,0,48,luxe,927233.6496342312
31,1,8,1,1,50,centre,200684.4033392225
51,6,14,1,0,70,calme,203333.54437383666
147,1,1,1,1,42,centre,545739.3853550429
115,2,7,0,0,30,calme,456489.2166289088
111,5,13,0,0,23,luxe,557087.7005915575
160,3,2,0,0,36,populaire,524283.25260812417
50,4,0,0,1,64,populaire,169928.3624423969
97,1,10,1,0,62,centre,400043.35880187195
39,5,0,0,0,55,calme,158810.41126715476
165,7,9,0,1,73,luxe,716995.4476673835
240,1,1,0,0,17,centre,959994.391817853
79,6,6,1,1,64,populaire,323659.714908532
210,1,11,0,0,28,centre,799671.5356172841
153,1,5,0,1,76,centre,552407.055285106
179,1,11,1,0,3,calme,693643.4542741673
112,7,10,1,1,11,luxe,626624.8954286375
62,1,1,1,0,55,populaire,160099.5219783766
149,4,3,1,0,47,populaire,548985.9902253805
79,5,1,1,1,18,luxe,525848.5278659215
170,6,0,1,0,25,calme,715248.1394828986
230,1,11,1,0,37,luxe,926074.7817013777
50,1,2,0,1,79,luxe,248927.76834770796
24,1,14,1,1,24,calme,201872.1131895683
230,1,3,1,0,55,calme,834524.4494307245
181,2,9,1,1,73,populaire,600462.248711989
29,2,4,1,0,27,populaire,118845.59210260838
108,3,4,1,1,60,calme,446143.5446125097
149,1,14,0,1,50,centre,563520.4339548103
145,3,6,0,1,11,populaire,470760.1416041165
30,4,13,0,1,7,calme,223610.2504515235
197,3,14,0,0,57,calme,665717.6700763496
178,5,9,0,1,22,centre,801867.5142762713
75,2,7,0,0,36,luxe,425815.43779986346
226,2,8,0,0,10,calme,845962.5745559109
220,1,11,1,0,16,centre,844027.1422940566
234,1,6,1,0,55,centre,852897.6901136142
102,4,4,1,0,52,populaire,257180.942925751
156,6,8,1,1,66,calme,672829.6105248583
118,4,7,1,1,1,populaire,486818.4803095118
168,5,9,1,0,28,luxe,787592.1785760393
92,1,8,0,0,56,luxe,497052.6017956121
175,1,9,1,1,33,populaire,594055.5202278623
209,4,7,1,0,77,populaire,697446.81523142
134,4,5,1,1,1,calme,572140.6396703335
26,4,3,0,0,74,calme,165422.94116200818
99,2,8,0,1,30,calme,403825.9188137283
163,3,11,0,1,76,luxe,722053.2885050602
116,3,8,1,0,43,populaire,452624.4892234668
23,1,9,1,1,55,centre,201028.94701875144
23,2,9,1,0,53,populaire,11742.437501180873
122,4,8,0,1,52,centre,521551.038947078
59,1,13,0,1,73,calme,227394.08797949436
36,2,9,1,0,75,calme,148813.89536381082
120,5,2,0,1,45,populaire,438452.4359278114
122,6,10,1,1,53,centre,541817.6154830415
143,2,11,0,0,30,luxe,708341.0867497436
71,7,14,0,1,23,calme,396872.8926625102
240,1,2,0,0,24,calme,889511.5513408295
71,3,10,1,0,34,populaire,300683.21440831956
183,7,5,0,1,56,populaire,672799.146582379
143,4,5,1,0,71,luxe,638230.5039225906
185,6,14,1,1,68,populaire,671610.8459054788
197,5,12,1,1,27,luxe,914749.0663088195
82,6,14,0,0,75,centre,375155.1970583038
248,6,12,0,1,32,luxe,1032646.1682925854
135,2,5,0,1,52,centre,531869.3980019597
210,1,4,1,1,15,calme,780201.2367692105
81,1,13,0,0,25,populaire,213636.79558029835
246,6,4,0,0,11,calme,962706.929075779
26,4,1,1,1,76,luxe,255304.64477433215
174,1,13,1,0,30,luxe,754160.6077262155
111,6,6,1,1,26,luxe,611095.6393124989
233,1,11,0,1,35,centre,929470.463226022
33,4,3,0,0,58,calme,134454.8399132592
218,5,13,1,0,2,calme,887908.5480453689
248,7,2,0,0,31,luxe,1053658.518651793
105,6,7,1,1,14,populaire,460550.53657530365
152,3,3,0,0,74,calme,533496.5888697093
202,3,14,1,1,65,populaire,705239.7336432665
149,6,10,0,1,62,calme,585256.4085569012
81,2,3,1,1,0,luxe,469374.3525165491
238,5,7,1,0,74,luxe,1005912.7870515005
168,2,0,1,0,4,calme,675983.2659205559
249,7,8,0,0,5,centre,1032317.4216348442
98,3,13,0,1,4,centre,523137.2734417593
168,4,6,0,1,72,calme,628323.8657247911
157,6,14,1,0,27,luxe,785236.9864069578
234,7,11,1,0,68,calme,880911.9580735915
77,1,1,1,0,43,populaire,269471.8597770858
139,3,10,1,0,15,luxe,691362.8212119854
186,5,11,1,0,70,centre,759598.5544208619
152,3,5,1,0,77,centre,592002.6216778995
84,5,7,1,0,21,calme,394528.2641250103
32,5,10,1,0,72,populaire,112830.71529367435
232,6,4,1,0,22,luxe,961392.0229599838
237,5,5,0,1,42,centre,960216.4650766777
232,2,11,1,0,67,calme,820649.5950986199
200,7,9,0,0,42,calme,779056.4973023309
101,4,7,1,1,25,luxe,547823.6219177587
248,3,12,0,1,40,calme,966925.0099731119
192,4,5,1,1,69,calme,704233.1337430608
179,7,11,0,1,30,calme,739663.0360889834
183,1,8,1,1,16,centre,746021.6663109334
228,7,14,1,1,8,centre,980742.7989682955
246,3,11,1,1,54,populaire,852086.5648353623
207,4,8,0,0,5,luxe,888219.8422835593
158,4,8,1,0,69,luxe,688102.8418198676
210,6,5,0,0,63,luxe,897780.3664704107
168,6,11,0,1,3,luxe,809658.3575831484
71,7,14,0,0,66,calme,324270.7588047702
202,7,11,0,1,55,luxe,929895.0688957982
136,1,8,0,0,17,populaire,460861.48075829796
45,5,2,1,1,31,luxe,329784.84523757023
215,3,4,0,0,47,luxe,840725.1465571289
53,6,1,0,0,28,calme,283782.14590528357
71,3,11,0,0,31,calme,355795.0564205671
131,1,12,0,0,24,calme,550797.8101998714
101,6,12,1,0,75,populaire,366539.73178165755
246,6,7,1,0,62,calme,937303.811688199
240,5,10,1,0,8,luxe,1060450.0089331632
199,3,12,0,1,70,populaire,673428.3577237561
176,3,3,0,1,13,centre,717165.1107555847
185,3,5,0,0,19,calme,683111.623055073
61,5,5,1,0,9,populaire,203334.43278401715
40,6,4,0,0,10,centre,298997.7158236469
61,1,11,1,0,38,calme,279022.129863237
160,3,11,0,1,18,centre,682627.7256401794
132,4,0,0,1,18,calme,581693.7806256227
124,5,10,1,0,42,populaire,524022.2104196122
211,2,6,0,0,60,calme,705834.8642456305
36,1,9,1,0,69,calme,157009.85320843683
139,4,14,0,0,71,populaire,462859.2660119529
156,3,7,1,1,64,populaire,589305.5397390974
188,2,0,0,1,22,luxe,810406.8685791169
148,1,9,0,1,59,luxe,688861.8605317482
149,5,6,0,1,9,populaire,595164.1141372512
79,2,3,0,0,62,calme,315085.58917499403
67,6,5,0,1,1,centre,381767.11967728665
48,7,8,1,0,35,populaire,202430.93288030554
116,2,14,1,1,56,centre,528823.7580332519
29,7,4,0,1,65,luxe,318444.49318093795
77,4,7,1,0,78,luxe,417155.13733348885
207,1,4,1,1,19,populaire,681540.9560612949
40,4,1,1,0,41,populaire,171583.3260316573
47,4,3,1,0,20,calme,284374.3246427048
222,3,13,0,0,65,luxe,901524.751825888
53,5,1,1,0,37,luxe,391024.12574114744
27,2,6,1,0,77,populaire,59262.89633793265
206,1,6,0,1,68,centre,748258.9047651258
233,6,13,0,1,23,calme,965149.6611875142
219,5,14,0,0,25,populaire,798207.8309298671
196,5,2,0,0,1,centre,778257.1042562862
98,1,13,0,0,45,calme,400952.92436735315
164,5,12,0,0,33,centre,758444.0438278961
207,3,6,0,1,61,calme,696402.4306978666
106,5,14,0,0,40,calme,458174.51450971427
107,3,0,1,1,14,calme,473490.5664760903
192,2,0,0,1,54,luxe,773375.3039136664
230,2,8,1,0,2,populaire,864790.4217157578
88,4,5,0,1,75,luxe,420245.1389295658
179,3,12,0,0,37,luxe,796033.3320753832
191,6,13,1,0,50,calme,737043.7498267463
212,2,11,0,1,16,populaire,737225.7179466825
106,5,4,0,0,48,populaire,372137.34949090646
120,1,12,1,0,20,populaire,407648.7965846368
27,1,5,1,1,23,populaire,144914.42097861416
96,7,5,1,1,39,calme,452655.5711360807
219,3,0,1,1,19,populaire,818307.4561593462
106,6,4,1,0,78,centre,479949.20795977477
62,4,8,1,1,34,centre,389667.7872461248
148,5,3,0,1,47,luxe,688279.5937094735
128,3,2,0,1,32,calme,506347.04350318824
198,7,0,0,1,55,luxe,851365.165777757
171,1,13,0,0,40,luxe,748689.1482718614
246,3,14,0,1,53,populaire,842020.2877361606
171,5,1,1,1,43,centre,756574.146023584
36,6,2,1,0,71,centre,186506.3322198509
152,6,3,0,1,10,populaire,574932.2644687089
167,2,6,1,1,13,populaire,634848.7369366956
40,5,5,0,0,41,calme,214138.7993678811
77,7,10,1,0,78,centre,342150.5223909141
178,2,7,0,0,11,luxe,777987.2983236018
129,2,13,0,0,16,luxe,622260.4116149527
247,2,8,0,0,77,calme,858454.7305978712
158,3,14,1,1,24,centre,707911.9643016622
199,7,5,1,1,25,populaire,789143.3628624516
162,1,6,0,1,46,luxe,708781.220927871
230,6,3,1,1,24,centre,964805.9039576381
154,3,1,0,0,59,centre,568445.0565942131
47,1,8,0,0,59,centre,256542.28862833368
70,6,8,1,0,26,populaire,302352.5611910692
205,7,14,0,1,42,luxe,934948.8875985096
24,7,3,0,0,75,populaire,101876.78323051886
24,5,11,0,0,19,centre,228113.83183602308
113,6,2,1,1,62,centre,519098.4232563975
115,6,9,0,0,79,luxe,551643.5415973531
27,7,13,0,0,24,luxe,346980.03067691776
83,6,10,0,1,26,populaire,392893.4557579481
157,4,5,0,1,51,populaire,578472.5934872559
57,5,13,1,0,9,populaire,262473.7690609599
130,3,13,0,1,49,centre,602182.9388947426
243,3,2,0,0,29,luxe,997679.8959991756
131,1,0,1,1,0,calme,517039.42304325145
239,3,3,1,1,53,luxe,1028795.8735599894
100,2,0,1,1,3,luxe,595215.2460694918
242,6,1,1,1,6,luxe,1087990.9753154414
155,3,2,1,0,29,calme,651950.9421601011
123,1,7,1,0,64,populaire,341987.0821337633
172,1,9,0,0,28,calme,639229.3016570214
92,2,3,0,1,24,luxe,468402.6731402545
213,1,3,1,0,39,luxe,861318.8667767958
226,7,12,0,1,25,centre,959050.1486718585
197,4,9,1,0,16,luxe,948182.6342349102
214,7,8,0,1,30,calme,904525.0813554587
68,6,6,1,1,60,calme,366859.4989985539
55,6,1,1,1,7,calme,335840.2128621236
145,6,2,0,0,68,populaire,474879.3923895844
87,5,3,1,0,0,centre,465556.7503161485
97,3,3,0,0,78,populaire,235022.36865835282
124,4,9,1,0,70,calme,523351.776538081
188,3,7,1,1,45,populaire,618485.7661145629
236,4,9,0,1,19,centre,961161.0586297342
141,3,13,1,1,39,centre,625483.5234726295
138,2,9,0,1,1,centre,645408.9668102075
209,7,5,0,0,60,centre,844680.2248424016
133,1,2,0,0,70,calme,464667.3256344616
29,1,10,0,1,76,luxe,154998.80446761707
168,7,8,0,0,29,calme,679973.4352169855
183,2,9,1,1,29,calme,705490.4403880204
159,4,7,1,1,44,calme,645977.1318891058
110,7,8,0,1,23,calme,504040.5154799682
21,5,14,1,0,55,populaire,98141.90721004434
137,4,4,0,1,60,centre,531720.5432418771
32,1,2,1,0,12,luxe,282051.28369179
200,5,3,0,1,79,luxe,899490.2410707324
179,3,13,1,0,55,luxe,856369.5960449214
114,5,12,0,0,14,calme,539510.1555859161
163,4,11,1,1,10,centre,682608.978374677
51,2,4,0,1,11,centre,286809.77753719816
51,3,8,0,0,2,luxe,357522.2879434597
143,4,8,1,0,23,luxe,703096.5546824409
245,3,13,0,0,8,calme,985295.1236975075
30,5,2,0,1,45,luxe,282616.47182764584
29,1,6,1,1,70,calme,100922.9537357575
34,4,5,1,0,59,luxe,309844.6102505991
36,2,14,0,0,10,centre,255150.01883874173
187,7,3,0,0,9,centre,824655.8183943031
165,5,4,0,1,2,centre,763813.4292812255
202,4,13,0,1,18,populaire,744828.0899452491
220,2,14,1,0,1,luxe,946563.3859775905
172,4,9,0,0,16,populaire,630512.5968447998
78,5,1,0,1,1,centre,413689.21401254967
97,4,10,1,1,52,luxe,534702.3098903872
143,3,6,1,0,15,populaire,565008.7817193147
236,5,13,0,0,9,centre,978987.0080521152
133,4,3,1,0,67,centre,594698.3534794244
41,7,1,1,1,42,luxe,367337.60846312385
177,1,10,1,0,57,luxe,748919.2372347125
231,4,5,0,0,59,calme,801685.5084401118
232,3,10,0,0,23,luxe,995722.2505803701
191,2,11,0,1,75,centre,708014.1339545881
51,7,1,1,1,15,calme,326511.142956457
198,2,9,0,1,8,calme,779601.5485823174
193,7,1,0,0,5,luxe,888120.181870586
132,2,6,0,1,64,centre,532554.5577776823
139,1,0,1,1,77,populaire,441493.2155442022
168,3,6,0,1,23,centre,705973.9290360735
246,5,9,0,1,9,centre,1084099.4370716813
141,2,4,0,1,72,luxe,596338.5590411018
51,7,0,0,0,26,populaire,233225.98185766744
241,3,5,1,0,2,calme,974169.4571818219
138,4,6,0,0,37,populaire,444777.3637542516
58,1,0,0,0,72,luxe,292693.5437156172
31,3,8,1,0,73,centre,187187.4396036783
194,3,14,1,1,72,centre,785140.2676123333
37,5,6,1,1,16,populaire,194466.241444687
168,3,0,1,0,47,populaire,584758.8252268182
160,5,2,1,1,48,luxe,688104.1850690795
168,1,4,0,0,42,populaire,541044.3957426348
145,1,3,1,0,6,luxe,669891.9577827905
155,4,1,1,1,67,calme,570920.4025505432
65,5,14,1,0,73,populaire,253874.2447976979
123,5,0,0,1,20,centre,591464.1241220625
154,2,3,0,0,77,populaire,502103.83382533543
170,2,6,0,1,24,centre,728540.1333012977
243,4,10,1,1,60,calme,889586.4466243089
222,1,3,0,1,27,calme,830369.1127701022
105,6,8,1,1,77,populaire,414786.4188310691
169,2,13,1,1,51,luxe,695931.6149211333
108,3,7,0,1,12,centre,558771.5665041552
41,1,7,0,0,33,calme,136873.1297409393
111,6,4,0,0,66,populaire,343807.9050435461
48,3,11,1,1,3,calme,314983.4801383624
32,7,14,0,1,43,populaire,225474.60517787287
229,5,0,0,0,14,centre,889477.736332449
21,1,14,0,0,7,populaire,60934.90130559589
48,7,8,0,0,4,centre,367654.2497585045
232,4,1,0,0,65,calme,833932.978947408
226,5,5,1,0,72,centre,866555.9484290291
199,5,9,1,1,45,centre,840794.1026986567
46,3,13,0,0,64,luxe,368534.9719853179
69,7,4,1,0,65,calme,332597.4516320706
114,5,9,1,0,25,centre,547658.7988423805
226,2,12,1,1,30,luxe,1007394.3449149774
170,1,14,0,0,50,luxe,745469.5824805639
107,2,7,1,0,40,centre,490900.0552116054
63,3,10,0,1,50,populaire,201352.54217776493
224,6,2,1,1,18,centre,942957.6160487203
41,3,5,0,0,72,populaire,90903.53443200259
190,1,5,1,1,2,centre,770205.4929941086
184,5,9,1,0,37,calme,697052.2369029494
208,7,2,0,0,69,luxe,924893.1107956318
116,7,11,0,1,44,centre,575262.8520731627
203,4,11,1,0,70,centre,850562.438293543
22,3,14,0,1,40,centre,210140.32082041708
210,1,11,0,1,24,populaire,752592.4440563471
137,4,6,0,1,49,calme,536387.9608525514
38,5,10,0,1,0,calme,293247.7313397446
42,6,3,1,0,53,centre,216813.54492983228
176,3,4,0,0,12,luxe,801138.0717087862
49,6,8,1,0,39,luxe,401238.29127403075
58,1,5,1,1,20,centre,315467.2876643742
127,6,9,0,0,40,populaire,475733.25545849255
130,6,14,0,1,60,luxe,700532.8676791141
44,1,12,0,0,32,calme,189105.70736652726
147,1,3,0,1,72,luxe,641093.3168995464
248,3,7,1,0,28,luxe,1079698.990800849
130,6,8,1,0,54,centre,562443.8332479224
155,4,9,0,1,31,luxe,707132.3047983927
125,1,4,1,0,10,centre,562387.7117534018
205,5,1,0,1,51,calme,781971.0059174711
163,6,14,1,1,35,luxe,807703.4196647758
91,1,14,1,0,30,centre,426596.63292396814
148,4,5,1,0,13,centre,614544.3951352307
127,7,10,0,0,62,calme,505003.357901952
24,3,14,0,1,51,luxe,282436.089228075
22,6,11,1,1,53,populaire,120920.0628148982
212,7,7,0,1,49,luxe,931518.8718622098
151,1,12,0,1,53,centre,587318.195093743
123,1,4,1,1,72,centre,499654.9835304469
246,5,0,0,1,34,calme,962240.6495447787
243,5,7,0,1,29,calme,976279.8808865218
83,6,8,1,1,54,populaire,310818.7817299822
125,7,0,1,1,0,populaire,571247.864792168
117,7,7,1,0,14,centre,577915.4347405145
236,1,9,1,1,24,populaire,795807.43293655
29,6,11,0,1,19,populaire,168065.75895758337
168,1,1,0,0,70,populaire,479905.0674882351
147,5,3,1,0,15,luxe,732779.0294201463
65,4,12,1,1,51,luxe,433843.6206714708
238,2,14,0,0,64,centre,851306.5776618273
174,2,14,0,0,69,luxe,781132.6210691337
85,1,1,0,1,0,populaire,290147.42140077916
188,7,1,1,1,15,populaire,675442.5687271061
131,5,9,1,0,26,populaire,533923.3312513533
32,3,2,1,1,17,luxe,332318.0558015431
156,3,13,1,0,76,calme,573319.3559308663
183,2,7,0,1,43,populaire,632952.3634142502
105,4,3,1,1,49,populaire,376003.35820712394
109,2,6,1,0,73,calme,347909.96474728466
77,1,11,0,0,13,calme,286552.40627232514
73,4,9,1,0,51,centre,386069.0185178722
31,3,2,0,0,74,centre,160880.61833107885
228,7,9,1,0,49,luxe,1029463.2851013737
225,5,11,0,1,16,calme,939729.8014531722
33,5,13,0,1,2,centre,190231.16240768085
140,1,14,0,0,61,populaire,434768.99473702814
181,2,13,1,0,20,centre,719847.4406460561
200,1,12,1,0,32,populaire,693160.4667660657
140,5,10,1,1,0,populaire,519420.10183986847
39,3,13,1,1,69,populaire,156421.57095302915
94,5,2,1,0,55,luxe,512810.0787779054
163,4,1,1,1,3,calme,752712.8162753121
242,7,12,0,1,21,luxe,1086994.6898699307
89,7,11,1,0,76,centre,442818.2929760164
75,6,5,1,0,57,centre,399609.34525618464
230,5,5,0,1,43,calme,933566.4131975368
120,5,0,0,1,56,calme,440059.7165276035
205,7,6,1,1,39,centre,902357.2323189287
151,6,11,0,1,55,calme,627426.1567590876
130,4,13,1,1,62,calme,485488.1653925135
144,2,13,0,0,38,populaire,506022.2367064364
151,5,3,1,1,6,luxe,785747.4133145931
39,7,12,0,0,13,luxe,316898.1269800459
157,1,10,0,0,17,luxe,710213.7109256971
43,5,11,1,1,54,populaire,185854.97419703452
246,1,2,1,0,55,populaire,816432.8714929566
173,4,12,0,1,56,calme,692248.0514655786
56,5,12,0,0,57,calme,235011.29141081468
249,7,7,0,1,24,populaire,898659.2899176338
232,4,1,0,0,69,populaire,779624.3438498367
73,4,8,1,1,79,centre,394660.2424291185
122,2,12,0,1,2,populaire,513950.4661655036
168,5,7,0,0,20,populaire,683708.0734993017
221,1,7,1,0,31,luxe,920385.6284469675
57,1,12,1,0,1,centre,322464.11538871535
193,5,2,1,1,19,luxe,830935.5267793306
23,6,12,1,0,74,luxe,237031.42920039667
207,2,3,1,0,17,centre,781088.7316857846
76,2,1,1,1,53,centre,339642.4416139733
192,2,1,0,1,74,centre,760856.5227819537
39,1,3,0,0,35,calme,189444.92108316722
36,4,5,0,0,75,centre,171113.02860338386
138,7,4,1,1,60,luxe,668750.2644468213
90,6,14,1,1,59,centre,434627.84837228956
23,2,0,0,1,35,calme,151380.64420945846
240,1,12,0,0,43,luxe,971590.7645646824
33,1,9,1,0,67,centre,179418.21341555522
22,4,0,1,1,65,centre,187077.2839367801
235,5,14,0,1,43,luxe,1049752.2558019678
248,5,5,0,1,76,luxe,938446.6321688471
99,7,2,0,0,28,centre,489323.97593911854
205,7,2,0,0,47,calme,787479.5201259168
74,2,6,0,0,35,luxe,351911.5533700471
151,7,12,1,0,7,populaire,651947.2510955164
139,2,12,0,1,4,centre,632433.9087571533
43,6,0,0,1,77,luxe,257049.42965802902
181,7,0,1,0,46,luxe,805026.9967042917
177,4,13,0,1,42,centre,737186.9346308861
101,2,12,1,1,9,centre,581884.4937395864
166,4,9,1,0,9,centre,698779.3797792325
178,1,2,0,1,5,calme,671333.3717675166
207,2,13,0,0,15,populaire,740897.8968212653
79,1,7,1,0,59,luxe,470731.6060417831
166,3,0,1,0,25,centre,674041.8901809313
68,4,9,1,1,20,centre,377597.83154988696
82,3,12,0,0,57,calme,329398.142662303
129,2,3,0,1,40,populaire,427602.4692189597
230,1,8,0,1,29,luxe,961664.2501391568
169,2,13,0,0,4,populaire,642372.1226214342
171,3,3,0,0,9,populaire,590586.5367250184
128,2,9,1,0,10,centre,560467.2424523052
95,6,7,0,0,62,centre,454505.7419131796
49,5,6,0,0,6,centre,264628.5222542827
77,3,2,1,1,58,calme,310091.98245648906
249,2,6,0,1,11,calme,902568.3007315429
136,1,14,0,1,63,calme,496034.56312219496
178,2,6,0,0,40,centre,684478.6553931728
119,1,9,1,0,59,centre,470484.32819214603
211,5,2,1,1,71,centre,824792.2469722554
38,2,1,0,0,27,populaire,116424.95330050675
195,7,14,0,1,79,calme,727963.4591956288
192,7,8,0,1,62,calme,767702.809916505
247,5,14,1,1,2,populaire,940315.6835248824
113,3,0,1,0,31,luxe,582245.5060113887
202,1,13,0,0,20,populaire,701129.9805863797
132,7,6,0,1,54,populaire,472242.5597604222
202,6,3,0,0,17,centre,796687.6983206628
244,3,1,0,0,52,luxe,992894.1579930615
165,1,14,1,0,74,populaire,530733.0672669412
82,5,1,1,1,60,luxe,507880.62133516726
135,7,7,0,1,49,luxe,723655.7020198873
132,4,6,1,1,7,centre,607412.9955765575
239,2,11,1,1,11,luxe,981776.2325725328
66,5,6,0,1,50,centre,369596.0389910235
222,1,4,0,0,65,calme,754035.998937555
76,1,13,0,1,40,populaire,251498.82014764173
137,1,9,0,0,21,centre,602341.0463769599
64,1,7,1,1,8,centre,365420.20923643064
180,2,13,0,0,77,populaire,604438.6864725767
164,3,1,0,0,78,centre,639900.0834451264
217,6,1,0,1,10,luxe,976451.0242519265
23,4,4,0,0,12,centre,217027.08603918258
167,2,14,1,0,55,centre,675664.0718482872
66,1,0,0,0,27,luxe,380182.80886406923
238,2,5,0,0,63,populaire,784670.7996362236
162,5,3,1,0,63,centre,695822.8040715157
217,6,5,0,0,69,calme,762063.7998010488
66,1,6,0,1,54,populaire,185983.3344895361
97,4,12,0,0,36,calme,404830.4070512202
143,1,2,1,1,32,calme,561122.0513230171
94,6,10,0,0,24,calme,386521.40655427374
122,4,12,0,0,22,centre,526691.1962777554
156,6,7,0,0,59,luxe,712108.3519209535
109,4,6,1,0,55,centre,457186.70612247224
163,3,12,0,0,62,calme,551046.0286412032
88,7,0,0,0,7,calme,400060.97983616794
80,3,5,0,0,16,luxe,417596.2962489872
157,2,6,1,0,56,populaire,538528.8033180296
69,2,13,1,1,74,calme,297338.8513211884
22,4,10,0,1,61,centre,203021.8426496591
224,1,14,0,1,10,calme,878251.763379856
126,7,3,1,1,66,calme,493791.34647707053
132,5,13,0,0,39,populaire,384616.83934427146
113,5,1,1,0,39,luxe,607792.1690633174
137,1,9,1,0,55,calme,494706.6154304256
217,1,8,1,1,52,populaire,681531.5979324841
100,3,6,0,1,27,populaire,412024.43541522097
128,5,0,1,1,41,calme,549316.6643808949
70,4,7,1,0,45,calme,355595.8000296676
166,6,14,0,0,17,luxe,814823.308425565
189,2,2,0,1,22,centre,783440.1803386251
54,6,3,0,0,25,centre,294745.0848732461
65,3,11,1,0,28,luxe,437847.6523272
173,5,4,1,0,51,populaire,665579.9294666067
88,7,0,0,1,74,populaire,328895.66321756854
112,1,14,1,0,45,luxe,539311.592665331
83,7,5,0,1,0,centre,431193.4273609236
184,7,9,0,1,62,populaire,704340.1567438645
231,5,5,0,0,15,centre,935257.2469875315
68,4,1,0,0,24,populaire,239067.9193641283
168,3,10,0,0,61,centre,597618.6715163752
93,1,9,1,1,79,luxe,397949.0402500598
211,6,5,1,1,15,centre,911062.6482518701
24,4,7,0,0,68,populaire,23024.184838837442
119,6,5,1,0,69,populaire,418781.2881797698
89,2,3,1,1,33,populaire,348101.3407246645
109,3,14,0,1,79,calme,403489.41684028687
23,4,3,1,1,52,calme,156509.27859233072
145,4,8,1,1,22,populaire,552991.6012594394
58,6,5,0,1,42,luxe,489562.60411571513
182,1,7,1,0,43,populaire,597163.2635279903
148,2,7,1,1,31,luxe,685063.9095002551
43,6,6,1,1,22,populaire,201850.53052245642
76,4,2,1,0,19,populaire,320931.9649177355
119,3,9,1,1,18,luxe,616636.5767059717
89,4,0,0,1,71,centre,402707.6993498468
60,5,4,0,0,28,calme,281057.3086339568
201,3,12,0,1,17,populaire,742367.2609596049
193,3,14,0,0,68,luxe,863513.638605353
79,4,9,0,1,11,luxe,439318.5018304373
127,1,9,1,1,9,calme,542488.5176616845
207,3,14,1,0,36,calme,822419.1907176594
76,5,1,0,1,54,centre,375808.56470260664
50,6,11,0,1,3,populaire,210016.9548269917
103,1,9,0,0,62,calme,332314.4985962741
171,1,12,1,1,11,centre,744847.2874407722
236,1,1,1,1,17,populaire,765937.628321641
55,3,13,1,1,7,populaire,240613.0799171309
232,1,6,1,1,31,luxe,951092.2341627649
177,4,10,1,1,48,calme,712280.0896844125
171,1,12,1,0,62,centre,660784.2400696707
127,5,2,0,1,76,centre,533871.0006193002
125,2,12,1,1,58,luxe,582484.2141462907
177,5,7,0,0,66,centre,705463.0276792422
105,3,8,0,0,38,centre,455611.1889092338
239,1,13,1,0,49,populaire,792736.9827475809
154,1,12,1,0,70,calme,590844.7284038257
182,4,7,1,1,25,luxe,871977.3128641231
202,6,5,1,1,22,calme,810860.2299903983
239,1,4,1,1,62,centre,883869.4729390005
33,7,2,1,1,65,centre,267360.7804122585
139,5,2,1,1,38,centre,569139.8005886808
157,3,6,1,1,65,calme,562721.4070256494
99,2,12,0,1,45,luxe,529901.9669204018
163,1,4,0,0,14,luxe,778951.0838442498
201,2,11,1,1,15,populaire,727368.8768620413
242,1,13,0,0,71,luxe,947308.1358763365
125,3,5,1,0,15,populaire,450911.3156775858
236,6,13,0,0,38,centre,939793.7895071497
224,5,5,0,1,10,luxe,991177.4578364594
89,3,8,1,1,35,populaire,319107.76135038264
63,2,0,1,0,17,populaire,224124.56268230258
92,1,7,1,1,22,calme,419813.26546812325
64,2,9,0,1,76,centre,290744.2760073556
247,5,12,0,0,48,luxe,1035630.3525035233
203,7,12,1,0,41,luxe,910271.3003079499
126,3,4,0,1,43,luxe,570720.6710846348
103,2,12,1,0,0,populaire,360537.8767006606
101,2,5,0,0,6,luxe,482553.1014049436
126,5,5,1,0,47,luxe,637952.2821768026
204,7,0,0,1,15,luxe,921530.9279512672
40,1,2,1,1,47,centre,233910.6995400182
215,7,11,1,0,77,centre,841078.4905650578
197,2,5,1,0,42,populaire,670303.2114591618
180,5,13,0,1,50,calme,705835.7469441664
238,1,14,1,1,65,luxe,1038203.6382784446
26,7,13,0,1,30,luxe,312710.2090992786
89,7,10,1,1,38,populaire,403765.6135461271
146,7,10,1,1,8,luxe,736093.3429744609
162,6,8,1,1,40,calme,718616.9938783685
229,1,5,0,0,62,populaire,764379.6058387551
179,7,14,0,0,13,centre,773871.198029783
222,6,11,0,0,57,calme,823910.9647875188
167,3,12,1,1,73,luxe,786272.6838567911
235,5,5,0,0,63,calme,887424.2061496337
162,7,0,1,0,27,centre,697919.833472143
195,1,8,1,0,3,populaire,674707.8231076726
218,6,3,1,0,33,calme,883276.7405012354
168,6,14,1,0,3,populaire,653844.5833089915
189,3,1,1,0,69,populaire,629566.3751740033
173,4,0,0,0,57,luxe,721404.3229353286
139,5,2,0,1,3,luxe,700909.9219424813
147,4,2,1,0,49,populaire,561627.5011102988
161,1,4,1,0,4,centre,670202.6926643943
76,5,0,0,1,74,populaire,285155.1116519918
184,3,6,1,0,44,centre,691336.8490645661
77,1,12,1,1,34,calme,292501.2202071204
40,5,0,1,0,74,populaire,128489.61259954324
101,5,3,1,1,74,calme,387422.63962790964
88,4,5,0,0,26,populaire,311292.0231912233
150,1,14,1,0,1,calme,553414.2471637711
106,3,0,0,0,53,centre,367035.7939406409
237,3,6,0,0,71,calme,840927.8058062218
184,1,9,0,0,78,calme,619467.1946749287
235,1,14,0,1,47,luxe,973446.439631005
68,6,6,1,0,76,populaire,279047.6746709924
166,2,2,1,1,48,populaire,586286.0360051631
134,4,3,1,0,77,populaire,497344.95765257115
108,1,5,0,0,0,populaire,380273.41062459396
104,1,13,0,0,32,luxe,562850.678607362
147,2,10,0,1,34,centre,650002.3555413904
159,2,6,1,1,53,calme,595333.9304683984
208,5,13,1,1,55,calme,818818.0968167824
188,7,12,1,1,14,centre,842358.2976284293
180,3,3,0,1,68,calme,690231.7095606686
197,4,9,0,0,3,luxe,902782.2472122194
136,5,10,1,0,63,populaire,450413.5116432148
215,1,8,0,1,21,populaire,718876.1271575917
146,2,8,0,1,23,luxe,656406.6161283248
90,6,8,1,0,46,populaire,313130.512289576
105,3,11,0,0,74,calme,357046.9747404583
52,5,9,0,1,5,centre,308791.0396884991
100,6,5,1,1,26,centre,542648.4512987783
171,3,1,0,0,9,calme,615586.3596765171
80,7,1,0,1,38,centre,426159.57973633514
80,7,10,0,0,73,centre,445406.4680075253
117,6,3,0,1,36,populaire,442111.7377020849
47,2,8,1,1,53,calme,225208.97546651153
205,5,2,1,0,50,luxe,893336.7248756083
62,5,5,0,0,59,centre,253698.29437566258
188,7,1,1,1,71,calme,746999.6194292671
186,3,14,1,0,50,luxe,834057.3242668427
105,6,0,1,1,61,luxe,550278.6972866004
196,2,11,0,1,48,populaire,629322.0591896991
36,1,4,0,0,50,populaire,130801.30723992414
117,5,7,1,0,27,centre,548620.7893978537
217,1,9,1,0,35,calme,770821.8539516899
217,2,9,1,1,24,calme,818357.9969501839
117,7,1,1,0,35,populaire,418179.4045272234
84,5,9,0,0,76,populaire,313630.048460207
93,5,8,1,0,59,populaire,323784.92141158006
104,6,11,0,1,6,centre,536295.6149803837
24,1,7,0,0,64,calme,68104.19942942625
21,7,2,0,0,72,centre,186264.53728619817
41,6,0,0,0,35,calme,240837.36282047504
131,4,3,0,0,72,populaire,367103.2194317711
76,1,7,0,1,29,centre,357983.9191266269
85,1,2,0,1,46,luxe,429037.4928605228
93,4,9,1,1,28,centre,441882.85527265293
117,2,11,0,1,4,centre,530044.348714015
163,2,1,1,0,64,luxe,684747.2184573512
131,5,6,1,1,68,luxe,607263.9418897077
198,3,3,1,0,62,populaire,670774.9123347017
144,6,5,1,1,55,luxe,712121.5863663002
186,3,4,1,0,16,luxe,853531.3489936456
105,5,1,0,0,50,centre,435463.02459705074
95,3,9,0,0,36,centre,360015.067984703
107,1,1,1,1,8,populaire,372083.7011758104
187,1,13,1,1,37,luxe,806944.0412879906
57,4,8,1,1,52,calme,273414.8432578233
207,4,10,0,0,12,centre,869677.9079861947
78,5,9,1,1,52,populaire,360698.5589506894
157,5,1,0,0,74,centre,580322.7950460264
118,7,7,0,1,48,centre,552833.0520116247
211,5,7,1,1,69,calme,813740.7955284219
82,1,0,0,1,34,populaire,306206.8908269698
68,3,0,0,1,15,calme,319598.42645061744
211,6,12,0,1,12,calme,859578.8206985232
51,7,3,1,0,10,populaire,238224.52853134688
154,7,1,1,1,1,luxe,805436.7109042269
40,7,11,1,1,18,calme,311166.5691680462
39,5,14,1,1,44,luxe,406549.05956808064
173,5,0,1,0,45,centre,753488.6235703821
146,1,8,1,1,46,populaire,483113.9535216671
87,6,12,1,1,48,populaire,310374.8147699168
129,1,2,1,0,78,centre,445031.93118123524
135,6,13,0,1,41,centre,624702.202778951
233,1,13,1,0,32,centre,948305.397244211
162,3,13,0,0,40,calme,615684.4453635658
139,5,0,0,1,68,calme,499734.3573170144
232,2,1,1,0,18,calme,827022.5817039347
98,2,7,0,1,38,calme,446569.9984556481
233,5,4,0,0,6,calme,892947.2703818737
135,7,10,1,1,38,luxe,663212.4342966249
111,5,6,0,0,33,luxe,566716.604283955
33,5,5,1,0,43,calme,187603.78364326747
174,5,12,0,0,68,populaire,621544.5666619305
144,7,0,0,1,67,populaire,471199.55489079177
187,6,5,1,0,62,luxe,862391.4917764422
77,3,10,0,1,70,luxe,459003.1004633149
47,2,6,0,1,47,populaire,152270.7380134535
45,4,3,1,0,2,populaire,214687.47378771796
132,2,7,1,1,33,populaire,502366.6331305086
210,2,7,0,1,8,luxe,912993.8268462997
85,7,6,0,0,60,luxe,427857.23614882893
172,1,10,1,1,19,populaire,610330.3957959458
150,5,14,0,1,39,luxe,681278.018342633
219,5,1,1,0,11,calme,876682.0347271005
63,5,5,1,0,27,populaire,296476.81350102625
116,1,5,1,0,47,centre,448208.0479410872
61,7,11,0,0,73,populaire,198643.85187040814
246,3,14,0,1,74,luxe,1007437.4433104625
25,3,11,0,1,6,centre,295395.729481013
186,7,6,1,1,13,centre,821364.0454581463
199,4,5,0,0,18,populaire,742072.6661838822
42,3,1,1,1,53,calme,202084.15430430067
108,7,7,0,0,59,calme,347906.3777582071
142,3,14,1,1,66,luxe,658960.135466872
197,5,3,1,0,33,centre,833879.4504681738
190,6,8,0,1,40,calme,746129.124379582
166,7,7,1,1,30,luxe,835366.8596429614
216,2,13,0,0,38,centre,895987.1031872139
70,3,2,0,1,77,luxe,387534.2390434181
30,3,2,0,1,51,calme,128941.29096639497
31,1,7,0,1,46,luxe,277827.04068257863
93,4,1,0,1,19,luxe,533129.8682162428
27,6,8,1,0,51,calme,203620.59067970686
171,1,3,0,1,70,calme,601713.590546538
239,5,14,1,0,61,luxe,994234.2694438148
60,2,5,0,0,4,calme,292134.69610858406
183,4,2,1,0,56,populaire,640575.9896253994
248,1,2,1,1,3,populaire,878074.2551468536
104,7,2,0,0,10,populaire,361716.6356642766
91,3,10,1,0,18,centre,431797.46435859887
74,3,12,0,0,26,populaire,231699.3592985088
156,4,9,0,1,28,populaire,567928.7672358353
66,3,11,0,1,17,populaire,289327.6228567812
162,7,13,1,0,36,calme,621862.9686373495
195,1,13,1,0,60,calme,722809.0080903945
123,1,13,1,1,46,calme,507854.05391592556
229,3,11,1,0,19,calme,861773.6069797381
61,3,1,0,1,69,calme,246944.7143091967
79,5,7,0,0,48,populaire,307596.4766241228
231,2,8,1,1,14,populaire,858469.8754845104
217,4,14,1,1,17,calme,947215.7781973965
31,1,7,0,1,37,luxe,267996.4992779817
149,4,14,1,0,21,calme,653593.1080960428
26,5,9,0,0,75,populaire,124980.9718526428
99,1,2,1,1,59,populaire,331740.7865338639
150,5,6,1,1,65,calme,649593.3154357085
128,5,10,1,0,25,centre,601696.8987661373
22,6,9,0,1,63,luxe,305699.12141795486
46,3,1,0,0,57,calme,142468.95985900026
133,7,3,1,1,2,populaire,556342.3610163749
126,6,11,1,1,29,luxe,753115.0941700174
59,4,12,1,0,18,centre,292895.99755162554
249,7,13,1,0,9,luxe,1100399.234383212
180,4,12,1,1,45,calme,789243.5108457949
239,3,5,1,0,18,populaire,850280.6624910258
148,7,10,1,1,57,populaire,562746.4175968566
27,6,4,1,0,5,populaire,179977.0810875739
120,4,12,0,1,50,luxe,641610.4167481667
179,6,8,0,0,13,calme,718418.5185072469
143,3,9,0,0,57,calme,482276.0359539123
195,7,3,0,1,7,luxe,893693.0723641898
126,7,4,1,1,1,luxe,686171.4783819453
120,1,3,0,1,17,centre,483747.09228448797
23,5,13,0,1,56,populaire,74676.32946900139
241,5,12,1,1,34,luxe,1068773.5627258199
217,6,13,0,1,65,populaire,755039.0865540492
129,7,7,0,0,55,centre,613471.5818324031
38,4,12,0,1,42,calme,202876.75480519526
51,6,7,0,1,72,populaire,134639.96953726868
156,6,14,0,1,71,luxe,768226.3907701572
31,2,2,1,1,7,luxe,407178.740958791
158,7,0,1,0,4,centre,704097.71726409
65,5,5,1,1,12,populaire,298197.2537623196
138,7,1,0,1,6,calme,648108.4539326302
35,3,1,0,0,20,calme,163185.4726201876
148,6,2,0,0,36,luxe,752239.1056701693
82,2,7,1,1,44,centre,343859.5230708799
128,2,2,0,0,51,luxe,567448.3227150918
138,5,6,0,1,47,luxe,643544.713890198
40,5,9,0,0,61,luxe,263062.2138861279
177,5,13,0,0,77,luxe,744823.1805602822
32,3,9,1,0,50,centre,220391.5157352927
181,2,8,1,0,3,luxe,859129.6882670167
23,4,12,0,0,55,populaire,90762.0807639399
175,3,7,1,1,74,luxe,723329.0915641079
121,1,0,1,1,33,luxe,602031.5751422199
242,6,6,1,0,44,calme,926418.3442995194
78,5,6,0,0,15,calme,342551.1050564783
147,2,7,1,0,8,centre,628946.4378579819
46,6,9,1,1,79,centre,324968.984081535
88,7,4,0,1,15,populaire,362734.49996974034
44,3,9,1,1,30,luxe,379924.2781912669
150,1,8,1,0,12,calme,624973.617307584
116,7,8,1,1,4,populaire,529411.0796404066
215,3,7,0,0,46,populaire,716781.4976786767
44,3,5,0,0,38,centre,223910.55918150116
167,4,5,1,0,17,calme,680728.2179107824
181,6,0,0,0,19,luxe,807876.0397178901
173,4,12,0,1,1,centre,742953.964928385
145,3,14,0,1,39,populaire,529476.3103723451
152,1,5,1,0,29,populaire,493833.7081532664
246,2,13,1,0,9,calme,940049.3318188104
208,2,3,0,0,63,calme,722773.624967831
239,7,3,1,0,41,luxe,1019848.5163534298
240,6,13,0,0,74,calme,884320.2586048323
28,5,1,0,0,52,calme,125071.88802805547
135,5,12,1,1,52,centre,670796.7127890212
249,2,10,0,1,39,centre,1025558.9228893919
197,3,13,0,1,15,luxe,887734.0138367038
153,3,3,0,0,47,centre,590783.289731574
230,4,4,0,1,60,luxe,956274.9122013348
79,6,12,1,1,37,centre,445667.4124717035
191,4,11,0,1,43,populaire,684436.4959680173
140,5,4,1,1,14,centre,649475.1303047265
158,2,4,0,1,60,luxe,714718.50052368
213,7,3,1,0,6,centre,884468.9689670072
194,3,0,0,0,29,calme,702173.0105356993
127,2,13,0,0,35,populaire,392271.61061720154
127,1,9,1,1,10,centre,565471.4628199071
220,2,7,1,0,69,populaire,731104.8884412545
232,1,2,0,1,28,populaire,799343.0416518563
235,4,1,0,0,78,populaire,804090.770301911
245,4,8,0,1,5,populaire,882273.4447881418
233,5,6,0,1,75,calme,813539.5606435013
150,2,8,0,0,50,calme,553707.9364473873
95,2,12,1,0,79,luxe,456982.0977335116
239,1,1,1,1,37,luxe,1022136.8010397266
49,4,8,0,1,72,luxe,327946.3462624403
237,1,9,1,0,21,luxe,1039899.4753641997
40,4,8,1,0,53,populaire,133812.42343563764
175,1,10,0,1,39,populaire,588020.132679117
237,4,8,1,0,6,populaire,895779.5605751652
209,1,9,0,0,39,calme,774966.8584476064
180,7,12,1,0,23,calme,734588.2667862442
232,4,9,1,0,40,populaire,841332.8965293289
182,6,3,1,1,50,populaire,681233.4399889999
199,1,9,1,1,38,populaire,699947.2474458152
53,2,2,1,1,42,populaire,216085.70765887477
60,5,5,0,0,68,calme,285755.87783200806
70,6,2,1,1,58,centre,348603.03826015734
194,6,10,0,1,24,luxe,919652.2924106256
101,1,8,1,0,24,luxe,522685.04871610017
77,5,2,1,0,72,centre,333037.1622988381
94,2,1,1,1,23,calme,399343.228724833
204,6,7,0,1,61,calme,734016.4160551381
42,2,5,1,0,42,centre,262291.4309477087
195,4,7,1,0,58,luxe,867143.1782289268
147,7,14,0,0,53,luxe,651847.3726931453
169,5,12,0,0,78,centre,661925.0437608233
36,7,6,0,0,25,centre,273090.09137321945
88,3,2,1,1,53,populaire,329646.9759796839
127,4,7,1,1,60,centre,545607.1729280442
158,5,9,1,1,74,centre,654591.9329915696
113,1,0,1,1,78,luxe,523531.2331072833
34,7,0,0,0,43,populaire,105576.36827011782
110,1,12,0,0,8,populaire,440906.05163615133
182,2,12,1,1,41,luxe,828099.7947905894
52,6,9,0,0,28,luxe,387819.33058397926
231,7,12,0,1,78,calme,924932.5038935683
144,3,7,0,1,79,populaire,468280.7087156267
35,1,12,1,1,57,centre,255231.97273176746
181,5,8,0,1,62,populaire,589365.8728802431
85,7,9,1,1,48,calme,447118.8527238645
246,7,5,1,1,10,centre,1077000.9822590735
187,6,4,1,0,53,calme,662901.8259725573
175,6,1,0,0,29,luxe,785797.1072834828
66,5,10,0,1,65,calme,308184.2679324906
186,6,8,0,1,64,luxe,857319.9870212035
217,1,5,0,1,57,calme,821820.7364237764
220,5,7,1,0,56,luxe,898104.0165802178
167,5,8,1,0,36,populaire,611897.5431010458
143,2,8,1,0,53,luxe,620303.2404876599
20,3,7,0,1,72,populaire,20725.680793013977
219,7,11,0,0,68,luxe,964532.6343044104
106,2,9,0,1,23,calme,422115.9267690266
147,3,7,1,0,62,calme,551585.873871049
210,5,2,1,1,50,calme,800687.4674289626
86,7,12,0,1,14,luxe,581088.2101201977
23,6,2,1,1,46,luxe,228471.9358963182
205,3,1,1,0,72,calme,769743.1062163948
172,5,0,0,0,45,populaire,631659.8575327422
66,5,3,0,0,29,luxe,425849.52852477547
57,2,1,1,1,78,populaire,165309.2353870772
162,2,13,0,1,19,luxe,702775.9092009919
210,6,13,1,0,56,calme,839281.6761888657
40,4,1,0,0,48,populaire,144266.87769065515
246,1,12,1,1,55,centre,958042.8460829532
76,4,10,0,1,55,luxe,421398.752605016
136,4,10,0,0,24,populaire,535893.8775381797
200,7,4,0,1,8,calme,804000.4273075791
65,7,3,1,0,21,populaire,311397.6173874066
161,6,0,1,0,76,centre,658338.6300959343
247,7,14,0,1,36,centre,1021295.9933566247
223,3,14,1,0,27,populaire,879671.3806085576
164,6,8,1,0,13,centre,746477.8723401998
58,6,13,0,1,29,luxe,447500.36615836783
156,5,3,0,0,38,centre,659329.4608884276
118,5,4,0,0,56,populaire,404078.21414834715
96,5,6,1,1,4,populaire,406101.18906560977
226,1,1,0,1,11,luxe,984715.9021247558
229,3,7,1,0,34,luxe,979466.3056422396
134,3,10,1,0,40,populaire,419338.2814881223
244,5,1,1,1,62,calme,894255.9500908647
153,4,10,0,1,41,luxe,759043.8001113884
238,1,9,0,0,64,calme,863523.2031817472
170,4,4,1,0,64,centre,642857.4317600356
206,2,12,1,0,42,centre,801705.6348365132
110,3,11,0,0,59,luxe,509568.40000067727
117,3,1,0,1,19,luxe,636184.0587465959
139,4,1,0,1,62,populaire,420272.414924447
65,1,3,0,1,23,centre,302092.54933299654
57,3,3,0,1,74,luxe,333881.68282772385
161,4,12,0,0,71,populaire,493182.1679085597
119,6,7,0,1,34,calme,518965.1302740504
91,6,12,0,0,40,populaire,311177.38302964927
209,7,5,0,0,15,centre,851364.0209239591
54,1,9,1,1,79,populaire,137414.35612438907
166,4,7,0,1,5,populaire,624568.424183016
49,7,12,0,0,19,luxe,379573.5956133362
97,6,6,1,1,55,populaire,374363.173313283
103,1,12,0,0,74,centre,437868.017891186
132,7,9,0,0,7,populaire,548999.2550285474
44,5,3,1,1,5,populaire,265406.43526334263
187,1,1,0,0,7,centre,737250.1646541958
107,2,14,1,1,61,calme,434365.7023355268
33,5,8,1,1,13,calme,249736.7437353207
173,7,1,0,1,2,centre,729504.6229580037
121,4,0,1,0,1,calme,548527.5310083313
234,5,7,1,1,21,populaire,865755.5442790797
169,5,9,1,0,69,luxe,754171.4687177277
195,7,14,1,1,70,centre,838316.7852482656
102,4,8,0,0,5,populaire,364825.5508262339
129,4,0,1,0,49,luxe,585278.4292014829
198,6,6,1,0,43,populaire,728707.4748232202
150,2,1,0,0,7,centre,633094.7535145249
189,4,5,1,0,23,populaire,752134.5559915791
38,3,12,0,1,26,centre,268306.97779908613
220,3,10,1,0,52,populaire,779039.2528824966
47,2,4,0,1,50,luxe,382258.69288533897
231,1,0,1,1,27,luxe,986877.6081364336
192,7,1,0,1,58,luxe,868995.8381118657
90,1,1,1,1,68,calme,246601.40233980326
225,3,9,0,0,72,populaire,731902.4492960632
82,4,9,0,1,24,populaire,327115.5797319539
92,2,5,0,1,43,luxe,456154.4848548544
143,1,10,0,1,46,centre,590898.7673790011
138,1,11,0,1,12,calme,584560.322177875
140,7,0,1,1,52,populaire,550708.1574828399
38,5,10,1,1,52,populaire,162728.7321031073
194,3,12,0,0,36,calme,690274.8404496667
161,4,3,0,0,62,calme,590090.1597721224
139,2,11,1,0,65,luxe,615894.4853480326
185,1,9,1,1,39,calme,688477.3697491472
200,7,10,0,1,77,luxe,874532.4518969703
80,5,4,1,1,60,calme,342595.69373190176
183,3,1,0,0,5,calme,700957.0321451997
187,3,1,0,1,24,populaire,648783.4084518923
228,7,14,0,1,45,luxe,1064139.4590154518
49,2,6,1,0,30,calme,236485.65241924213
28,1,6,0,1,79,calme,109109.17893254514
83,2,5,1,0,62,populaire,265969.11216766655
180,7,0,1,1,67,centre,706769.9340239582
139,7,11,1,1,38,populaire,585933.4764263504
71,2,12,1,1,79,luxe,496047.9002619346
108,6,11,0,0,35,centre,476127.4810884203
161,5,2,0,1,6,calme,651260.2372180513
222,3,8,1,0,65,luxe,906532.3081198176
72,6,9,0,1,54,centre,384968.8993346988
246,4,0,1,0,71,luxe,990926.6499754236
206,3,1,0,1,41,populaire,696551.8036887002
97,3,7,0,0,26,centre,455077.301438716
241,5,6,0,0,1,centre,996134.1048203922
60,4,8,0,1,69,centre,333680.2939325391
215,1,9,0,0,3,calme,821829.8824982224
87,4,11,0,0,20,populaire,325275.8879934761
239,1,14,1,0,0,centre,956479.8357189473
27,4,14,0,1,37,luxe,302555.81302817987
21,2,14,0,0,59,calme,71228.00435276995
124,7,11,0,1,75,populaire,483629.05989569996
144,4,3,1,0,13,populaire,550775.1025838925
129,6,3,0,0,78,populaire,426208.8164356216
105,6,6,0,0,16,populaire,391417.8827338804
188,5,0,0,0,72,calme,725154.2316153634
139,7,9,1,1,46,populaire,527056.1868896349
146,7,11,0,1,55,luxe,692493.3987108553
202,1,8,1,0,52,luxe,836725.352750593
35,3,1,1,1,17,luxe,347307.530339818
240,5,14,0,1,68,centre,992990.4597342659
81,6,0,0,0,47,populaire,308311.66243278986
132,6,6,1,0,8,luxe,651715.1533109476
195,1,5,1,0,53,populaire,642743.1160420836
177,6,11,0,0,34,calme,693063.7230749683
31,6,2,0,0,45,luxe,289418.5179136177
54,1,0,1,0,0,centre,285240.1424297325
30,6,11,1,1,40,centre,285254.9596771252
83,3,4,1,0,72,calme,297838.2326012966
69,2,9,1,0,31,luxe,388176.0567256016
232,5,13,0,0,76,calme,891236.4440106534
168,3,3,1,1,39,centre,699049.0059543822
88,3,4,0,0,10,centre,442538.10961806594
67,2,0,1,1,61,populaire,173946.16764837375
39,7,0,1,1,45,calme,207907.334922984
120,5,4,0,1,47,centre,492969.6541304711
214,3,5,0,0,42,luxe,873779.2655633256
191,6,4,0,1,50,luxe,836187.5440097264
180,2,1,0,0,60,centre,649073.9835849036
220,7,8,1,0,41,calme,868823.2293695972
208,5,4,0,0,25,calme,771010.6920817792
156,4,10,0,0,10,luxe,723279.8458327665
87,1,10,0,1,24,centre,417018.8157984828
54,6,4,1,0,39,luxe,441830.80940409366
228,2,9,1,1,24,calme,901303.1322288272
245,1,8,0,1,74,centre,921006.1986153336
235,7,2,1,0,73,luxe,980473.5301773776
243,7,4,1,0,51,centre,913073.910763636
84,4,14,0,1,2,populaire,354010.73094997834
27,3,12,1,1,38,luxe,264826.8308590142
64,3,11,0,0,34,luxe,422689.2514181756
106,5,4,0,0,39,populaire,417157.1704863235
194,2,1,0,0,21,calme,692711.3972521061
187,2,10,1,1,61,luxe,817866.1669900137
95,7,3,0,0,18,luxe,499686.4884253946
201,5,10,1,0,13,calme,840347.2772944506
95,1,10,1,0,49,centre,445952.548052749
193,3,1,1,0,61,populaire,658589.1203566687
66,3,4,1,1,42,calme,311589.89161617984
34,7,9,0,1,54,centre,251681.84598927593
124,2,12,0,0,39,populaire,433832.437049268
166,7,11,1,1,11,centre,768790.6075258288
45,2,1,0,0,64,luxe,254321.22703471486
71,5,9,1,1,33,populaire,336132.98872840434
112,4,14,1,1,22,centre,576456.7454068414
169,1,13,0,0,70,populaire,520388.8691764425
40,6,8,1,0,6,centre,359149.7862867416
70,4,9,0,0,64,centre,298118.4511360463
57,4,5,1,0,17,luxe,455505.6951860344
39,2,7,1,1,7,calme,199508.9713625404
176,2,8,1,0,41,populaire,601647.1639665017
198,2,14,1,0,0,luxe,919655.057216382
151,4,12,0,0,78,populaire,504936.5297783382
74,7,7,1,0,14,calme,389495.8944133683
218,1,4,1,0,27,luxe,957190.7392816967
111,7,4,0,0,35,calme,484774.57979724207
47,2,5,1,1,45,luxe,349947.2802931909
23,3,13,1,0,76,luxe,207312.1528983096
169,7,0,1,1,20,luxe,851087.8172941372
95,1,12,1,0,48,luxe,470245.9598782905
192,3,10,1,1,38,centre,833195.582281572
86,1,7,1,1,37,populaire,346260.72203234135
105,2,1,0,1,8,centre,483863.3203301038
213,7,5,1,0,19,centre,917213.9889887641
235,6,13,0,1,7,centre,1010023.4739491298
181,5,13,1,0,13,luxe,859386.9591251734
110,2,8,0,1,61,luxe,523395.70503031946
202,4,12,0,0,34,calme,743007.4350978725
124,6,2,0,0,54,populaire,404162.1828525479
20,4,1,0,1,44,calme,130898.10954474485
91,1,9,1,0,20,calme,424479.63116403535
106,4,4,1,1,52,populaire,392288.9608350806
185,6,10,1,1,53,populaire,723640.034901008
25,6,8,0,0,42,calme,109219.78168387564
233,2,5,0,1,5,calme,941389.1940239342
172,3,13,0,0,54,calme,663711.8822776217
229,2,7,0,1,43,luxe,993679.0203237311
164,1,7,0,0,67,populaire,452708.356798412
80,4,6,0,0,3,populaire,297173.59428381815
31,3,4,0,0,62,centre,133043.3437000777
25,7,1,1,1,57,luxe,308811.3274400952
237,5,13,0,0,53,luxe,1017793.8167841636
46,6,14,1,0,37,populaire,235036.75727113025
155,3,9,1,0,59,luxe,685129.313719394
230,7,9,0,0,51,calme,906614.9785839347
143,3,4,0,0,28,populaire,490592.4671138017
125,2,11,0,0,39,populaire,455696.22328735614
212,7,6,0,0,70,luxe,924665.1297322633
204,5,11,1,0,7,populaire,752227.5630704111
112,6,11,0,0,34,luxe,598662.2897680561
128,1,6,1,1,15,luxe,598466.9296549257
118,1,10,0,0,17,luxe,611816.0533318538
187,3,12,1,0,58,calme,725449.9963099574
161,7,14,1,0,33,luxe,814625.498562454
54,3,1,1,1,3,luxe,430559.7649959327
195,4,6,1,0,68,centre,768133.8028752152
103,5,5,1,0,77,centre,394729.3020851383
75,6,6,0,1,64,calme,359448.24019535625
196,3,10,0,1,60,calme,713919.7554422319
160,4,7,0,1,45,luxe,714409.2153459138
208,7,3,1,0,20,centre,901566.0883144764
249,5,0,0,0,76,calme,869798.829002373
68,6,7,1,0,37,populaire,275025.7845879335
65,1,7,1,0,72,populaire,196301.83145620587
132,4,2,0,1,59,luxe,637895.0899049761
209,7,2,1,1,35,centre,918535.323333069
155,5,4,0,0,5,populaire,558997.4597071524
62,4,13,1,1,38,centre,350884.7403986769
167,3,2,0,0,28,calme,641037.3686730299
143,2,14,1,0,26,centre,578935.4167612663
116,1,13,0,0,68,luxe,499932.5946591357
109,3,4,0,0,8,centre,464880.24299911247
58,3,14,1,1,23,populaire,190009.17711324047
104,7,7,1,1,62,centre,484841.10369820934
196,7,0,1,0,18,centre,833346.4943350015
211,5,1,0,0,29,centre,846320.1314051853
81,7,1,0,1,57,calme,344687.6399215215
125,4,11,1,1,39,luxe,619723.0124927643
126,1,3,0,0,67,populaire,366402.41342403373
73,3,8,0,1,31,populaire,255246.33129838464
145,5,1,1,1,64,centre,539681.6473687992
28,1,11,0,1,33,centre,171052.41500275553
107,7,13,0,0,30,calme,489718.00592183886
56,7,10,0,1,58,luxe,397707.134081054
68,4,12,1,1,77,populaire,245728.97366100753
60,7,14,0,1,25,luxe,471462.5398858636
36,3,11,1,1,21,populaire,180176.64036900757
107,6,8,0,1,33,centre,520128.3363387957
40,3,6,0,0,12,calme,197859.7270105123
70,3,9,0,1,54,calme,278490.3648899008
78,7,7,0,1,7,centre,451870.0728678342
186,1,0,0,1,61,centre,669285.0821992295
202,7,12,1,1,21,centre,916233.7291821709
60,1,4,0,0,55,luxe,294424.99761647714
58,1,8,0,0,20,centre,330994.1193805976
160,1,11,0,0,48,luxe,692346.195905456
211,5,3,0,1,5,centre,923713.3913548347
30,2,1,1,1,34,calme,135791.95659606686
166,7,5,0,0,26,luxe,834373.0929300573
158,5,1,0,0,39,calme,573472.1752640195
96,3,2,0,0,13,centre,435384.1891281595
146,5,13,0,0,73,centre,554888.98875411
65,4,7,1,0,51,populaire,226133.2746772585
64,6,14,1,0,78,luxe,394791.77414381405
20,1,2,0,1,39,luxe,146377.34151328678
187,7,1,0,1,42,luxe,858846.4116008728
127,4,5,0,0,57,luxe,603108.8656176243
38,7,13,0,1,2,calme,261248.5826709291
95,6,2,0,1,14,luxe,543973.460506805
91,4,0,1,0,44,calme,362849.3944987999
219,7,11,1,0,10,centre,993095.6976540204
208,3,13,0,1,38,calme,811957.3970536761
128,1,14,0,1,18,luxe,621600.462561734
31,4,14,0,1,78,calme,125592.80216239241
208,3,13,1,0,19,luxe,878676.7495316962
180,1,2,0,1,70,calme,630249.2427590236
64,2,5,0,0,55,populaire,182504.23849793788
109,3,2,1,0,77,luxe,467198.5604735592
122,5,8,1,1,3,calme,522496.1989883582
239,7,6,0,0,8,luxe,1074661.217926032
216,1,13,0,0,24,centre,877340.9703950407
27,4,4,0,0,46,calme,127823.69554967941
172,6,1,0,1,48,calme,691240.5496487609
110,4,14,1,1,26,populaire,438911.1790766591
193,5,8,1,1,27,luxe,977482.6029372177
106,7,4,0,0,61,calme,425511.65423857333
177,5,6,1,1,15,populaire,722774.7771970307
194,4,8,0,0,45,populaire,686969.3178849142
234,7,3,1,1,74,populaire,819734.0792523512
196,6,8,0,0,45,luxe,884687.8365403399
194,1,0,0,1,39,luxe,818271.4786972454
103,7,11,1,1,33,calme,463919.90142695606
101,3,5,1,0,9,luxe,552250.4472450573
165,7,1,1,0,0,luxe,801604.7600665521
213,5,7,1,1,65,centre,858015.478944156
87,5,4,1,1,16,luxe,529392.5032533724
241,5,14,0,0,46,centre,948841.6104475181
180,6,2,0,1,23,calme,702385.8947975335
146,7,1,1,0,49,populaire,565622.4204748808
183,7,7,0,0,28,centre,774324.1302673818
101,2,6,0,0,77,calme,355138.65842021845
248,6,8,0,0,71,centre,947053.9324538868
166,1,7,0,0,12,luxe,730829.9656905875
175,1,10,1,0,63,calme,640462.3572869842
187,1,3,0,0,27,populaire,665687.3642260134
103,1,1,0,0,4,centre,401743.96742565813
132,1,13,0,0,73,luxe,542278.3386649954
244,4,12,0,0,8,calme,940139.2193281748
95,5,1,1,0,13,luxe,512868.65141661704
141,6,1,0,0,9,calme,646964.6254592725
162,4,13,0,0,32,centre,670561.2159112772
60,6,10,0,0,74,calme,270241.65173462115
186,2,11,1,0,39,centre,740473.1321281579
21,7,5,1,0,5,calme,127405.64353008651
210,3,6,0,1,16,luxe,918803.984548107
48,5,11,0,1,35,luxe,339884.1282689011
124,2,5,1,0,69,centre,499926.3035783659
221,4,1,0,1,60,populaire,746538.3336176674
213,3,3,1,1,73,centre,800525.5515386338
70,7,2,0,1,48,luxe,437583.6493549811
94,2,10,0,0,68,calme,328160.6767648873
224,7,12,1,0,70,populaire,833631.7440136663
29,7,3,0,0,23,luxe,321329.59673125244
161,6,4,0,1,50,populaire,633465.7555262467
229,3,6,0,1,41,centre,924163.9757115175
70,6,13,1,0,18,luxe,492684.28989447677
137,7,8,1,1,61,centre,637410.0523748713
220,2,14,0,1,74,luxe,936023.0187356082
140,7,10,0,0,66,luxe,610003.8548010573
58,4,1,0,1,29,centre,331547.2358955704
47,7,7,0,1,37,luxe,333606.6124169029
22,6,2,1,0,5,populaire,73643.41398463477
103,3,8,1,1,21,populaire,367133.0100013502
217,2,9,1,0,10,centre,890112.7211948035
174,6,11,0,0,71,calme,620990.758234728
136,7,3,0,0,28,populaire,519251.85860255855
21,4,14,1,0,7,luxe,348567.1917728724
112,5,2,0,0,79,centre,437763.0596285072
185,4,9,0,0,34,calme,717591.827546776
150,7,5,1,0,71,centre,607925.6025116687
163,4,9,0,1,71,populaire,520741.45121732895
113,5,12,1,0,44,luxe,584662.3696103164
59,4,8,0,1,32,populaire,207117.74531480225
21,5,6,0,1,4,centre,217653.10817637856
100,7,3,0,0,61,luxe,493081.4190605807
188,5,2,0,1,36,calme,695803.4612796106
31,6,9,0,0,16,populaire,146965.46143420952
182,6,3,1,0,21,centre,719188.3198792029
84,5,2,1,0,77,luxe,451158.94944599876
74,2,11,0,0,31,centre,299299.67636448843
64,3,2,0,0,13,calme,267199.2883959954
226,2,11,1,0,19,calme,904042.1919308981
237,5,13,1,1,21,populaire,920954.2317621035
120,3,12,0,1,29,calme,504953.7292074684
232,6,8,1,1,53,calme,975751.7864179118
81,3,3,1,1,32,populaire,305310.0696444785
68,5,8,1,1,4,centre,446735.1889300836
146,6,11,0,0,17,populaire,537211.3990655025
242,3,14,1,1,62,populaire,771405.0133199253
172,3,9,1,0,45,luxe,776818.6594050472
42,2,4,1,0,6,calme,237313.66609393668
171,3,6,1,0,28,calme,679867.3846992658
57,7,13,0,0,56,centre,276245.16862310644
47,5,4,1,0,46,calme,320846.22651565034
40,1,0,1,0,8,centre,203853.53427732404
201,1,1,1,0,58,luxe,825561.8848167348
126,1,10,0,1,70,centre,508520.3012613194
165,5,14,0,0,70,centre,690077.3391168229
183,1,4,0,0,42,luxe,745814.9043584131
118,2,5,1,1,58,populaire,415688.30950260937
192,5,6,1,1,5,luxe,962553.1124046483
138,7,1,1,0,52,calme,544248.0451097516
92,6,9,0,1,63,calme,381824.1921341605
200,7,8,1,0,3,luxe,917704.8315856712
249,5,5,1,0,0,centre,1033797.1941987406
141,5,1,0,0,69,luxe,599872.2868691033
49,3,1,1,0,30,calme,249247.16806185045
207,3,2,1,1,64,luxe,865002.9384588029
127,3,0,0,1,68,centre,499317.9476042422
117,4,8,0,1,18,calme,477627.22549648536
51,2,13,0,0,68,populaire,201020.02044856033
214,5,9,0,0,68,luxe,902056.4445265817
214,7,10,0,1,48,luxe,926408.7351096534
175,5,3,1,1,30,luxe,831814.5051327746
191,3,4,0,0,59,luxe,746661.4819450746
98,5,6,1,1,70,calme,390248.4236199218
60,6,0,1,1,78,centre,319766.3620023239
82,5,2,0,0,54,populaire,282606.23326942325
42,7,13,0,1,76,luxe,363853.8221196037
123,1,2,1,0,75,calme,463593.41846557707
94,6,1,1,1,76,luxe,494713.28326189617
67,6,7,1,1,37,populaire,313300.29228053853
179,5,4,0,0,32,luxe,826597.8333221197
76,4,0,1,0,5,centre,421307.3507843946
137,3,11,0,0,12,luxe,625012.2372985545
119,2,1,1,0,76,luxe,535283.8799102436
143,2,0,1,0,76,luxe,600793.4589915713
180,1,14,1,0,19,centre,783109.9644837074
171,2,5,0,1,36,calme,655719.2552839809
186,2,8,0,1,44,centre,731063.6928035179
53,3,10,1,0,72,calme,209173.22861795963
203,3,6,1,0,58,centre,778450.5801903738
175,4,4,1,0,51,centre,709228.2236620027
184,7,11,0,1,17,luxe,898660.0367346797
26,1,12,0,1,24,centre,194949.05164892232
215,2,2,0,1,78,calme,748790.6718285371
184,4,11,0,1,0,calme,737347.1905124167
75,1,11,0,0,40,calme,337773.22362312593
84,6,7,1,1,17,calme,417739.1686288185
212,2,9,1,1,0,centre,902192.4276462077
66,2,3,1,1,38,luxe,416486.6307473448
167,3,8,0,0,73,populaire,545704.8080330236
38,5,4,1,1,30,calme,222190.2731244783
176,1,13,0,0,70,centre,679838.6665802948
221,2,5,0,1,37,luxe,979427.4837177787
207,1,4,1,1,7,centre,870739.2099773464
165,7,9,1,1,33,calme,720516.544837971
239,4,11,0,0,72,calme,885951.0233252295
182,4,10,0,1,26,luxe,842977.7178301208
190,5,6,1,1,40,centre,793715.9852014775
242,2,6,0,0,6,calme,970429.9545632786
238,7,0,0,1,31,calme,977997.07489978
145,3,1,0,1,72,populaire,453069.88055401924
158,2,6,1,1,15,populaire,619041.3978251646
68,1,7,0,1,1,calme,334991.01377710496
132,6,3,0,1,42,populaire,489896.3045325835
57,4,5,0,0,30,populaire,244734.9630711982
83,1,10,0,1,79,calme,305003.00737533916
88,5,11,0,1,46,centre,441643.7753234191
155,4,9,0,0,32,centre,663168.3939150047
181,3,2,0,0,16,centre,694464.7443020055
195,4,6,1,1,53,luxe,874696.4600269815
135,6,10,1,1,53,centre,572968.8761388086
203,7,2,1,1,50,luxe,937066.1150562271
223,2,10,0,0,51,luxe,935797.3916238076
249,6,6,1,1,6,populaire,987763.2569699856
84,7,11,1,0,53,luxe,516773.2633458701
50,6,10,0,0,10,luxe,472296.1901990508
151,2,11,1,0,61,luxe,632134.133441119
132,4,10,0,1,29,luxe,662426.2566189213
128,5,7,0,1,56,populaire,487476.51180964627
197,2,2,0,1,45,calme,762775.5693005271
88,2,1,1,0,79,luxe,398795.8983522756
177,7,11,0,1,69,calme,738087.0340460187
139,3,5,1,1,65,centre,532588.7663527227
107,4,3,0,0,54,centre,422343.666162143
206,2,7,0,0,57,calme,750344.0327496789
86,5,12,1,0,9,calme,429405.7807937421
94,1,14,0,0,3,centre,481633.9081141401
64,4,13,1,0,73,populaire,238762.67562851435
23,3,1,0,1,72,populaire,27368.331583255593
173,6,3,0,0,61,luxe,798253.0060498324
174,2,1,0,1,42,populaire,605523.8663183345
193,5,13,0,0,41,populaire,715332.4535059535
126,4,1,0,1,23,luxe,654054.2896165833
211,5,1,0,1,4,luxe,949219.7142199842
238,5,0,0,0,67,populaire,825671.6295189672
70,7,3,0,0,76,calme,295297.1946333155
69,6,1,1,1,44,luxe,471711.0625264673
25,3,8,1,0,58,calme,175190.23148545885
78,4,8,1,0,64,centre,357105.2193796753
144,2,10,0,0,62,luxe,663219.6341542422
162,3,10,1,0,74,calme,587727.3475532942
49,2,6,1,0,66,luxe,288575.81150662375
189,1,5,0,0,48,luxe,783268.436016056
248,5,11,1,0,76,luxe,1028694.6629496026
141,1,2,0,0,31,luxe,640422.2386461291
144,7,13,1,1,49,calme,592168.8985108979
56,5,11,1,1,57,calme,302890.86570594856
189,6,13,1,0,51,calme,747099.323809641
143,3,14,1,0,22,centre,574748.2621156638
120,2,6,1,1,29,luxe,620009.0166066621
54,7,0,0,0,69,luxe,382426.8517259834
106,6,8,1,0,70,calme,463944.3498907735
153,2,3,0,0,29,calme,572471.6066325161
215,3,5,1,0,36,luxe,908662.1332253199
37,4,5,0,1,47,luxe,328625.6552700784
220,7,10,1,0,31,centre,911179.6144262002
132,1,2,1,1,69,luxe,590693.0255544955
48,1,3,1,0,34,calme,282119.89963662764
96,2,12,1,1,75,centre,464612.60917139816
78,2,10,1,1,67,populaire,255600.03138359892
194,2,9,0,1,31,populaire,706553.2852431762
145,7,2,1,0,58,luxe,736325.7327701752
164,3,12,1,0,34,calme,663036.209168386
128,4,5,0,0,15,luxe,600280.9433114959
243,1,0,1,1,78,calme,867826.6019281966
41,6,7,1,0,51,calme,214683.001037131
87,5,7,1,0,65,calme,352313.99117710366
88,7,8,1,1,5,populaire,383930.41203213524
184,7,5,1,0,13,luxe,843000.3147822351
68,3,0,0,1,28,luxe,393016.45627392
160,1,2,1,0,25,populaire,566911.2832037742
181,4,14,0,1,17,calme,774290.7077475132
128,3,0,1,1,3,centre,654034.0606397256
105,6,14,1,1,56,centre,500170.9904282443
72,1,12,0,1,52,populaire,210692.74711294944
142,3,14,1,1,24,centre,672763.1273559598
106,1,4,1,1,46,calme,373892.927086557
198,1,2,0,1,51,calme,656484.279053131
150,7,13,1,0,33,luxe,778565.2713010344
61,4,1,1,1,15,calme,288099.3031174835
117,7,2,0,0,35,calme,468212.6355518697
179,5,8,0,0,27,calme,724888.4557049486
128,4,10,1,0,64,centre,541481.0473504274
70,1,7,1,1,71,centre,305223.6025507912
104,3,12,1,0,52,populaire,322278.9010572326
193,6,2,0,1,41,populaire,682549.1307938822
146,4,10,0,0,78,centre,558436.7381764654
40,5,1,1,1,18,luxe,347034.6243363241
63,1,4,1,1,43,luxe,398934.93100944365
158,6,11,1,0,29,centre,711035.0056228298
122,4,11,0,1,73,populaire,409828.32690155884
87,7,12,0,0,43,luxe,509647.84575352183
148,7,11,0,1,26,calme,697929.2056208545
111,4,0,1,1,72,luxe,552743.5234637205
210,4,3,1,0,33,luxe,956846.9575504414
43,4,7,1,1,23,luxe,349740.9135876184
144,6,0,0,0,55,populaire,483249.14536030276
246,7,4,1,0,6,populaire,918471.7469345162
160,3,11,0,0,67,centre,636903.5646453187
130,5,3,1,1,50,luxe,660664.1654250644
117,5,5,0,0,7,populaire,459108.60243712383
158,1,6,1,0,55,populaire,444934.5687479211
247,2,8,1,0,76,centre,892946.1771180122
198,3,0,0,0,57,calme,713875.5761903372
36,7,10,1,1,68,calme,279064.67260571104
118,1,9,0,1,7,luxe,588895.7314487052
101,1,3,1,0,65,calme,426418.31987518346
123,4,5,1,0,23,centre,512534.65002807014
233,2,9,1,0,41,populaire,814848.2546497212
171,7,6,0,0,53,calme,662694.6079995264
38,2,6,1,0,15,luxe,300171.08612165414
184,3,7,0,0,3,luxe,862048.1784400407
104,2,13,1,1,58,populaire,364725.850381892
27,1,9,1,0,45,luxe,197333.1841052249
47,2,7,0,0,12,centre,207677.28805617188
24,2,7,1,0,36,calme,105164.74758875117
164,5,7,1,0,53,luxe,768982.0597778942
120,7,11,0,0,48,calme,497953.1834869268
183,7,14,0,0,74,populaire,675556.7574667021
137,1,7,1,1,57,calme,517067.61637724686
166,6,5,0,1,18,centre,741347.8325919856
83,2,8,0,0,17,populaire,334802.66024426965
110,2,2,1,1,59,luxe,529396.2119752689
136,4,5,0,0,16,populaire,548771.1941229618
117,7,4,0,1,10,calme,557884.3500635438
30,2,14,1,0,14,calme,165714.78522319288
73,7,14,0,0,71,calme,286339.2039289372
192,2,7,0,0,16,calme,686797.5291314027
66,5,3,1,1,4,populaire,299105.54368268733
159,1,3,1,1,60,populaire,478604.298245657
168,7,12,0,0,3,calme,772076.1469931795
158,3,14,1,0,55,luxe,788169.6047570726
239,1,9,0,1,74,populaire,742440.6437747518
24,4,10,0,0,47,centre,184535.47392255784
228,1,9,0,0,47,populaire,700138.7908100878
203,2,12,0,0,34,centre,821822.8287818723
39,4,4,1,1,32,luxe,365803.7939948606
188,1,10,1,1,20,centre,782920.1522001793
65,4,12,0,0,4,centre,376472.4478483071
31,3,12,1,0,63,luxe,244712.95985897438
89,1,14,0,1,68,calme,342813.89224512945
36,7,5,0,0,20,populaire,187415.56481041218
134,7,14,1,0,73,luxe,653387.8099296261
166,6,10,1,0,31,centre,761746.4354302355
173,2,3,0,0,17,calme,633852.7916447787
67,4,1,1,1,57,populaire,224939.90495358943
127,6,11,0,0,78,luxe,536568.5999398993
71,6,11,1,0,23,populaire,372154.98045926815
115,5,13,1,0,4,calme,469775.63710468146
89,4,1,0,1,52,populaire,334901.1072847919
202,6,11,1,1,72,calme,804803.9617708101
247,5,2,1,1,54,luxe,1049331.3711132028
121,6,1,0,0,4,calme,494800.30728883605
94,2,0,0,0,68,luxe,417141.2068704372
180,3,13,0,0,40,calme,674255.0283921172
209,5,7,0,1,6,populaire,773786.5769582072
235,3,11,0,1,0,calme,870738.2093693725
170,4,4,0,0,51,calme,649489.9511390298
162,2,9,1,0,25,populaire,594620.9501303264
174,5,0,0,1,62,centre,686561.7402205658
222,4,12,0,0,11,calme,868671.6624309421
211,6,8,0,0,69,luxe,912816.3031694635
228,7,7,1,0,18,calme,877554.1898589226
198,1,3,0,1,79,centre,681459.1190639832
200,4,7,0,0,3,luxe,901279.1653873685
225,3,12,1,1,4,populaire,842654.4063381016
238,2,11,1,0,53,populaire,804227.8899897985
101,2,12,0,1,69,populaire,346628.99392378057
111,4,9,1,1,56,luxe,563641.318579584
198,6,6,1,1,77,calme,776251.5253163629
194,1,10,0,0,51,luxe,861242.1275512119
23,3,14,0,0,17,luxe,334493.0382889248
154,4,10,0,0,63,centre,641952.8213090962
128,4,6,1,1,9,luxe,604552.8492384987
182,7,0,0,1,22,populaire,703941.1030989164
67,2,5,1,0,67,luxe,409148.4935408514
92,3,12,0,1,51,centre,433007.6788216763
91,1,3,1,1,46,luxe,453521.5044831448
135,2,13,0,0,69,luxe,587199.3365556594
192,4,9,1,1,25,populaire,756887.7712935249
100,2,9,0,0,69,luxe,453042.25251834886
100,2,9,0,0,42,calme,357436.7727987053
132,5,10,0,1,68,populaire,444407.59549990395
244,2,11,1,0,62,centre,930732.8775655016
115,6,1,1,1,77,centre,495826.1885703877
91,2,9,0,0,65,centre,323174.77942777856
166,6,6,1,0,62,luxe,743143.9815010518
82,3,8,0,0,12,calme,417909.2782807593
57,2,12,1,0,50,populaire,194103.4904162017
86,1,4,0,0,4,calme,373354.05320696667
206,6,7,1,0,46,calme,761387.3203733001
88,6,4,1,0,35,centre,455949.3934700183
32,4,13,1,1,35,centre,303160.0302904517
194,3,6,1,0,49,calme,736540.6776058117
208,2,6,1,0,55,calme,723814.7268388919
50,7,8,0,1,18,populaire,262214.8364778471
227,1,2,1,1,19,centre,928848.5226606294
133,4,13,1,0,21,centre,584486.9113988819
243,3,0,1,1,30,luxe,1067564.517762059
41,6,1,1,0,61,centre,253035.7038205367
112,1,11,0,0,43,populaire,301217.6784345052
233,2,5,1,1,67,luxe,945860.6880210364
190,7,13,1,1,66,populaire,699910.9757956136
86,5,9,0,0,48,centre,399288.531745287
73,5,9,0,1,58,centre,365366.40857153985
157,3,11,1,0,3,calme,677180.7314633449
61,7,12,0,0,38,calme,334230.75989466714
83,1,13,1,1,6,populaire,383967.38107025693
145,4,8,1,0,70,luxe,668661.6874296026
40,1,2,0,1,48,centre,250291.56386018786
227,7,9,1,1,14,calme,971433.1626610262
223,6,1,0,1,6,calme,933304.5668463337
213,5,10,0,0,46,centre,897382.9310895291
188,3,0,1,0,67,centre,705867.1464656234
171,2,1,1,0,44,luxe,739078.604474439
54,1,2,0,1,18,calme,182001.06920802343
203,5,6,1,0,46,luxe,924650.8836605048
49,4,1,0,1,52,luxe,362249.511661159
76,3,12,0,1,26,centre,398339.33536328154
241,2,4,0,0,4,luxe,1041393.8980509596
66,1,1,0,1,59,centre,316065.0196530226
182,4,6,1,0,76,populaire,608576.4653428138
38,2,9,1,1,61,luxe,307902.38157456927
133,6,7,1,0,58,calme,536072.9817846096
27,5,7,1,1,60,calme,170529.4890857809
45,6,12,1,1,55,populaire,181122.3427936669
132,5,14,1,0,77,populaire,415899.12039823
90,4,7,0,0,46,luxe,434481.1240319948
49,6,9,1,0,47,calme,255353.4026143348
154,5,14,0,0,9,calme,614371.0806924623
86,3,8,0,0,31,centre,367665.5158213971
84,4,0,0,1,64,centre,345431.72641178354
55,5,11,1,1,23,calme,308054.699743054
44,1,0,0,0,28,centre,249917.76178207985
56,5,13,1,0,6,centre,296934.9813329063
20,6,14,0,1,16,centre,243429.16518743554
162,3,13,1,1,24,populaire,586266.6642909456
56,2,13,1,0,35,calme,260618.1543619261
160,2,9,1,0,60,calme,574350.24841821
155,5,1,1,0,70,calme,573944.9102987552
152,2,10,1,1,34,centre,606682.1831188394
207,5,14,0,1,77,luxe,907818.6809395718
147,3,5,1,1,49,luxe,692367.9178736226
220,2,13,1,1,55,centre,880637.8970620332
146,6,0,0,0,64,populaire,516012.7602442575
20,6,4,1,0,40,populaire,50710.66507846811
183,1,14,1,0,24,calme,676775.1242492086
54,5,4,1,1,33,luxe,448821.9947672575
213,2,14,1,1,7,populaire,817846.3275086683
210,6,14,1,0,55,luxe,875262.0214518484
123,7,3,0,0,29,luxe,622088.0792930847
42,3,10,1,1,67,populaire,176998.6311087459
28,3,4,0,0,20,centre,258495.9043345003
53,7,11,1,0,9,calme,370238.95861569204
193,7,0,0,1,32,calme,759831.1900936563
225,1,10,0,0,74,populaire,719728.0720469068
147,3,10,0,1,74,centre,536009.3692081487
23,3,5,1,0,3,populaire,115596.71797158883
177,2,6,1,0,22,populaire,630619.5321799036
242,5,7,0,0,68,luxe,1020222.4256790555
121,4,14,1,1,52,luxe,558457.848363795
94,3,1,1,1,4,calme,404282.05627823103
118,3,14,0,1,17,luxe,617238.2654673415
91,4,14,1,1,16,luxe,581780.3553558111
22,3,6,0,0,57,centre,129965.06691796095
161,2,5,1,1,66,populaire,613213.333793416
207,2,8,0,0,71,populaire,637084.862413493
224,4,14,1,0,55,centre,877229.5725711808
192,6,7,1,0,39,luxe,839272.651404869
243,3,13,0,0,1,luxe,1049339.272034824
53,6,10,0,0,20,populaire,239734.9988164603
64,3,13,1,0,51,calme,289451.92834744946
80,5,14,0,0,23,populaire,289102.0655603709
102,3,3,0,1,52,calme,437657.2890195299
142,2,13,0,0,37,luxe,697434.8684851156
121,1,12,0,1,19,calme,477506.14930043067
35,7,8,0,0,49,calme,292112.5176634687
85,1,0,1,1,38,calme,311348.88825745205
187,1,10,0,0,59,calme,666678.1010079306
164,1,5,0,1,38,calme,617200.0734542197
138,7,7,0,0,70,populaire,443271.2407177374
181,6,10,0,1,32,centre,787484.1390636053
143,7,10,1,1,28,luxe,743877.6872133765
163,6,3,0,1,73,populaire,576102.7930606062
121,7,1,1,0,9,centre,581472.3120989725
207,7,10,1,0,75,populaire,758500.3761142176
85,3,1,0,1,66,centre,381587.92082485935
213,6,9,0,1,2,populaire,791781.9357725207
237,3,0,1,0,76,luxe,939476.7880274864
32,5,4,1,0,30,luxe,280498.3109775391
203,3,12,1,0,26,calme,843515.5016467143
130,1,5,0,0,69,centre,514659.18865009025
178,4,3,1,0,26,populaire,647904.044388051
53,4,3,0,1,8,calme,299547.45088250376
58,2,4,1,1,5,populaire,237562.80062782226
214,2,13,1,1,5,luxe,979605.8336052375
155,3,14,0,1,25,luxe,723066.6750920166
234,7,4,0,0,42,centre,915101.9104035778
225,7,13,1,0,18,populaire,879009.7042510109
139,4,13,0,1,15,populaire,505190.327166375
145,1,13,0,0,22,calme,540401.5639338879
74,6,13,1,0,74,luxe,429196.1299847758
46,1,8,0,1,79,calme,122709.27148672461
137,1,7,0,1,28,calme,565527.245920977
240,3,8,1,0,37,centre,963745.7338295975
72,3,12,1,1,58,calme,335855.16184954764
58,5,13,0,0,47,centre,300317.4478566179
84,1,2,0,1,19,luxe,494218.99415332277
164,7,13,0,0,20,calme,702267.9785554308
177,7,2,1,1,27,calme,771130.7339344427
200,1,0,1,0,49,calme,747377.7830644905
32,3,13,0,0,32,calme,161681.54375238591
40,3,9,0,0,39,luxe,272434.42948264396
166,5,12,0,1,53,centre,671861.8457444207
72,5,5,1,0,9,luxe,469808.14946398936
38,2,3,1,0,33,centre,139295.97120446275
76,4,10,0,1,72,centre,321863.75592566206
44,1,14,0,1,35,calme,196158.32707348245
233,7,14,0,0,74,calme,860893.6152224799
50,1,13,0,0,73,calme,195895.69580541085
100,5,7,1,1,6,centre,479987.39803106256
202,5,1,0,1,15,populaire,693168.6437549267
42,2,10,0,0,50,populaire,66755.45385087474
51,4,1,1,0,60,populaire,171259.2062384015
209,2,6,0,1,30,luxe,886046.1941139251
93,7,12,0,0,31,centre,449984.07432951673
29,4,14,0,0,44,populaire,157811.78208159335
247,6,4,0,0,75,centre,950629.5189776346
219,1,12,0,1,26,centre,852619.7128829873
73,2,0,0,1,21,luxe,382883.0940820411
71,5,6,1,0,14,calme,407945.2596544089
167,2,6,0,0,7,calme,656651.961366533
179,6,9,1,0,67,luxe,789440.850401548
133,2,5,1,1,7,luxe,679396.9488745338
33,1,3,1,0,15,centre,198994.9102000339
197,6,11,1,1,47,populaire,754758.5318390153
175,5,12,0,0,33,centre,682642.5812815995
129,5,7,0,1,56,centre,547447.0671047416
72,3,11,0,0,4,populaire,248300.32662948
171,6,10,0,1,43,calme,693131.5625492466
98,3,1,1,1,70,centre,391321.3109362035
41,3,1,1,0,36,calme,176531.1212120543
49,1,1,1,1,27,calme,214991.35605949687
210,2,2,0,0,67,calme,739744.8894343834
23,5,5,1,1,37,centre,207037.41049892927
224,5,0,0,0,45,populaire,738553.3359577848
78,2,10,1,1,72,populaire,268381.124907908
234,5,1,0,1,25,calme,968570.2844614361
27,2,9,1,0,74,calme,102777.4020157638
229,6,14,1,1,52,populaire,891575.0602795111
31,1,1,0,0,62,luxe,162115.01831000223
138,1,13,1,0,62,luxe,599113.1190788263
178,7,11,1,0,37,calme,771852.599006312
225,1,0,0,1,14,populaire,790060.0437370312
53,2,2,1,1,8,luxe,364968.93087174086
101,7,9,1,1,74,populaire,407566.9838515199
117,2,6,1,0,21,centre,484429.85165516444
146,4,14,1,0,69,calme,566955.7560452641
94,7,12,0,1,55,luxe,566092.9806699587
124,5,0,0,0,36,calme,498939.0018065026
223,5,6,1,1,56,centre,976783.8666296732
68,4,4,0,1,59,populaire,210052.5353287632
98,4,8,1,0,11,calme,463829.0495418037
204,1,1,0,0,6,luxe,896392.5344312354
242,4,0,1,0,65,centre,910422.0228499934
112,2,8,1,0,40,luxe,524981.6856785429
173,3,7,0,1,23,populaire,661328.7482884332
37,2,9,1,0,24,luxe,293337.9820022431
115,7,5,1,0,61,luxe,605810.2757713975
233,4,14,1,0,43,luxe,1018329.7168820413
57,5,4,1,1,1,centre,375271.4029297503
228,2,7,0,0,41,luxe,981434.2830449296
106,5,7,0,0,32,luxe,563087.5381293385
107,2,13,0,1,16,centre,523335.10018631734
69,5,4,0,1,62,centre,349624.9840365077
27,6,11,1,1,21,centre,272785.99007302494
188,2,6,1,0,0,populaire,673569.5960809721
153,7,12,1,1,69,centre,674915.9662514983
88,5,12,1,1,53,populaire,362530.1362714915
191,3,0,0,0,13,centre,779625.4581295516
140,7,3,0,0,52,centre,611914.9052159853
83,1,1,0,1,5,calme,470787.3155383604
176,2,9,1,0,63,calme,630968.8533895323
175,3,2,1,0,32,calme,621956.377528831
158,1,11,1,1,71,calme,576727.2492541231
140,2,0,1,0,43,centre,551319.3084890319
84,3,10,0,0,33,centre,404191.808344533
126,3,10,0,1,33,populaire,450430.6595969904
166,7,1,0,1,23,centre,751958.135535199
156,6,12,1,0,1,populaire,600978.9899179164
174,3,0,0,1,7,luxe,819329.9137884649
181,6,7,1,1,24,luxe,824888.5739365543
191,4,3,0,0,31,centre,763342.1335889874
215,7,2,0,0,55,luxe,897167.2621411807
119,5,0,1,0,6,centre,544679.685118358
101,7,1,1,1,47,populaire,331962.25647120946
162,1,2,1,1,53,calme,628684.8079014516
70,5,2,0,0,62,luxe,375551.25467049005
160,5,5,0,0,72,centre,624662.4384471433
102,6,9,0,0,79,calme,408505.67327934195
196,5,7,0,0,1,populaire,707073.2962324092
217,3,5,1,1,34,centre,865714.64663619
131,6,1,0,1,21,luxe,616495.1140169019
75,5,1,1,1,63,populaire,256785.96722376536
223,6,13,0,1,58,centre,954758.7136496018
198,4,6,1,1,48,luxe,890190.7316170712
184,6,0,1,1,51,populaire,622892.1842018845
164,2,0,0,0,20,populaire,566709.5721181441
205,3,6,0,1,11,calme,846919.5814086415
234,1,8,1,1,10,calme,879671.3433826893
237,2,4,0,1,53,calme,858033.7766356298
176,2,10,1,1,69,centre,696467.7060136399
180,2,0,0,0,13,populaire,620646.0221343881
79,5,4,0,0,32,calme,345917.55056757946
238,6,10,0,1,76,luxe,1025953.5177120849
236,6,0,0,0,25,centre,937200.2896712321
139,7,9,0,0,13,calme,638503.8662005162
202,5,14,1,0,47,centre,775320.2564161357
157,3,11,0,0,64,populaire,483015.96971510624
194,5,8,1,1,45,luxe,929600.5292522592
42,5,3,1,1,54,populaire,149681.83778913977
232,5,8,1,1,73,luxe,1006690.4690819705
168,3,1,0,1,73,populaire,543074.8108126604
32,7,6,1,1,67,centre,270353.2291753724
120,3,14,1,0,77,populaire,408395.4192938806
180,4,11,1,1,11,luxe,945131.5787593868
43,7,12,1,1,53,centre,305777.59587955556
127,4,1,1,0,63,centre,505969.7790405117
30,4,11,1,0,46,luxe,324343.07530833996
36,4,3,0,1,36,luxe,326395.7059005436
215,6,5,1,0,73,centre,820220.579495946
194,2,13,1,1,40,luxe,896219.9824197
44,2,1,0,0,26,populaire,136078.37055985018
113,4,1,1,1,41,populaire,414112.210028345
220,4,1,0,1,75,populaire,750091.8525012446
40,1,2,0,1,67,centre,211335.96693406187
103,2,4,1,1,28,populaire,381201.1630826192
230,1,8,1,0,35,centre,883089.9923530336
230,7,5,0,1,56,luxe,1061659.7326054266
159,1,14,0,1,77,populaire,516295.6386729692
56,5,14,0,1,11,centre,403109.53738278715
61,6,11,0,1,44,calme,294631.6490870073
164,7,13,1,0,19,populaire,620620.6105521051
120,3,8,0,0,44,populaire,431103.0220330366
67,2,9,0,1,22,centre,342889.1190546716
122,4,14,0,1,61,centre,475805.9303391632
47,7,13,1,0,33,luxe,386348.30050111876
60,4,12,0,1,20,centre,369210.20967937727
118,3,4,0,1,50,luxe,550108.8300025435
66,7,10,1,0,8,calme,343425.4858921066
165,2,5,1,0,73,luxe,705300.7088905338
225,7,9,0,0,9,populaire,812267.2844892074
246,4,11,0,1,51,centre,981211.8375582333
124,4,7,0,1,44,calme,535063.2824697272
143,5,2,1,1,51,calme,617520.1751895815
218,1,1,1,1,29,centre,841468.4917762928
32,7,2,0,0,63,populaire,156387.30015943677
229,4,13,0,0,1,centre,964119.4423835359
248,6,8,0,0,48,centre,955848.9658174929
160,2,14,1,0,44,centre,646350.2764497712
119,6,5,0,1,16,luxe,619546.9265350903
50,3,9,0,1,27,calme,194409.51937180382
149,7,11,1,0,44,calme,667125.9134589726
35,5,3,0,1,16,populaire,169003.800910355
156,2,9,1,0,58,calme,600497.5653492563
92,5,2,1,0,13,centre,460984.7765260798
185,1,12,0,1,9,calme,687148.6630617369
222,4,1,1,1,77,populaire,767374.8048049218
73,2,14,1,1,17,luxe,500180.94725516054
203,3,13,0,1,34,luxe,930978.3739592871
233,7,3,1,1,47,centre,992269.4352295081
244,1,8,1,1,57,centre,939511.8186372749
119,1,3,0,1,17,calme,404458.3822181723
128,5,12,0,1,51,calme,551369.3268028819
106,1,11,0,0,29,populaire,356144.7130732683
192,2,4,0,0,36,centre,803838.7130777006
181,5,14,0,1,39,populaire,729351.4998186197
156,1,7,1,1,5,luxe,783011.4068569574
235,7,1,1,0,78,calme,830202.5415033471
27,3,11,1,0,34,centre,174241.14288258884
26,7,10,1,0,25,calme,226672.47779612514
55,6,13,1,0,29,centre,309538.94149511505
37,2,2,0,1,74,luxe,276025.8590478132
22,3,5,0,0,23,populaire,101767.92633871373
47,3,11,0,0,54,centre,289329.31874473585
89,5,6,0,0,77,calme,369295.72230506415
191,4,3,1,0,8,centre,789882.6742841215
168,5,13,0,1,61,populaire,601065.9622509306
47,2,14,0,0,17,luxe,320083.99301186256
73,2,0,1,1,50,calme,308518.34901274863
201,5,6,1,1,18,luxe,867239.2577971618
84,4,11,0,1,68,luxe,449212.19803769776
119,7,8,1,1,32,populaire,506470.74429848127
40,5,0,1,1,37,centre,286496.6911032415
246,2,13,0,0,12,centre,1001030.9616118851
32,4,0,1,1,48,centre,187220.15780340403
76,2,0,0,0,72,centre,255483.17470354965
68,4,9,1,0,52,calme,316884.16296909266
137,4,6,1,1,0,luxe,687862.3516731506
73,5,10,1,1,11,centre,394360.07121233747
157,5,8,1,0,23,luxe,763926.3933009862
72,5,2,0,1,0,calme,365194.125906616
63,4,7,1,1,67,calme,354156.3613344629
66,4,8,0,1,6,calme,352156.5380660115
72,2,2,0,0,68,luxe,363196.3050707544
93,3,11,1,0,38,centre,417753.3541127721
65,5,11,1,1,31,luxe,478309.8788758538
32,6,2,0,1,48,centre,227095.43769426498
184,2,14,1,1,30,populaire,661434.0225384961
121,2,0,1,0,78,centre,454248.0054284715
43,1,1,0,1,2,centre,250484.23549533618
21,5,6,1,1,46,centre,202095.90749749515
233,7,2,0,1,14,calme,1003117.5121764621
100,2,6,1,1,50,populaire,366250.96003163495
119,1,4,1,0,73,centre,450980.2776690669
161,6,9,1,1,20,populaire,634794.1010914722
157,6,7,1,1,40,luxe,726671.3114859744
182,7,4,1,0,2,luxe,823833.9709414034
172,5,2,1,1,0,calme,753357.5625325895
150,4,8,0,1,20,luxe,752754.8589160383
130,1,14,0,0,74,populaire,411160.29439986247
121,4,6,1,1,79,populaire,456090.03688138543
36,6,4,1,0,20,populaire,175574.1346765822
31,6,6,0,1,74,populaire,130984.2748140393
201,3,10,0,1,48,populaire,703291.606797749
135,3,9,0,1,64,calme,441533.79275238165
43,7,8,1,0,40,centre,326483.24629541335
48,3,4,1,1,66,luxe,295900.40787109226
190,3,6,1,0,41,populaire,668757.1880828617
172,7,10,0,0,68,luxe,752903.0546864569
247,2,8,0,0,56,calme,892486.1102730546
141,3,0,1,0,42,calme,586592.7526577162
207,2,3,0,0,11,centre,837442.9444681635
109,2,0,1,0,77,calme,403937.6876295842
249,5,7,1,1,63,centre,982237.068373712
84,2,2,0,1,50,populaire,259441.0520256732
103,2,1,1,1,72,calme,376448.7424292067
138,3,13,0,1,59,luxe,672925.1253721183
175,2,3,0,0,70,calme,609398.3206991912
35,4,10,1,1,79,calme,199246.05162626106
194,7,2,1,1,27,populaire,735682.0518860554
228,3,10,0,0,70,centre,888457.1273941154
123,7,4,1,1,13,centre,631355.0005881321
111,1,14,0,0,31,calme,438876.3810366585
205,3,12,1,1,7,luxe,969940.3750980658
223,2,7,0,1,26,calme,879506.0583872923
46,4,9,0,0,49,luxe,375602.92148221564
200,7,7,1,1,58,populaire,719954.1068580277
189,3,10,1,1,56,populaire,696957.4992916121
206,4,6,0,1,2,centre,891603.9226463641
194,7,7,0,1,26,luxe,934792.2582844413
241,1,12,0,0,33,calme,870531.7699238227
181,6,12,0,1,25,calme,755591.1932463432
184,1,4,1,0,39,calme,663900.8490230574
153,6,9,1,0,31,calme,648030.7677200333
154,5,9,1,1,40,populaire,556089.7328506261
243,6,10,0,0,1,luxe,1120391.4710722843
243,5,11,1,1,71,populaire,870661.8193244351
172,3,10,0,0,6,luxe,847755.1726634873
52,5,12,0,0,18,centre,298197.4064674048
74,4,5,1,0,32,luxe,448040.41774809983
205,5,7,1,0,1,calme,838588.7548616591
26,4,14,0,1,66,populaire,112965.26837058486
76,7,12,0,1,77,calme,365741.92258599564
145,7,0,1,1,14,luxe,708585.0171381382
31,6,5,0,1,20,luxe,364139.60108093097
35,6,5,1,0,77,centre,237252.6632530096
227,6,14,1,1,58,luxe,964607.5599048451
62,5,10,0,1,38,luxe,462224.1957633528
136,6,12,0,1,19,calme,563121.0159519985
247,5,4,0,0,0,luxe,1080821.9724965908
224,5,3,0,0,72,luxe,909132.2822761722
154,2,0,0,0,8,populaire,525589.4302585932
247,2,10,1,0,50,populaire,839210.5297732998
130,5,9,1,0,37,centre,596708.9981106464
70,7,10,1,1,14,centre,409414.33611161273
220,4,7,1,0,40,calme,867223.3162496166
179,3,5,0,1,46,calme,696561.9666628701
94,1,2,1,0,25,populaire,308154.0602021239
27,2,11,0,0,53,populaire,89842.97631292693
244,5,2,0,0,69,populaire,803767.5087999903
234,1,11,0,0,38,centre,891767.5609105238
236,2,5,0,0,16,centre,874986.7915128617
219,3,11,0,0,69,luxe,882757.1953287526
64,4,14,1,1,8,centre,372737.6295350121
233,5,6,0,0,45,luxe,929779.9340258131
78,3,7,0,0,5,calme,347321.16025273653
151,7,4,1,1,67,centre,651084.760535367
123,2,9,1,0,15,calme,517409.05187697144
214,5,5,1,0,28,luxe,963322.626813721
176,1,11,0,1,40,calme,661216.4274846938
176,7,0,0,1,67,calme,693935.1093136732
117,7,5,0,0,61,centre,535355.9368845493
245,6,8,0,0,39,luxe,1077438.5244950792
175,4,9,1,0,61,luxe,791840.3955838326
224,7,3,1,0,23,populaire,846656.16492006
98,2,13,1,0,5,centre,449457.95022571454
143,4,13,1,0,39,centre,646770.5148786558
234,5,9,1,1,69,luxe,973241.5191793946
191,6,12,1,1,57,centre,820169.7419632387
237,3,0,0,1,13,calme,926395.6161224478
23,4,13,0,1,77,populaire,82436.19178920724
109,1,10,1,0,44,luxe,453548.0020523459
123,2,8,1,1,5,centre,600651.6411629193
156,1,3,1,0,22,centre,680267.751668375
138,4,1,1,0,61,calme,471468.36303332564
152,6,0,0,1,16,centre,681321.4290338948
75,3,2,0,0,69,centre,301857.2602604246
115,3,6,0,1,27,calme,478871.1539898355
231,1,10,1,1,12,centre,980025.4516387683
197,5,9,1,1,28,populaire,751713.2258875946
94,5,1,1,1,44,calme,382636.79290236
162,6,14,0,1,19,luxe,786050.3173619576
51,3,8,0,0,57,populaire,124260.25799750525
47,1,11,0,1,53,centre,187420.3086280754
41,1,12,1,0,63,calme,153029.2692096015
36,1,10,0,0,51,calme,165278.1664306164
78,4,1,0,0,42,centre,362992.3497889505
109,6,4,1,0,17,luxe,602640.4786420958
218,5,7,0,1,53,populaire,765338.2474823992
125,5,12,1,0,59,centre,545298.019565002
204,4,12,1,1,70,luxe,909194.1845860565
45,2,11,1,0,0,calme,279956.4692619688
44,4,9,0,1,36,calme,244995.84724624307
157,6,7,0,1,48,calme,602922.7720484261
64,1,2,1,1,34,centre,306126.3624352849
102,4,1,0,1,66,luxe,516109.6754958457
30,1,8,1,1,34,centre,192070.3287823602
224,6,2,0,0,8,centre,901481.7811688954
200,7,7,1,0,36,populaire,763989.5750038838
219,6,1,1,0,59,populaire,788236.070712605
123,3,2,0,0,55,populaire,360699.54177863814
87,1,0,1,1,11,luxe,447896.8018040873
114,5,13,1,0,70,calme,423736.5294442511
175,4,10,1,0,70,populaire,617569.5730085953
222,7,5,1,0,3,calme,883683.2336283431
84,6,12,1,0,60,luxe,466910.29930621554
68,1,6,0,0,44,populaire,159001.78748070687
194,7,3,0,1,49,populaire,706429.9575726156
71,2,0,1,1,49,calme,287439.008695817
121,3,2,0,0,73,centre,477795.4313072582
235,2,8,1,1,47,luxe,1006776.4482092111
201,6,4,1,0,22,luxe,856119.3188988533
207,2,5,1,1,7,populaire,773080.5851653112
76,2,3,1,1,28,luxe,446409.6895434434
66,3,0,1,0,42,calme,310959.6895139364
178,3,13,0,1,52,centre,702296.4792407741
193,3,4,0,0,5,centre,804992.5696264004
45,7,4,0,0,23,luxe,365222.8054004519
133,3,4,0,1,73,centre,504840.8899017784
24,2,14,0,1,13,calme,210953.00001387484
103,5,5,0,1,51,populaire,381533.9157693835
71,5,10,1,1,69,populaire,254220.06134209177
124,3,1,0,0,3,luxe,586994.535059917
222,7,0,1,0,57,luxe,989638.4016859134
73,4,14,1,0,78,luxe,436273.67504874873
180,1,1,0,0,36,populaire,586333.135773906
197,6,12,0,0,47,luxe,876031.918744282
185,7,9,1,0,38,centre,758864.0092871455
174,4,5,1,1,65,populaire,650133.5613649809
245,6,4,1,0,12,calme,935014.0062537773
34,4,14,1,0,65,luxe,314146.2533260966
243,4,4,1,1,59,populaire,915100.3009362149
80,5,11,0,1,40,luxe,458954.2605447058
141,1,11,0,0,31,populaire,459581.73159770726
40,4,14,1,0,51,populaire,128336.19886649333
65,3,5,1,1,4,populaire,315740.73235194176
216,6,13,1,0,66,calme,834885.4056045737
153,7,9,1,1,65,populaire,529119.1674824586
57,5,6,1,1,77,centre,267110.75590104447
81,6,8,1,1,51,luxe,513401.9711547589
105,3,6,1,0,48,luxe,504461.13404494926
209,3,1,1,0,28,luxe,847535.434221224
229,4,5,0,1,37,populaire,831373.778794054
97,3,8,1,1,69,luxe,512576.9968657298
221,1,6,1,0,7,centre,860741.5815981062
65,3,1,0,0,58,centre,270993.06113209046
160,4,2,1,0,54,centre,635082.2431334732
242,6,7,1,1,1,calme,989182.062450906
241,3,10,1,1,25,centre,1024452.8669906026
22,5,8,1,1,62,centre,218177.25661988783
241,7,3,0,0,16,luxe,1070996.7874516316
25,5,8,1,1,58,populaire,107766.73626525987
112,5,1,1,1,15,luxe,591140.544000148
27,6,12,1,1,57,calme,239719.39545694558
191,2,10,0,0,63,calme,685046.0450847816
127,7,4,1,1,49,calme,519818.2999557655
180,5,10,1,1,25,centre,880498.0155926448
228,5,1,0,0,16,centre,920861.6195107821
94,2,10,0,1,45,centre,389872.3239378364
96,6,0,0,0,67,populaire,335426.6536108668
69,7,12,0,0,49,luxe,465447.6638023195
30,5,13,1,1,42,centre,241960.82955246317
114,4,4,0,0,47,calme,413189.436694777
175,6,1,0,1,67,populaire,599700.8084675358
89,7,13,0,0,18,populaire,389965.26677755546
188,5,12,1,1,24,calme,806887.69334279
35,5,6,0,0,71,centre,175225.96368962838
87,2,7,1,0,17,populaire,358837.2114691434
118,7,1,1,0,50,calme,444311.3658549584
67,4,6,0,1,17,centre,351512.66223149444
203,6,3,1,1,57,populaire,730893.1392908606
83,3,0,0,1,63,populaire,248207.1948192177
206,1,10,0,0,70,luxe,815552.7647436106
109,4,14,1,0,56,luxe,596565.0679011613
209,3,2,1,1,16,populaire,760292.6528703019
95,4,10,1,1,58,populaire,360778.9664812159
158,7,11,1,0,66,populaire,583858.25772624
120,3,0,0,0,14,luxe,596942.7618535305
108,7,4,1,0,25,centre,520972.36332745693
37,3,14,1,1,47,luxe,271414.79226185125
38,4,12,1,0,13,calme,266066.7924804979
234,2,7,1,1,8,populaire,857515.1798872629
74,4,0,0,0,6,calme,318976.9096510532
121,7,13,0,1,54,calme,511538.2523757058
137,4,8,1,0,11,calme,588642.0171703305
229,3,2,1,0,16,luxe,969486.2026894167
173,1,4,0,1,72,luxe,714950.2966963927
153,3,8,0,0,7,centre,675313.2523887203
23,5,4,0,0,41,calme,143613.17503439213
127,4,8,0,0,75,calme,439176.6954112225
134,6,9,1,1,36,luxe,712503.0328146793
48,4,7,1,0,19,calme,248960.4542990209
78,2,6,0,1,0,luxe,500271.73751556233
144,7,10,0,0,8,populaire,554491.9304811585
117,6,0,1,0,23,populaire,445986.5774618742
36,3,3,1,1,33,calme,221952.67102411148
126,2,8,0,1,35,centre,516001.9338326046
62,4,9,1,1,3,luxe,478458.21970858006
99,3,7,0,1,28,populaire,413498.03555952647
213,3,3,1,1,15,populaire,795722.1012552447
181,5,11,1,1,7,calme,779596.3672259646
27,5,0,0,0,38,luxe,283296.8629846066
160,1,9,1,0,57,calme,610927.5049778058
125,5,3,0,0,11,luxe,636709.7472257239
27,7,14,1,0,43,centre,216266.57595167667
241,6,2,0,1,3,luxe,1054957.0754511866
115,3,5,0,0,24,populaire,387585.1841442249
247,5,10,0,0,69,calme,867334.6040846417
113,1,4,1,0,66,luxe,554123.4798801851
84,4,4,0,1,38,populaire,275977.4006834703
190,6,1,0,1,23,calme,762495.9195736106
58,5,11,1,0,5,calme,298121.86713020393
100,3,2,1,1,71,centre,445647.26644065185
206,4,10,0,0,32,populaire,758699.1709832982
103,7,5,0,1,47,luxe,524223.0008997157
107,3,1,1,0,66,populaire,355338.7716075557
105,4,14,1,1,1,calme,473681.88353795005
112,7,3,1,0,37,centre,514067.15966687625
105,7,1,0,0,39,luxe,630018.6675993919
63,6,8,1,1,55,centre,364932.01714369043
156,3,2,0,1,20,centre,687031.9096183421
184,5,9,0,1,34,populaire,687432.1658632997
93,5,9,0,1,74,calme,374801.2253330919
55,1,5,1,0,74,calme,175065.86051851738
120,4,14,1,0,66,luxe,631425.3856093936
239,1,0,1,0,59,centre,940133.2800115296
175,2,12,0,0,22,centre,716118.5675424945
189,5,10,0,0,64,centre,783857.7013021021
190,4,13,1,0,62,populaire,690221.5842985602
232,6,14,1,0,22,calme,927335.9274380998
235,1,14,0,0,41,centre,901237.3323276592
189,6,9,0,1,63,centre,763409.3079011217
123,6,2,0,0,65,calme,530778.4461372148
85,6,7,0,1,40,luxe,525775.1117234909
74,1,4,1,1,19,populaire,273943.4473327673
219,2,7,0,1,8,populaire,777959.0803318138
195,7,14,0,1,56,populaire,740017.5357317004
110,7,1,1,0,74,calme,398972.74032495206
41,1,6,1,1,16,populaire,141799.9573382939
120,7,8,1,0,77,centre,517983.07843238034
174,3,6,1,0,17,populaire,616356.5275452329
140,7,2,0,1,62,calme,555699.2455399958
112,5,6,0,0,71,populaire,383376.3772562688
214,1,14,0,0,71,luxe,924197.3369345877
127,7,7,0,1,25,luxe,694926.7642704548
160,1,13,0,1,71,calme,580375.0430231827
192,2,0,1,0,71,calme,706182.0717993507
29,3,12,1,0,77,luxe,244958.3486755167
247,1,12,0,0,12,populaire,810540.8612622297
28,5,2,1,0,16,centre,266919.44658356707
201,7,4,0,1,25,calme,780934.2783986657
174,5,11,0,1,5,luxe,849983.9191549517
53,7,5,0,1,3,populaire,238572.8836012314
148,1,2,0,1,6,calme,551820.1514742146
179,6,14,0,0,16,populaire,665120.4816493425
108,7,3,1,1,49,centre,443931.73854921944
112,6,4,1,0,5,calme,489178.7534556421
90,3,14,0,0,29,centre,436556.18052967836
86,5,2,0,1,73,centre,392995.53610932385
231,6,3,1,0,55,centre,858333.2326750188
167,5,4,0,0,38,luxe,783602.3839974694
136,7,1,0,0,13,centre,686168.4486836063
113,7,9,0,1,53,centre,582341.5491883632
182,3,8,1,0,21,populaire,641185.5789399277
118,7,9,0,0,56,luxe,575218.4604259087
132,3,7,0,0,40,luxe,589093.9273878578
122,6,11,1,0,9,luxe,719763.9096838718
110,7,5,0,1,1,luxe,618448.8217285635
109,1,9,0,1,66,centre,422228.35980307707
225,4,10,1,0,47,populaire,820630.3621917921
36,2,2,1,0,41,centre,238078.9863233851
37,4,10,0,0,10,centre,288718.9907610898
192,4,1,1,1,73,luxe,794360.6239874401
135,5,6,0,1,11,luxe,708306.355615019
112,3,7,0,0,13,calme,506860.68376258074
231,5,9,1,0,29,populaire,842568.2053501367
200,6,0,0,1,59,luxe,879849.4727264962
110,2,13,1,0,76,luxe,526095.624908158
101,6,14,1,1,29,centre,519407.0636746951
87,1,5,1,0,37,centre,396099.3125911964
212,2,6,0,0,74,centre,806676.3096377389
133,5,14,1,0,64,luxe,683582.1161229921
20,7,12,0,0,46,populaire,96342.5986589762
77,7,8,1,1,38,luxe,504520.2960990773
173,5,11,1,1,48,luxe,799364.0608624042
128,6,2,0,1,72,populaire,487340.36462657247
167,5,1,0,0,57,luxe,716537.4449508302
135,5,4,1,0,16,luxe,676553.6175737195
106,4,12,0,1,5,populaire,432385.2703590075
29,1,14,0,1,14,luxe,301762.2573805296
78,7,9,1,0,66,calme,305063.3142775276
222,4,0,1,1,27,calme,881379.825331395
60,5,12,0,0,72,centre,305336.3754299285
124,3,5,1,1,43,luxe,620742.0873861255
152,4,8,1,0,17,populaire,576798.1728702242
141,5,9,1,0,31,populaire,523861.3910307829
212,7,14,0,1,68,calme,788863.6888190754
164,5,8,0,1,43,centre,729829.8772076827
41,1,6,0,0,69,luxe,202935.45280589827
117,6,13,1,0,62,populaire,402384.3755035721
188,2,10,0,1,75,populaire,658988.6705554597
240,4,6,1,0,57,luxe,959421.8479756651
87,4,14,1,1,46,centre,436756.79505128635
216,4,7,1,0,16,calme,903404.3416585695
158,5,9,1,1,38,luxe,770174.0530965499
75,1,13,0,0,58,luxe,349171.26053272723
198,5,1,1,0,6,luxe,926570.8024957505
168,5,13,1,0,62,calme,670490.603801388
118,6,5,0,0,56,populaire,410645.4313073564
95,3,4,1,0,74,luxe,400329.2663332542
45,1,4,0,0,33,luxe,331699.43661424797
134,4,12,0,0,52,luxe,684087.6259517036
166,2,2,0,1,65,luxe,709262.3978501186
128,4,2,1,1,77,centre,510117.57962556987
207,5,5,0,0,47,centre,833502.9352132078
218,1,11,1,1,59,centre,867359.0644574248
66,7,9,0,1,42,populaire,295972.54819645843
90,1,12,0,0,72,luxe,427299.5550600524
173,1,9,0,1,3,luxe,816852.1380674416
59,3,6,0,0,77,luxe,343977.69818657154
152,4,13,1,1,74,luxe,785932.5499015221
168,3,0,1,1,51,calme,655236.1721108195
225,7,13,0,1,31,calme,917835.3435256142
151,7,2,0,0,50,calme,546934.5880457025
42,6,11,0,1,9,luxe,347053.5620962682
125,2,0,1,0,11,calme,505259.7679180169
103,6,9,0,0,38,calme,438108.17027002334
162,5,2,0,1,79,populaire,513306.1617422196
135,3,4,1,0,67,populaire,408793.7767328741
128,3,8,0,0,9,calme,543132.1171864201
240,6,2,0,1,72,calme,874658.9243088572
155,5,9,0,0,9,populaire,558446.2599138371
60,1,13,0,1,22,calme,252514.95624242193
131,5,9,1,1,76,luxe,611026.1900637585
166,4,8,1,0,12,calme,668737.6856620446
131,6,0,1,1,47,luxe,655814.9767936129
122,5,5,0,1,43,calme,511004.4137242277
65,1,8,0,0,79,centre,241903.43829706256
175,5,11,1,0,63,calme,622975.7389658007
238,3,4,0,0,39,centre,878410.0383793962
87,2,10,0,0,5,calme,364108.35107543116
141,3,13,1,1,71,calme,584468.5098113137
34,7,9,1,1,42,luxe,346965.0467816959
246,2,1,0,1,31,populaire,864788.7534376443
184,7,4,1,1,48,populaire,731023.4324927703
148,5,0,0,1,73,luxe,660007.0241406116
214,4,8,1,0,18,populaire,781691.5386706849
130,5,9,1,1,51,centre,588160.3629736331
43,1,12,0,1,51,centre,235396.41888270114
46,5,9,0,1,33,calme,224740.46810365893
59,2,8,1,1,58,centre,314501.7525426447
210,3,5,0,0,4,populaire,753996.0917496269
208,4,10,0,0,65,centre,778173.9772503297
183,7,8,0,0,40,calme,721277.5760237079
245,5,13,1,1,33,centre,959760.0650588662
240,5,2,0,1,53,populaire,794989.7573732138
43,3,14,0,1,19,luxe,386040.45451385307
43,4,3,1,0,53,calme,192005.0966056966
23,6,12,1,1,65,luxe,324413.2896319978
86,7,5,1,0,17,centre,460881.5713429261
53,5,3,1,1,43,calme,280096.48580541473
204,5,0,0,0,47,calme,756347.7182751858
196,6,6,0,0,34,centre,773704.8639434405
234,7,4,1,1,78,calme,906330.0759192229
200,2,13,1,1,38,centre,802900.8156894362
135,2,14,0,0,2,luxe,678036.3356652306
42,1,7,0,0,18,luxe,277962.34528129775
128,3,8,1,0,17,populaire,494343.08619187796
88,4,4,0,0,4,populaire,345039.83443995065
114,5,7,0,0,54,centre,525683.1797350304
200,7,12,1,1,12,centre,918727.2841315306
81,5,0,1,0,33,luxe,463815.0037567884
188,1,0,1,1,17,calme,772104.0771550408
76,7,6,1,1,67,centre,407500.30435227265
207,7,14,0,1,71,calme,742159.9913880099
73,5,5,1,1,42,populaire,270239.7202406079
89,3,4,0,1,64,luxe,451042.278165621
120,1,13,0,0,40,centre,535229.064245366
76,3,14,0,1,37,populaire,273979.5624322879
157,1,4,1,0,37,centre,604800.6875751575
187,5,13,0,1,12,populaire,656985.8869482228
154,1,8,1,0,21,luxe,747758.3163019049
122,2,0,1,1,28,centre,577187.2315333274
185,7,7,1,0,8,centre,784309.5774903297
104,4,1,0,0,67,calme,336426.55679992633
80,5,6,1,0,16,calme,412206.687389759
231,6,5,1,1,36,centre,996345.273547911
22,4,9,0,0,63,luxe,200336.6167199066
147,5,1,1,1,66,calme,568528.6344507406
198,4,11,0,1,3,centre,868707.6005098466
105,2,12,0,0,39,centre,421848.19221010694
66,4,2,1,1,15,populaire,247821.5351071328
215,1,3,1,1,10,luxe,933261.0154569048
239,4,6,1,1,25,calme,908615.3497395453
95,5,7,1,1,71,calme,487869.75138341484
57,6,12,0,0,64,populaire,236858.50378798653
183,6,10,1,1,1,centre,825377.7764982302
188,3,1,1,0,44,calme,704894.5772192732
216,7,7,0,1,42,centre,849906.9914380948
160,4,10,1,0,2,calme,685053.8689874251
106,6,8,1,0,33,calme,491240.4462667703
77,4,6,1,1,79,centre,337474.1436252373
69,7,0,1,1,64,centre,349024.9992374987
49,6,5,1,1,63,calme,226177.59816180277
209,7,7,0,1,6,populaire,851045.0225716861
120,4,4,1,1,34,populaire,489022.7743190284
44,5,11,0,0,21,populaire,196743.95299801603
131,4,14,0,0,47,populaire,463526.42480423604
174,7,1,0,0,31,populaire,592556.043630392
198,5,14,0,1,25,centre,824475.4272530484
225,5,4,1,1,5,calme,906772.7085923407
204,3,7,1,1,45,populaire,707889.5315709456
145,6,1,0,0,54,luxe,682418.4510547783
142,1,0,1,1,74,calme,458840.14404026925
66,5,14,1,0,54,luxe,381323.9139080017
137,7,3,0,0,56,centre,560597.0996312195
247,6,3,1,1,62,calme,896307.4645925321
58,2,8,0,0,0,centre,349018.7088252615
35,4,2,0,0,20,luxe,330680.9354894768
41,7,3,1,0,19,calme,204680.32060689433
232,2,2,1,1,72,calme,847696.3144197398
73,7,1,1,0,28,centre,382393.8862476332
168,4,3,0,1,42,calme,651683.9770546284
219,3,13,0,1,44,luxe,964534.1486438054
35,7,7,1,0,64,centre,175681.57276913204
78,5,0,0,1,2,luxe,523077.65549950505
50,1,7,1,0,19,calme,250640.85605874308
189,5,7,1,1,36,luxe,907099.1243589645
221,4,14,1,1,37,calme,823886.3667561973
51,7,2,1,1,73,luxe,363489.06624177855
206,1,13,0,1,44,luxe,899107.5985996765
181,5,9,1,1,41,populaire,688566.2990838273
28,1,9,0,1,45,calme,166618.11056356193
228,4,11,0,1,59,populaire,814671.8776100848
158,3,11,0,0,12,populaire,514543.5676766026
243,3,5,0,0,30,centre,975067.7153947621
29,7,12,0,0,67,centre,194078.7851285124
233,5,12,0,1,61,luxe,1004541.7993244975
36,2,3,1,0,48,calme,205616.25752132467
87,4,12,0,1,17,centre,451225.6074122196
67,5,0,1,1,74,populaire,214998.87889216567
199,5,13,0,1,52,calme,745595.3983067439
130,3,0,1,1,17,luxe,613048.7934482397
172,7,4,1,1,50,luxe,778756.9410739026
142,1,11,0,1,40,centre,587907.7029159018
168,4,7,1,1,66,centre,756708.4836926834
120,1,0,1,1,64,centre,471761.80668707355
121,6,1,0,0,5,luxe,629623.8800452919
84,6,6,0,1,73,populaire,313774.3442494442
210,4,7,0,0,36,centre,811941.6759490909
236,7,11,0,0,11,luxe,1098197.6762691024
70,2,13,0,1,1,calme,335338.0368882534
55,6,2,0,0,52,luxe,391283.2704007897
100,3,10,0,1,24,calme,454018.94459225563
146,2,11,0,0,27,calme,568582.9397832701
107,5,12,1,1,44,populaire,401242.23053432663
213,6,7,0,0,36,centre,891841.9254616468
123,3,0,1,1,16,calme,516157.31186796096
34,5,8,0,0,68,centre,181789.0291735763
115,2,11,0,1,55,luxe,607216.249425169
186,4,1,0,1,57,centre,672633.8269716231
142,5,13,0,0,3,luxe,765395.2864720874
217,1,12,1,0,54,calme,855383.9059932845
20,4,1,1,0,48,populaire,32276.100845880308
170,4,3,0,0,37,calme,624305.942192582
141,2,11,1,1,44,luxe,643034.5330840511
186,2,9,0,0,29,calme,726161.118809385
145,3,2,1,0,36,populaire,481293.20690906094
76,3,3,0,1,55,centre,343299.3493384214
100,1,5,1,1,26,luxe,548083.896673842
181,4,6,1,1,31,centre,721290.1779992483
188,7,4,1,0,10,populaire,674903.9708639729
240,1,1,0,0,57,calme,845025.97001212
92,1,2,1,0,76,populaire,243448.86069751208
160,7,9,0,0,34,luxe,734237.7281890656
89,7,10,1,1,16,luxe,570510.259621333
25,7,2,0,0,29,calme,168822.22420257409
103,2,13,0,0,17,luxe,512188.0168284354
71,1,4,0,1,29,populaire,242264.91313169
22,1,11,1,1,15,luxe,249165.739943721
100,5,10,1,1,74,centre,482569.63238885655
82,7,11,0,0,53,populaire,300090.249900255
68,7,4,0,0,3,populaire,348194.5512646691
95,3,3,0,1,14,luxe,485386.8815203392
131,3,7,1,0,75,calme,464770.6589497346
194,4,5,1,0,26,calme,786003.2243907118
128,3,5,1,1,3,calme,528469.9947017807
202,6,0,1,1,34,luxe,918988.8789499564
211,4,5,1,1,62,luxe,852170.9107663289
84,7,2,0,0,65,luxe,420879.10351300234
100,5,12,0,0,38,populaire,337979.8949202531
214,3,5,0,0,27,populaire,736874.6759076694
237,5,9,0,1,33,luxe,1064234.6011891444
34,3,12,1,0,32,calme,187840.9779680539
119,3,10,1,0,49,centre,502786.635755656
51,5,12,0,1,59,calme,229391.0527671247
115,1,5,1,0,71,populaire,312205.56068862276
147,1,1,0,0,71,populaire,466050.1924678447
215,1,0,1,1,41,calme,801781.0989761236
165,6,10,1,1,27,calme,695787.2133661644
132,1,14,0,1,74,populaire,474083.34924638213
102,3,2,0,1,26,populaire,281757.0448212562
62,7,4,0,1,0,luxe,495660.03233295877
135,2,14,1,0,7,centre,561314.2351241601
182,5,14,1,1,45,luxe,858981.5587133077
97,7,3,1,1,23,luxe,606442.6179497901
77,2,6,0,1,39,calme,268928.24769639794
52,7,3,0,0,50,calme,285080.7691848961
33,6,7,0,0,23,centre,242372.23634114984
181,2,6,1,1,21,luxe,805390.9024108746
208,4,9,1,0,73,luxe,884653.185669487
151,1,8,0,0,67,populaire,483176.8491034844
235,6,0,0,0,7,populaire,926678.0169841055
78,7,14,0,1,57,centre,408241.2527242228
176,3,4,1,0,14,calme,720386.9097624246
102,1,12,1,0,7,populaire,382603.4370008254
153,1,3,0,1,41,centre,621161.6330201355
140,2,5,0,1,38,luxe,644425.1681045418
244,4,0,0,0,34,centre,917230.3246457429
196,1,5,1,1,40,centre,792528.2190352448
187,7,0,1,1,47,populaire,662614.0395414268
102,7,13,1,1,77,populaire,330902.9043466123
212,5,13,0,1,70,luxe,921215.9707401908
216,5,0,0,0,43,luxe,888252.900247798
46,1,7,0,1,34,luxe,312293.972741117
99,2,1,0,1,26,centre,392467.2740726012
153,2,9,0,0,64,centre,618101.8898130221
32,3,12,0,1,69,populaire,16196.356364205072
83,6,13,0,0,65,luxe,474308.5995263914
209,6,5,0,1,70,populaire,747294.3125916776
246,6,13,0,0,71,luxe,1031986.3734780437
166,4,5,0,1,62,luxe,769863.9327372762
223,2,5,0,1,79,populaire,696172.2006883068
99,3,7,1,0,28,populaire,416353.8398723505
142,5,3,0,0,30,populaire,476061.2533907677
62,7,2,0,0,63,luxe,397828.92936573806
221,6,5,1,0,52,centre,941162.9747624205
108,5,3,0,0,73,populaire,334666.17554815824
167,5,1,1,1,67,populaire,562895.1208127185
114,1,5,1,0,24,centre,513818.824937586
215,4,9,0,1,12,centre,881301.7747201114
191,3,4,0,0,39,calme,681600.8087214024
170,4,10,1,0,71,populaire,599761.9204231856
21,1,8,0,1,6,calme,176097.30689524752
139,3,10,0,1,31,calme,564587.8369174446
41,3,5,0,1,23,centre,262473.9426134479
134,2,13,1,1,0,luxe,705009.4461894573
76,4,2,1,0,46,luxe,423247.62761053984
248,4,10,0,1,50,centre,969681.0535500747
91,2,4,0,0,35,calme,310833.51923072524
26,5,14,1,0,26,calme,176081.03090331802
225,1,9,1,0,69,calme,801254.6199867678
203,4,7,0,1,41,calme,846742.6079349419
138,2,8,0,1,75,populaire,409679.50482254697
214,7,7,0,1,67,calme,811149.9910860803
133,3,14,1,1,69,centre,530683.8546135402
35,6,2,1,1,12,calme,187152.90140584818
102,7,8,0,1,24,calme,520562.8800959411
198,2,2,1,0,21,centre,806905.0175987456
229,6,7,0,1,20,calme,956158.6932087204
227,5,9,0,0,14,luxe,942052.0804479752
91,1,8,0,0,66,centre,377461.1353117222
143,6,6,0,1,36,populaire,600645.5656093381
244,5,3,0,1,44,populaire,894771.2859961378
132,6,9,1,1,25,centre,646960.6964679224
31,3,14,1,1,54,populaire,104432.38356759769
145,3,8,0,0,49,populaire,528243.6581446496
72,3,2,1,1,34,populaire,247668.70805666604
94,3,14,0,1,40,centre,462131.9271116897
152,2,2,1,0,71,calme,508842.0921267384
46,3,1,1,0,10,populaire,175113.87517906333
159,7,9,1,1,7,luxe,851798.7550178418
164,3,14,1,0,53,calme,661107.3998639245
153,7,2,0,1,0,calme,670022.9455012718
116,2,0,1,1,19,populaire,486569.39797166164
24,3,14,1,0,33,populaire,97706.902331477
76,5,3,1,0,56,calme,355370.33717610216
175,5,7,1,1,12,populaire,662624.5538024179
97,4,4,1,1,53,centre,412159.18860772974
88,5,1,1,1,52,centre,417017.9594850417
137,1,2,1,0,51,populaire,387070.3857666967
139,1,0,1,0,5,calme,556130.2493322496
78,1,1,0,1,35,populaire,253207.41751288928
52,2,0,0,1,24,luxe,366506.6693794146
81,5,1,0,0,57,centre,358080.3763552183
69,7,2,1,1,54,calme,327551.45909010334
131,1,0,0,0,2,luxe,618785.7025205523
38,4,10,0,1,27,populaire,199901.13193043182
233,2,8,0,0,67,centre,895258.443949633
216,4,9,1,1,37,luxe,1000348.1289113855
142,5,4,0,1,33,calme,514265.3800879471
213,3,7,0,1,12,centre,909594.4231810039
241,4,4,0,0,4,populaire,888414.3353365554
66,3,7,0,1,59,populaire,277403.40454878856
186,2,6,0,1,16,centre,751232.8384678678
215,4,11,0,1,56,luxe,919432.7563339373
52,4,3,0,1,30,centre,305955.5103523502
160,6,14,1,1,64,centre,626488.0002255216
103,2,6,0,1,65,centre,345366.25087166764
201,2,5,0,0,32,luxe,860898.3106099376
154,1,2,1,0,3,centre,610230.9898187935
98,5,8,1,1,54,calme,389849.819360619
234,4,11,1,1,23,populaire,889254.1472045262
33,4,9,1,0,31,luxe,259870.56915568458
234,7,14,1,0,72,calme,920938.5911712891
166,2,12,0,1,46,centre,653010.2161722415
147,2,8,0,0,15,calme,548260.7620536562
73,5,13,0,1,20,luxe,492305.43773513194
240,2,4,1,1,66,populaire,779885.872767994
167,3,7,0,0,30,luxe,800485.4230396447
48,3,6,0,1,13,centre,293840.8764851786
43,6,8,1,1,5,centre,335967.02109647193
101,3,6,1,1,68,populaire,361475.45888894016
82,3,3,0,1,28,luxe,497129.3554399454
221,5,3,1,0,54,luxe,924785.01473923
124,4,10,0,0,36,luxe,628763.2489255441
76,3,7,1,0,58,calme,329551.39526581403
155,6,5,0,1,35,populaire,621516.3965008887
237,2,8,0,0,75,luxe,926433.5918735228
81,3,13,0,0,58,populaire,284067.57107895444
176,6,9,1,0,77,calme,689126.201430446
221,5,13,1,1,63,luxe,984307.122889338
36,7,6,1,1,42,calme,174654.39369613485
85,7,6,1,1,41,centre,491212.6930039197
25,7,3,0,1,73,centre,221684.51250500267
77,2,2,0,1,59,centre,354299.28329287434
88,6,7,0,0,61,populaire,282730.9636625101
175,3,6,0,0,63,luxe,790932.9265406465
81,4,3,1,0,57,luxe,435761.47687301296
188,2,12,1,1,1,calme,790594.5324549087
216,2,3,1,0,77,calme,725644.5941341863
101,7,0,1,0,70,centre,439089.46512736904
237,4,10,0,1,7,populaire,884527.8453165632
231,7,6,1,1,55,populaire,824074.343112652
188,2,0,1,1,35,calme,698212.5064797795
196,3,9,1,1,68,calme,757077.1377260708
238,7,9,0,0,12,luxe,1090376.2003458655
196,7,3,0,1,38,luxe,850302.8749783805
223,7,10,0,1,5,calme,994383.721494684
90,2,13,1,1,18,luxe,502048.36091151874
150,3,2,0,0,24,calme,543939.2993859061
29,4,10,0,0,2,populaire,185416.81056842746
117,1,2,0,0,52,centre,472181.9996396105
108,4,11,0,0,27,calme,482154.1289613833
54,3,0,0,0,25,calme,208666.63265686223
227,5,3,0,1,46,luxe,988055.2966633431
21,7,13,1,1,7,calme,314188.3864073738
143,4,0,1,1,56,populaire,473897.3590721952
43,5,13,0,0,54,centre,274453.91324398457
93,5,12,1,1,78,luxe,483268.5313458834
185,3,12,0,0,0,populaire,650164.0839847196
41,3,7,1,0,39,centre,236051.26683495124
173,7,14,0,1,22,luxe,850580.4249203339
190,1,14,1,1,53,populaire,659931.2659983617
202,6,0,0,1,41,calme,783838.3619378128
58,2,11,0,1,79,luxe,402050.1321180151
238,4,13,1,0,49,calme,956233.131105125
176,3,5,0,0,3,luxe,808239.3710252675
249,4,6,1,0,7,centre,1014369.90947249
39,6,14,0,1,35,luxe,403050.923163879
238,6,9,0,0,9,luxe,1074065.7056070508
60,7,13,0,1,29,populaire,284992.72846020525
201,5,11,0,0,15,luxe,977895.3113872672
167,7,1,1,1,29,centre,716619.0869572752
127,2,3,1,0,63,populaire,402105.91469040385
166,1,10,1,1,73,calme,608885.9953048975
103,4,13,1,1,10,luxe,615559.4962785702
246,2,2,1,0,33,centre,915293.1091669033
130,1,12,0,1,79,centre,524155.56091446127
85,4,12,0,0,54,luxe,449320.05126931606
177,2,8,1,1,3,luxe,868591.6170415701
72,3,13,0,0,48,calme,290626.87582710973
53,4,6,1,1,43,calme,252356.05452433642
169,2,1,0,0,30,calme,644222.2609474789
86,6,10,1,0,47,calme,392381.3632245197
153,1,11,0,0,25,calme,574727.4822684058
226,2,5,0,0,69,calme,786111.3424835897
46,3,8,1,1,11,populaire,196521.92080778867
29,7,11,0,1,44,populaire,211342.95196338414
92,4,2,1,0,7,centre,470476.2782299633
244,4,13,0,0,8,populaire,915043.1311339767
115,4,14,1,1,0,luxe,671147.7473709524
67,3,10,0,0,4,luxe,438957.84085964
89,1,5,1,0,70,luxe,413929.2866295584
206,4,13,0,0,53,centre,793262.7012076506
119,1,2,0,1,23,populaire,394795.1140829942
78,2,2,1,0,25,luxe,456813.5789229262
21,6,3,1,1,9,populaire,132529.8880222984
176,6,8,1,1,60,luxe,855858.8991509241
215,1,10,1,1,39,calme,869334.1010332903
84,1,12,0,0,43,populaire,213105.44953632774
102,6,7,0,0,11,populaire,448069.13215246476
173,4,0,0,0,21,luxe,741219.5545728406
236,5,12,0,1,26,populaire,866145.8143123552
29,5,11,0,0,66,calme,151994.79085967262
72,3,10,1,0,68,luxe,336470.018532299
98,7,0,1,1,13,calme,454415.0636102769
78,6,6,1,1,24,luxe,511094.68904814124
169,6,2,1,1,51,populaire,582873.3014381874
198,3,13,1,0,58,luxe,818093.5887197409
67,5,10,0,0,37,centre,403152.694236144
168,2,6,0,0,19,luxe,754993.1400956846
142,4,8,1,1,77,populaire,521338.68912561785
41,4,2,1,0,19,calme,281379.23469219665
119,2,2,1,1,55,calme,484899.86126130796
117,2,1,0,0,29,centre,467489.6510754205
177,5,9,1,0,40,luxe,794669.3570523917
44,3,0,1,0,70,luxe,295078.2418374237
47,2,8,1,0,62,calme,214378.69418923935
212,3,5,0,0,68,calme,761964.8545326641
132,7,5,1,1,28,populaire,552105.1396320972
64,1,7,0,1,78,centre,266497.0602962806
87,4,10,1,0,76,calme,343928.99043755064
26,5,4,1,0,43,luxe,258372.35319023655
68,4,8,0,1,78,calme,250030.97783949834
156,5,14,0,0,56,populaire,521388.1612234643
183,1,10,1,1,23,luxe,821461.3901621075
102,4,4,1,0,18,populaire,404109.20140800317
148,1,1,0,0,16,populaire,495048.2361823061
157,5,5,0,1,68,populaire,528910.4817281744
183,2,14,1,1,60,centre,735731.2540421453
92,7,8,0,0,3,luxe,500562.13955224305
65,4,2,0,1,21,luxe,404556.41284704104
125,1,9,1,1,73,populaire,430299.34146416653
179,6,3,1,0,5,centre,747839.2379968255
51,4,9,1,0,29,calme,215593.0515358156
25,4,10,0,0,74,luxe,186686.82548332188
195,4,7,1,0,10,calme,766712.8159934797
185,3,5,1,1,47,luxe,823612.0388489732
164,1,12,0,0,45,populaire,549960.8646391742
93,1,6,1,0,26,luxe,507643.3523834711
133,4,6,0,1,18,populaire,492169.5764742151
46,2,3,0,1,58,luxe,320874.1804186253
73,4,14,1,0,67,populaire,215671.892401614
197,3,11,1,0,53,calme,779557.0939633164
182,5,5,0,1,16,calme,751776.031943635
104,3,11,1,0,49,calme,361790.7615198008
146,2,8,0,1,39,luxe,681227.5836271703
172,4,2,0,1,10,centre,805522.5463769693
175,1,7,1,1,13,calme,760012.2013579577
130,7,6,1,0,12,luxe,689459.8648945118
34,6,3,0,0,79,populaire,103925.19461512663
151,4,9,0,1,27,centre,626162.3370546515
112,2,12,1,0,43,centre,449659.12115625094
142,1,2,0,1,62,centre,543325.9388549998
92,3,13,0,0,60,calme,343373.43267235026
174,5,6,0,0,16,calme,699453.1230107427
173,5,9,1,1,49,calme,718369.5572912262
166,7,8,0,0,25,calme,699751.9333890269
111,4,11,0,0,6,populaire,455101.8783633191
36,3,9,1,0,78,luxe,276210.32520559424
62,7,2,0,1,15,centre,409847.09292052046
140,6,14,0,0,16,luxe,742865.5227078871
60,6,9,1,1,34,centre,363235.2291261903
189,7,8,1,0,22,centre,759103.3751143065
197,2,12,1,0,68,centre,723862.5026498022
231,5,7,1,0,8,centre,977172.612665027
187,3,11,1,1,17,populaire,709519.4461537703
58,4,2,0,1,74,populaire,234298.1840478466
132,1,14,0,1,47,centre,505727.04382758786
170,4,7,1,0,71,centre,699756.0920137956
130,4,11,0,0,65,calme,491499.3166336253
243,3,3,1,0,22,centre,935335.6208865178
199,5,5,0,1,9,luxe,970614.0433177995
66,3,11,0,0,37,populaire,193184.3379379832
82,1,9,0,0,58,luxe,417199.6654332755
244,7,1,1,1,67,calme,971480.2024169319
129,3,7,1,0,42,populaire,423417.6704241967
88,2,12,1,1,11,calme,360948.493934576
62,4,8,0,0,52,calme,279494.2823713057
195,5,6,1,0,13,luxe,930677.3019999149
53,6,7,0,0,51,centre,273307.78523468185
59,1,6,0,0,71,populaire,90186.38992726503
222,6,10,1,0,60,populaire,799404.2763056934
80,4,9,0,1,40,centre,389171.92623311805
197,3,3,0,0,20,luxe,799648.6099602086
214,6,0,0,0,47,calme,819388.5067945116
81,2,2,1,1,55,luxe,416065.9704024149
77,3,6,1,1,34,calme,370862.72761718964
180,4,10,1,1,43,populaire,731004.8692439485
94,6,10,0,0,38,centre,450045.2061568393
35,7,6,0,1,14,centre,293012.7178646194
101,1,10,1,1,11,populaire,391087.93827543955
113,6,12,0,1,7,calme,529430.6386423686
67,7,2,1,1,66,luxe,392540.90229383454
157,7,0,1,0,0,calme,683784.6605216495
101,6,9,1,1,79,centre,450545.17323389417
57,5,8,1,1,41,luxe,396068.64442020096
146,6,11,0,0,30,luxe,690950.6174267794
38,4,5,0,0,73,calme,163650.0775292873
183,7,12,0,1,29,calme,742030.2711910835
206,1,12,1,0,42,calme,779447.4347920995
82,4,11,0,1,25,luxe,508820.2720103871
96,2,6,1,0,11,populaire,353885.56518878473
193,3,0,1,0,58,luxe,770248.3604001775
150,6,0,1,1,68,centre,613865.0882353174
221,5,3,0,0,72,populaire,734923.5320746957
121,1,6,1,0,10,populaire,390976.8602561461
84,5,13,0,1,46,calme,393394.31671975326
139,5,10,0,1,22,luxe,747565.7787961327
110,5,14,0,0,42,centre,516152.40609161014
27,6,10,0,0,76,luxe,211437.47451014898
198,1,7,0,1,38,calme,811826.6562682351
228,1,9,0,0,72,luxe,888316.8286100583
92,7,8,0,1,54,centre,461565.5022711519
153,5,0,0,0,17,calme,588098.4552506785
126,7,3,1,0,41,luxe,647311.2205402072
108,7,3,1,1,25,centre,585408.5700723587
58,3,2,0,1,17,centre,287869.67761135474
132,6,6,0,0,40,calme,519918.15496785124
207,6,0,0,0,41,calme,788473.4292264413
47,4,8,0,0,32,populaire,116709.39789705991
116,7,12,0,0,42,populaire,462702.43083031336
201,6,7,1,1,13,centre,857771.6284513294
56,5,1,0,0,54,calme,235475.9779557193
156,2,1,0,0,57,calme,517906.1543279003
101,5,7,0,1,9,luxe,544277.4410666483
75,1,10,1,1,27,luxe,450117.71077129705
206,6,13,1,1,13,luxe,1025729.0022723807
104,6,14,0,0,25,luxe,548324.8394449695
21,4,0,1,1,73,populaire,82932.64224518012
208,7,12,1,1,16,luxe,1030308.3087125611
77,2,6,1,0,33,calme,352808.36302835564
126,6,8,1,1,13,centre,613861.7844937044
142,4,11,1,1,25,centre,656098.9513494297
207,4,14,1,0,33,centre,900376.5385053147
249,2,2,1,1,23,populaire,915990.1759648231
187,5,6,1,0,69,centre,743130.3020402293
183,5,5,0,1,19,populaire,646320.993751557
133,5,14,0,1,38,populaire,560587.4553105921
126,3,6,1,1,44,centre,557527.3595277292
56,7,6,1,0,33,populaire,223607.38817394798
98,7,9,0,1,21,luxe,595823.8902577106
111,5,0,0,1,70,luxe,475313.6575217022
37,2,13,1,1,32,luxe,349321.4271972523
117,3,2,0,1,5,populaire,456764.60110955697
82,7,9,1,0,15,luxe,535525.4133331737
169,5,0,0,1,71,centre,698682.8307289346
158,3,4,1,1,22,centre,692441.5591605988
205,2,2,0,1,17,populaire,742461.9325646962
204,5,0,1,1,13,populaire,786446.6169209182
224,1,1,0,0,49,luxe,928297.2457623488
23,6,9,0,0,60,calme,128665.7279968638
233,2,4,1,0,35,centre,916696.9554830561
154,4,10,1,1,14,calme,646181.4910173594
80,4,2,0,0,4,luxe,479380.4708788593
126,2,5,0,0,52,populaire,398444.89996708836
73,4,8,1,0,47,luxe,402464.6929111204
107,7,5,0,1,78,calme,453415.05329307524
87,2,1,0,1,10,luxe,433168.3276941159
239,1,1,0,0,1,populaire,794614.3542490863
226,2,14,0,1,23,calme,897375.6460597953
148,5,12,0,1,67,luxe,675024.3837666376
74,5,12,1,1,78,populaire,285918.2675240807
22,3,7,0,0,11,luxe,328884.344226016
225,4,10,0,1,58,luxe,896870.9911780104
185,6,7,1,1,66,populaire,679221.556582567
140,4,5,1,0,31,populaire,559433.2869677022
148,7,9,1,1,35,luxe,763491.9830965854
121,2,6,1,1,20,centre,550700.6054255413
57,6,0,1,0,69,luxe,343469.16462394514
104,6,14,0,0,65,populaire,343188.0097942054
176,4,11,0,1,8,centre,707960.4004022888
152,6,8,0,1,75,populaire,518721.1872402544
221,6,4,1,1,43,luxe,985275.9398657094
111,5,8,1,0,58,calme,456050.3386925775
40,1,1,1,0,23,populaire,151883.0488124084
218,2,13,0,1,62,populaire,773243.4667349135
214,4,7,0,1,77,calme,792609.0406431144
128,5,6,0,1,40,populaire,479844.48606807215
66,7,10,0,1,75,populaire,244249.59060341053
103,7,13,0,0,73,populaire,340840.2260773997
102,3,3,0,1,1,calme,480118.2414661672
54,6,2,1,0,27,luxe,386167.3779624744
215,6,3,0,0,15,populaire,791447.9760005752
88,4,3,0,0,58,centre,453540.1037197817
148,1,9,0,1,0,luxe,743359.6158063081
215,1,9,0,0,0,luxe,924356.0695755434
159,4,7,0,0,30,centre,614796.6464487863
207,4,12,1,1,21,centre,915808.1623179518
46,5,12,0,1,75,centre,172311.31528600398
75,7,3,0,0,58,calme,307849.3384391582
42,4,13,1,1,27,populaire,144583.25375265663
172,7,4,1,0,75,luxe,755372.2443593753
40,3,1,0,1,26,centre,230990.65662210784
80,7,12,0,0,0,populaire,358456.82933761645
82,5,3,0,0,1,populaire,315776.518928302
141,6,6,0,1,65,calme,588906.546867546
71,6,2,0,1,48,luxe,453709.2112016876
107,7,13,1,1,18,populaire,492683.1670904904
172,6,13,1,0,27,centre,713665.0791956156
74,6,0,0,0,69,centre,326044.8037031863
65,2,12,0,1,38,calme,312303.4025017376
51,3,7,1,0,18,centre,302110.7203943933
74,5,7,1,1,63,centre,357406.876572548
115,5,5,0,0,57,calme,422842.1072489884
152,6,6,0,0,16,calme,683516.8694780715
55,1,14,0,1,69,centre,275625.68437898165
129,5,9,0,1,78,luxe,548306.0945613664
196,3,10,0,0,40,luxe,808483.4317823616
125,4,1,0,0,4,calme,452614.4955424941
77,3,4,1,0,22,luxe,408755.00978965126
58,6,11,1,0,68,luxe,346701.3148977843
99,6,6,1,1,9,luxe,631050.2992735611
116,2,14,1,1,67,calme,478004.8971924122
132,7,8,0,1,11,luxe,681491.6859568887
232,5,0,1,0,9,centre,924222.4548335433
80,7,14,1,0,59,centre,395825.54934513033
156,7,2,0,0,29,calme,604159.2015446029
25,5,5,1,0,23,luxe,281006.1456984976
128,5,13,0,1,68,populaire,430986.21238221944
54,6,6,0,1,12,populaire,241734.44852340774
58,5,5,1,1,8,centre,330565.4605119942
169,1,0,1,0,17,centre,677489.3348357066
188,1,3,1,1,34,populaire,661623.2749354672
137,4,5,0,1,3,calme,555522.3004801761
24,5,7,1,1,40,luxe,271673.9569308064
189,2,9,0,1,25,populaire,668824.2963469957
106,4,14,1,0,43,luxe,586975.6859556888
228,6,13,0,0,41,populaire,857149.699917219
95,5,3,1,1,9,centre,491441.26248500025
234,1,6,1,1,72,luxe,962509.719026097
227,2,10,0,1,0,calme,890119.2986089854
214,4,2,1,1,53,luxe,961549.963239233
177,2,7,1,1,15,luxe,873495.9308944365
76,5,0,0,0,45,populaire,275351.69271213526
146,3,3,1,1,12,calme,623067.3152162713
233,2,7,1,1,63,centre,914771.3871977924
220,2,9,0,1,77,luxe,904985.4780427059
48,6,3,1,0,54,luxe,322151.3991910802
184,1,1,0,0,62,populaire,558037.9691122596
106,5,1,1,0,17,centre,508559.4047029366
160,2,3,1,0,60,populaire,505760.00264768105
179,5,14,0,0,19,calme,684893.5072077033
65,1,12,1,1,64,centre,306467.17841640866
135,6,3,0,1,63,calme,487263.326271524
131,5,14,0,0,75,populaire,498575.2726805465
170,7,1,1,0,63,centre,682006.356571948
64,1,6,0,0,12,calme,273149.94383566163
164,1,14,1,1,67,calme,655787.0869171333
123,4,5,0,0,69,populaire,465405.2553759642
104,6,10,1,0,56,centre,477222.1415141306
213,6,2,1,0,44,calme,796652.4596280035
248,7,7,0,1,37,luxe,1104358.677197487
153,5,7,1,0,53,centre,640262.0787678331
127,3,0,1,1,35,centre,550319.2024115453
37,7,2,1,1,66,luxe,328248.7781826418
113,4,4,0,1,78,centre,478698.9896547829
169,6,1,1,1,10,centre,819158.383809846
52,1,11,1,1,26,luxe,332822.9409033359
177,6,11,0,0,16,populaire,723495.0429980773
228,7,4,1,1,32,calme,912470.1932191072
145,3,10,0,1,4,luxe,750395.8002658718
179,2,9,0,1,61,centre,708055.9234144631
189,2,2,1,0,64,calme,677169.4676079518
225,6,14,0,1,70,calme,871347.8467806268
141,6,8,1,1,66,calme,554716.7925410399
157,4,10,1,1,79,populaire,593635.5039855524
134,6,0,1,0,79,centre,561883.95289124
183,3,3,0,1,43,centre,745023.3960250962
181,6,9,0,1,13,calme,749217.3554769488
220,5,5,1,1,56,calme,807462.5230606992
47,7,14,1,1,47,populaire,250912.56910114922
30,3,8,0,1,16,populaire,157152.45323634465
225,4,2,1,1,43,calme,881339.7847085687
186,5,14,0,1,3,centre,828743.9623637832
66,5,2,0,0,29,luxe,399320.9965052495
146,7,14,1,0,74,populaire,567094.7177599203
166,2,11,1,0,54,centre,678163.7101335143
137,3,4,1,1,29,populaire,511968.22367651615
162,7,6,0,0,17,centre,668081.9695595847
145,5,13,0,1,72,calme,516506.7422443001
175,4,4,0,0,43,populaire,667241.42565716
171,7,10,0,0,61,luxe,802333.1150541644
91,2,7,1,1,30,calme,436402.1132185925
126,5,4,0,1,15,populaire,435430.1129438412
156,7,6,1,1,76,calme,656790.2365186223
194,3,5,0,1,22,luxe,858477.707277356
52,2,13,0,1,13,populaire,218341.2961135262
209,3,9,1,0,1,populaire,789710.6693294727
244,3,12,0,1,11,populaire,902398.2784906549
38,3,1,1,0,57,centre,208223.285891596
214,7,2,0,0,55,centre,821550.9207266087
93,2,10,1,1,23,populaire,375856.69162467093
187,7,10,0,0,36,calme,721763.6924911649
194,7,3,0,0,28,calme,742237.8519941199
212,7,4,1,1,41,populaire,797111.7692614961
176,5,8,1,1,17,luxe,812157.4806463675
197,6,5,1,0,2,luxe,957766.8764763945
117,1,0,0,0,76,luxe,528934.2443361387
160,5,2,0,0,12,centre,669236.9410850073
148,2,6,0,1,28,centre,614473.8679768626
181,1,7,0,1,65,centre,693568.464410274
112,1,6,0,1,58,centre,396961.5124236384
195,1,4,0,0,47,calme,649351.4615299238
224,6,14,1,1,3,populaire,905639.3608289824
67,7,9,0,1,50,populaire,284191.3306588214
196,4,7,0,0,4,populaire,705155.2598213926
83,2,8,1,0,38,calme,330392.92097123124
80,6,6,1,0,40,luxe,498320.14289717586
176,6,10,1,1,4,luxe,820506.0313219272
58,4,8,1,1,7,centre,423436.987712477
147,1,0,1,1,55,centre,612157.8745106733
107,7,13,0,1,24,calme,494517.36246457463
45,4,8,0,1,51,calme,233956.41019899197
36,4,2,1,1,51,luxe,345396.67600846966
90,6,5,1,1,6,populaire,362576.93450189114
32,2,7,0,0,60,populaire,104520.44620723947
88,3,2,1,1,46,calme,370566.78881519823
45,7,3,0,1,65,calme,248947.70584709744
68,4,6,0,0,58,calme,298301.88472010224
214,7,11,1,0,4,centre,936995.9593565961
26,4,6,0,0,43,populaire,112798.63029377692
77,1,3,0,0,41,calme,271777.9181735342
68,7,8,0,1,60,calme,323299.8930661745
122,1,12,0,1,62,centre,475868.7010240924
72,6,2,1,0,49,calme,301274.1501734693
212,1,11,1,0,37,populaire,737731.9004140169
81,7,7,1,1,53,centre,454989.8549995772
36,5,7,1,0,43,calme,163388.59676944363
190,7,12,1,0,23,populaire,742777.8518511539
44,4,3,0,1,62,populaire,173199.9586093988
150,1,6,0,0,38,centre,628579.2524473674
226,2,3,0,1,11,populaire,802551.5196484722
48,5,12,0,0,62,centre,228405.07821801637
136,6,11,1,1,8,populaire,585077.1375971149
179,3,0,1,0,78,calme,646818.2989922464
45,4,0,0,1,21,centre,276462.7206889185
143,4,13,1,1,35,populaire,537925.3188081937
163,2,0,0,0,73,centre,607600.0723954329
44,3,1,0,0,27,populaire,151617.73868081864
73,3,5,1,0,55,centre,323196.57332343253
175,6,11,1,0,28,calme,714961.1254780962
92,6,9,1,0,4,centre,449295.5779682898
139,5,10,0,1,3,centre,662744.5302610289
75,4,4,1,1,50,calme,347938.6204740609
84,1,10,0,1,14,populaire,273116.5477154947
112,6,1,1,1,59,luxe,576813.3567994135
105,2,7,0,0,25,calme,400788.77665028395
99,2,8,1,1,22,centre,509732.40987341345
188,2,6,0,1,28,calme,683979.057197524
127,7,11,0,1,56,calme,574091.2337688812
198,6,13,1,0,61,centre,851156.0763287955
137,6,14,0,0,58,centre,516663.0912351538
218,2,14,1,1,47,luxe,968263.5796549008
225,6,11,1,0,34,calme,905699.7855997569
176,7,8,1,1,45,centre,726316.6960355701
102,1,3,0,0,32,populaire,311339.4800654104
166,1,12,1,0,70,populaire,526945.2774573539
213,5,6,0,0,9,populaire,750107.8400033657
188,4,4,1,1,47,populaire,654891.0646308496
192,1,4,1,0,43,calme,727514.5903227837
34,5,2,0,1,69,calme,166529.78426127002
150,3,8,0,0,62,luxe,641191.2483887188
158,4,12,1,1,48,calme,609557.3248046027
200,1,9,0,1,71,centre,782222.1351258287
193,7,4,1,1,40,luxe,949305.144820742
49,3,5,0,1,38,calme,226935.61817722334
76,5,2,0,1,22,calme,355253.59722947463
165,1,9,1,1,12,centre,785096.4412394096
198,1,6,0,0,52,centre,768164.3389675745
147,6,8,1,1,69,centre,669583.6666921609
67,3,8,1,0,56,populaire,202286.97845079203
213,1,13,0,1,75,calme,741113.313276468
243,2,14,1,1,66,calme,946102.4997112027
155,7,12,0,0,47,calme,643214.5880000446
41,6,9,0,1,19,luxe,378252.67961539625
25,6,13,1,0,61,luxe,290041.299834481
223,1,9,0,1,44,luxe,986244.8736796994
204,7,4,1,0,62,luxe,872966.494023693
123,6,6,1,0,7,luxe,665254.3364041022
55,4,12,0,1,25,centre,311034.0933241492
98,3,11,0,0,37,luxe,516341.4235509195
239,4,11,1,0,40,calme,937536.6333639325
135,5,12,1,1,1,populaire,569966.4845545086
76,4,2,1,1,6,calme,430993.0610751978
68,7,5,0,1,24,calme,338549.0621577327
192,2,11,0,0,50,centre,760404.8246701943
101,6,7,1,0,49,populaire,411831.5131188222
85,7,12,0,0,63,calme,357156.9034146744
96,6,7,1,1,11,centre,499980.8116173309
64,2,1,0,1,52,populaire,189419.0036283929
98,6,5,1,0,74,populaire,290606.1195885852
39,4,6,1,1,9,centre,328578.37772229593
211,5,11,1,1,60,luxe,940330.5124954319
240,1,6,1,1,54,centre,872341.229504656
142,2,2,1,1,67,centre,556208.0932036524
240,4,13,1,1,41,luxe,1089348.1900470045
86,7,13,0,0,65,centre,402151.3974619756
102,4,8,1,0,43,centre,512069.20552000275
22,4,1,1,1,27,centre,198812.78490534017
201,1,10,1,1,77,calme,688051.644308616
225,3,2,1,0,57,centre,795924.0574122807
83,6,14,1,0,1,centre,535470.1191586138
59,6,10,0,0,54,populaire,187867.38350003195
78,7,1,1,0,33,populaire,289346.707056193
202,5,10,1,0,19,populaire,749605.3828148477
81,7,8,1,1,46,centre,445991.99311256735
151,3,3,1,0,25,luxe,674753.9833179537
79,6,1,0,0,0,centre,456847.22419441753
135,5,2,0,0,64,calme,511725.1744548484
94,7,12,1,0,74,calme,440810.3659159412
141,5,3,1,1,14,calme,550986.8541292949
242,4,14,0,1,13,calme,976637.3905077401
126,2,13,1,0,54,centre,540080.774581251
115,4,9,0,0,0,populaire,439628.173114984
110,1,12,1,1,32,centre,486291.32323178765
177,6,5,0,0,69,centre,655847.3236981642
149,5,4,0,0,55,centre,563458.5974527362
81,7,2,1,1,22,centre,489470.08290240064
68,2,9,1,1,53,luxe,419261.1551684169
156,7,7,1,0,2,populaire,616993.2085349517
111,6,7,1,0,45,populaire,404716.35469807795
178,5,6,0,1,5,calme,770637.5626851941
143,5,2,0,1,24,centre,659878.303801377
245,4,13,1,1,16,calme,958019.3823848929
80,2,14,0,0,27,populaire,237753.36715701243
226,2,0,1,0,31,populaire,786111.6398822857
67,6,4,1,0,22,calme,372495.5801929867
172,5,0,1,1,15,populaire,672703.7180412087
183,2,5,0,0,25,populaire,675301.2997114732
155,2,10,1,1,32,luxe,730366.4316256609
220,7,6,0,0,57,centre,883548.7138630725
77,6,14,1,1,47,centre,423808.4520423603
120,4,14,0,0,54,populaire,436870.3107685321
131,7,11,0,1,40,populaire,489083.55438401515
192,7,4,0,1,61,luxe,864829.4009520416
81,3,3,0,1,16,calme,412918.71693236957
58,1,1,1,1,58,luxe,320128.6430898463
243,3,4,0,0,13,luxe,965151.5308087422
77,2,8,0,1,20,calme,361256.32171640027
228,5,3,1,0,62,populaire,854224.7185509618
118,1,13,0,0,45,centre,463597.4900304043
248,1,1,1,1,54,luxe,1049301.3555316927
230,5,12,0,1,61,luxe,988419.8580186935
211,1,14,1,0,38,centre,804028.3477326394
63,5,5,0,0,41,luxe,410158.71834795375
48,1,7,0,0,47,calme,142316.61383926525
78,7,1,0,0,27,centre,443638.3433918028
90,6,8,0,0,5,centre,469327.38640983525
111,6,6,1,0,58,calme,406307.3014247137
28,3,13,0,0,69,calme,180618.991948901
146,7,12,1,1,38,centre,707721.9190024693
239,1,1,1,0,56,calme,856981.4605101757
153,4,10,1,0,53,luxe,734147.6778933927
176,5,4,1,1,59,populaire,556249.8265537603
205,7,4,0,0,16,luxe,910765.0934942443
164,1,6,0,0,39,calme,672272.2398550306
163,6,12,0,1,65,luxe,763389.0578038009
234,6,14,0,0,53,populaire,814784.2080897461
242,5,4,0,0,70,populaire,820067.5462179586
150,4,10,0,1,43,populaire,509045.37635841133
40,1,13,1,1,66,calme,232327.7895554729
83,1,5,1,0,56,calme,296107.52024608146
109,4,13,0,1,35,calme,425141.11658687
55,4,8,0,1,56,populaire,197605.69564532835
248,4,2,0,0,42,calme,939923.1116893484
233,6,2,1,1,43,centre,972355.0547076802
81,5,7,0,1,61,luxe,414547.09553530393
189,7,9,0,0,60,luxe,811032.6543829467
95,4,11,0,0,10,centre,400667.2771110259
189,5,5,1,1,76,calme,741909.9864775557
208,3,11,1,1,32,luxe,947103.0860203699
32,1,9,0,0,65,populaire,71978.12388258983
30,1,2,1,0,22,luxe,248947.75372939018
73,2,1,1,1,48,luxe,357428.7891246416
35,3,12,1,0,19,luxe,298522.7259053015
27,7,1,0,0,14,calme,225774.68636402878
123,4,1,0,1,65,centre,518646.21883231524
78,4,14,1,1,29,luxe,445137.022502509
76,7,4,1,0,3,populaire,327798.80681808945
59,6,14,1,0,63,luxe,413480.18559378764
206,3,11,0,1,64,calme,765979.4633118496
149,4,4,1,0,7,calme,574937.6733787033
113,2,0,1,1,51,populaire,364914.9996054235
241,5,1,0,0,13,luxe,1010564.533193078
223,1,1,1,0,57,luxe,901506.0043658598
157,3,14,1,0,10,populaire,600933.2182233908
63,1,3,0,1,58,centre,258827.22389086385
158,5,6,1,1,23,calme,686380.6013476081
226,3,2,1,0,31,centre,938031.8851811717
99,5,4,1,0,45,centre,547955.1296200439
100,4,10,1,1,27,luxe,540050.7524274095
237,7,8,0,1,15,populaire,902749.1714968344
21,4,4,0,0,41,calme,66091.27746678761
197,7,8,0,1,15,centre,846185.3560765802
159,4,0,1,1,11,centre,738862.8523568412
134,5,8,0,0,75,luxe,541931.1786089453
109,5,13,0,0,61,luxe,533984.0934267833
42,5,4,1,1,33,luxe,355935.3552634884
165,1,7,0,1,37,populaire,517619.88738662965
81,5,4,1,0,46,calme,361792.0048994212
243,4,13,1,1,78,calme,921124.6919313861
132,2,11,1,0,21,luxe,629640.859277482
147,5,5,0,0,79,centre,594963.5374530416
81,2,7,0,1,2,luxe,460589.2889594751
57,7,1,1,0,0,luxe,450174.2867969453
214,4,2,0,0,52,populaire,721121.4407913793
185,5,10,1,0,63,luxe,826538.9027162881
214,1,8,0,0,43,calme,764658.9545875444
241,1,4,0,0,46,luxe,925060.1027027463
80,7,4,0,1,37,calme,339061.3427481457
148,2,8,0,0,62,centre,548902.0635600218
241,6,9,0,0,40,calme,905137.6684626824
192,1,2,1,0,20,calme,729163.7471668612
243,1,13,0,1,44,luxe,1011531.9197427031
175,1,3,0,0,12,calme,642769.0700333982
168,4,6,0,0,65,calme,554988.6796674117
141,1,1,0,0,65,centre,499634.3409336511
129,3,7,0,0,42,calme,458720.1531373664
32,5,4,1,1,61,calme,236359.97595189424
174,7,14,1,1,47,luxe,847203.2228979018
119,1,0,1,0,25,populaire,443467.65251900407
154,6,2,0,1,60,luxe,715310.0853709758
41,6,14,0,1,61,centre,326451.8205845757
93,1,8,1,1,13,luxe,532964.0083939196
200,1,4,1,0,53,calme,730608.9986064846
226,3,7,1,0,40,populaire,848414.1905233633
226,1,0,1,0,59,luxe,885661.8688494824
151,1,13,0,0,8,luxe,686549.5455859771
243,5,6,1,0,43,centre,968245.491829764
42,6,6,0,0,55,calme,291529.50283855206
138,3,7,1,1,2,luxe,698680.2431004231
89,6,2,0,1,58,luxe,496764.2579397525
235,3,0,0,1,72,populaire,807609.5702361579
103,6,10,0,1,12,centre,576469.0052868399
120,1,14,1,1,29,calme,530914.1272817086
103,6,8,0,0,52,luxe,579168.988078162
223,6,0,0,0,79,populaire,764406.3500482107
180,3,10,1,1,50,luxe,818361.1049137885
47,7,5,1,0,41,luxe,336163.0066895232
155,2,8,1,0,25,centre,632979.0127715593
20,3,13,1,0,58,populaire,52097.40744198846
184,3,1,1,0,68,populaire,611697.3222145743
82,3,3,1,0,78,calme,315842.5788347051
41,4,1,0,1,2,luxe,410950.72706554295
89,7,3,0,1,40,populaire,285255.3213193823
144,4,1,1,1,0,luxe,729502.7467917138
168,4,11,1,0,64,luxe,808294.7498243934
115,3,0,0,0,69,calme,362138.1373188046
182,2,10,0,0,74,calme,621859.2881257623
98,3,2,0,0,49,populaire,321990.5968521978
24,1,7,1,1,79,luxe,240097.0187918337
79,2,4,0,0,58,populaire,184992.81373444473
139,4,3,0,1,73,luxe,675916.7601791294
65,6,4,1,1,62,populaire,265832.32358563633
197,6,5,1,1,24,populaire,708661.4980219761
195,7,5,1,1,9,luxe,973111.3817185621
153,5,4,0,0,76,centre,628213.4778306008
236,7,11,1,0,0,calme,972938.9972320802
75,2,10,0,1,13,luxe,445738.6899695843
129,4,11,0,0,20,populaire,438452.26519788994
206,2,5,1,0,57,centre,776716.9025522823
176,2,8,0,0,37,populaire,625908.0230128203
218,6,4,1,1,0,centre,894469.4239992129
123,3,12,1,1,4,luxe,640479.7518286551
96,1,5,1,1,43,calme,396707.02844372287
249,5,3,1,1,64,populaire,899797.011047232
165,4,12,0,1,56,centre,705604.8021299549
21,2,2,1,1,44,centre,145045.91491442983
27,5,12,0,1,59,calme,166401.85942699647
94,2,11,0,0,65,populaire,272198.253593963
244,6,5,1,1,46,luxe,1071047.0858406096
201,1,10,0,0,25,luxe,875874.6322108448
144,6,10,1,1,8,populaire,585805.5002784001
57,5,4,1,0,50,calme,265966.46197568683
195,4,3,1,0,7,calme,776498.9917294814
46,2,4,0,0,4,calme,177810.53885284247
39,1,6,1,0,38,centre,254315.33595917467
159,6,0,1,1,67,centre,695569.2369065258
62,5,13,0,1,39,calme,259987.50825388683
208,6,14,1,1,35,populaire,859204.3534027804
50,2,0,1,1,20,luxe,372328.27594975475
110,2,10,1,1,25,centre,531396.4068401967
243,4,12,1,1,74,calme,900444.9514863881
80,1,0,1,1,55,centre,353726.0185920707
221,3,1,1,1,56,centre,880888.3333920364
214,6,8,0,1,58,calme,881644.4060663802
128,2,12,1,1,6,populaire,468145.12864356197
110,5,4,1,1,41,luxe,620708.3472275033
182,6,13,1,0,12,populaire,693376.2432234461
114,4,8,1,0,78,centre,514608.8206838835
162,4,12,0,0,33,populaire,534430.4911237468
163,2,4,1,0,52,populaire,539212.3125795987
32,2,14,0,0,45,luxe,202860.78552454463
132,2,13,1,1,56,calme,507228.1792930809
54,7,6,1,1,60,calme,271666.634895233
222,3,13,0,0,55,calme,831067.4000451767
206,2,13,0,1,28,populaire,691914.6282323978
168,6,14,1,0,13,populaire,707704.6411341553
201,6,5,1,1,67,luxe,946401.0418610412
222,7,1,1,1,70,calme,858628.3979129461
177,7,2,1,0,12,luxe,806861.3265402807
67,1,4,1,0,16,luxe,358894.18205521704
54,5,3,1,0,28,populaire,214917.618430729
105,2,13,0,1,72,calme,377731.5813368821
185,6,10,1,0,1,centre,859806.8243501409
178,7,5,1,1,61,centre,746807.095659812
225,6,7,1,1,19,populaire,871060.2327976692
171,6,7,0,1,55,populaire,615750.644538664
133,7,2,0,1,51,populaire,472324.2977087953
196,3,3,0,0,24,populaire,655208.1606288081
243,7,0,1,0,61,centre,920022.1398760893
119,7,1,0,0,16,calme,501192.88116014266
179,5,12,1,0,38,luxe,829551.604907825
202,7,8,1,1,9,centre,905874.3278330845
226,4,14,1,0,58,calme,856947.5668295043
205,7,11,1,0,24,populaire,774600.468619685
118,6,9,1,0,27,luxe,572716.3621714285
22,2,9,1,0,75,calme,129894.31448991578
227,6,1,1,1,60,calme,825478.5971569216
216,5,11,0,1,57,luxe,956156.7024641897
104,4,5,0,1,43,calme,468065.5765833103
144,7,13,0,1,22,calme,673915.4820208723
157,3,6,1,0,77,luxe,703480.5081330516
102,1,5,0,1,16,luxe,533235.6414044317
44,7,7,1,0,78,centre,227903.35510244276
87,2,8,0,0,37,populaire,241558.61458917006
80,1,7,0,0,29,populaire,256083.3220782816
48,3,4,1,0,18,calme,222617.57949551742
146,5,7,0,1,31,populaire,528621.4620748232
38,5,9,1,1,19,centre,317747.0866110461
190,3,14,0,0,63,calme,694588.7191481168
213,6,14,0,1,35,populaire,775959.3688707812
93,3,9,0,1,64,populaire,399099.69932387833
80,7,8,1,0,42,calme,368902.21380089456
190,2,13,1,0,25,luxe,874407.243617589
172,4,7,0,1,6,centre,770819.6217043705
39,7,1,0,0,33,calme,202989.3218370743
67,7,1,1,1,35,calme,325788.8880623223
230,7,11,0,0,5,populaire,823025.6076599685
106,1,2,0,0,36,luxe,506343.6788429855
171,1,6,1,0,61,populaire,555566.476876082
158,5,8,0,0,72,calme,550633.4357695295
129,7,7,0,1,59,calme,574554.3993601814
245,6,8,1,1,63,populaire,904242.4440622954
202,5,5,1,1,49,luxe,903602.9564883813
47,2,0,1,1,51,calme,197431.50624077316
216,3,13,1,0,16,centre,884577.3535735196
210,1,11,0,0,59,luxe,822549.8904729965
78,7,3,1,1,76,calme,329832.10883638146
152,2,12,1,1,53,luxe,729698.5851959662
70,5,5,0,1,9,luxe,461153.56611839175
168,5,14,1,1,24,centre,821245.180700627
31,1,11,1,1,17,calme,180479.94125421712
69,5,5,0,0,63,luxe,385922.2122940962
151,6,14,1,1,78,calme,627924.4240797175
132,5,7,1,1,58,calme,561658.0531589631
189,4,14,0,0,26,luxe,845936.7304295012
231,3,0,1,0,57,populaire,755375.3591174115
185,5,12,1,1,60,luxe,837637.4464282275
172,4,10,0,1,78,populaire,596959.9887599729
33,2,1,0,1,70,populaire,59584.124360172085
222,5,1,1,0,42,populaire,854986.2585144184
51,6,12,1,1,79,populaire,189906.49921702448
158,2,5,1,1,10,luxe,765458.0105269225
208,7,13,0,0,4,populaire,801247.7544203345
165,5,13,1,0,57,calme,645164.2371267796
174,1,10,1,0,38,luxe,792308.7604803618
74,4,6,0,0,47,centre,313658.1868549954
201,4,1,1,1,79,populaire,752527.4054978945
229,1,4,1,0,19,luxe,945161.2927583124
139,3,5,1,0,18,populaire,517787.15174403996
234,7,3,0,0,59,calme,882348.5261725079
94,6,0,0,1,25,populaire,363400.3836991291
40,4,2,1,0,78,luxe,310636.3395145071
191,2,13,1,1,24,calme,823881.2888811962
152,6,9,0,0,14,populaire,552604.5752016488
106,4,8,1,1,20,centre,499200.84448351926
188,7,12,0,1,46,populaire,722265.2771578562
78,3,5,0,1,34,populaire,277550.82701425056
108,7,1,0,0,43,calme,432060.7392174678
201,2,8,0,1,5,populaire,726009.2842022362
221,7,3,0,0,74,luxe,910535.4981247529
169,6,10,1,0,22,luxe,780900.8956041073
102,2,12,0,1,38,calme,431168.6737973868
84,1,7,1,0,72,luxe,412574.08898855606
83,5,9,1,1,17,centre,442906.90278477856
90,1,6,1,0,39,populaire,235895.79542416288
23,6,11,0,1,35,calme,177543.47230363052
212,5,10,1,0,27,luxe,1008794.890004316
162,1,2,1,1,63,centre,622999.9540616727
123,5,14,1,0,57,centre,537445.7376601902
223,4,7,0,0,37,calme,823009.3862345204
169,7,3,1,1,78,calme,683080.5058695511
233,2,1,0,0,43,luxe,976715.0690296742
194,5,10,0,0,75,populaire,634331.4868117166
228,4,4,1,1,1,centre,914860.3820486204
112,7,0,1,1,72,centre,494776.1785969503
193,7,12,0,1,34,calme,779752.5461011133
161,3,7,0,1,0,centre,701243.5336089382
197,1,13,1,1,45,calme,791318.5615889532
167,3,7,1,0,59,populaire,533795.4821828788
197,6,2,1,1,62,calme,779159.8567339213
131,4,0,1,0,44,populaire,462355.9843134683
180,3,3,1,0,56,luxe,790118.8419888509
138,3,8,0,0,36,calme,553867.0170778903
78,7,8,0,0,6,luxe,446336.99815615965
62,4,14,0,0,15,populaire,268143.7193843487
226,7,0,0,1,49,centre,911695.413656317
31,2,10,0,1,13,luxe,284804.2511721914
59,5,14,1,1,5,calme,404100.2936745115
137,6,6,0,1,60,calme,578286.0064197924
39,6,5,1,1,20,luxe,347181.60701579
241,1,13,0,1,9,luxe,1026208.2611497389
185,7,6,0,0,31,luxe,880894.306456767
150,5,6,1,1,5,calme,656080.1490284916
175,1,7,0,1,1,luxe,766582.511270023
203,6,7,0,1,38,luxe,969217.301000345
109,5,9,0,1,48,populaire,394133.3047736782
113,3,13,0,1,26,luxe,596410.6860646175
32,2,10,1,0,55,luxe,275775.33916526276
224,3,1,0,0,13,calme,817913.5699844899
85,2,11,0,0,22,calme,396403.73621313315
56,7,11,0,1,50,centre,310155.99378059816
196,4,11,0,1,24,calme,791207.5931590779
249,1,3,0,1,52,calme,879704.518029119
85,1,3,0,0,10,calme,375454.4628540403
55,4,12,0,0,34,calme,279535.3026036019
201,5,14,0,1,54,luxe,892163.8345675585
45,4,10,1,1,57,centre,228965.32183997027
94,7,9,1,0,67,calme,416330.9365588255
219,6,11,1,0,36,luxe,981855.1408528886
127,4,12,0,0,76,calme,426192.568918249
187,2,7,0,1,8,centre,786632.2076245234
62,6,13,1,0,27,populaire,290759.21783753537
169,4,12,1,1,54,populaire,618438.1609600399
167,1,12,1,1,45,centre,673577.8795136228
27,3,2,1,1,79,luxe,275686.0887579685
48,2,11,0,0,69,luxe,345763.7037065337
59,7,12,1,0,26,centre,336104.35548136104
237,2,14,0,0,9,populaire,879403.3398274228
177,5,12,1,0,22,calme,739339.1209654992
228,3,11,0,1,20,populaire,811708.5967887982
147,2,2,0,1,44,calme,548143.1204299493
103,4,12,0,1,2,centre,517497.30030302604
135,2,1,0,1,58,centre,568009.3959357818
202,2,0,1,0,42,centre,766684.0419249462
163,2,7,0,1,6,populaire,543566.7796462177
193,5,13,0,0,26,centre,799099.8933744001
81,2,8,1,1,61,populaire,301595.5444799609
26,2,8,1,0,41,luxe,286606.63423632784
227,5,10,1,1,3,calme,924142.2552236132
64,6,7,1,1,61,calme,326292.19063018734
206,3,4,0,0,7,calme,828163.2047686926
203,7,0,1,1,16,centre,899102.122758034
195,6,8,0,0,4,calme,856457.4268604743
174,1,5,1,1,62,centre,723790.4938694716
200,5,11,0,0,8,populaire,731075.5959629655
234,5,14,1,0,7,centre,982013.7891591795
107,2,6,1,0,6,calme,506418.45412894955
92,2,7,1,0,36,centre,379852.97652403475
182,7,12,1,1,54,centre,789961.7298302058
198,1,4,0,0,66,populaire,682083.3527952743
231,2,5,1,0,7,centre,987427.3425240682
56,4,11,0,0,68,calme,238829.95086205605
228,2,12,0,0,4,centre,868003.5812366968
242,2,6,1,1,16,luxe,1037281.7777336173
138,4,6,1,0,57,centre,594689.6530582412
76,1,1,0,1,62,luxe,362227.03137672506
27,4,13,0,1,26,calme,264850.6379712681
226,5,10,0,0,75,luxe,928940.691216845
114,4,11,0,0,67,luxe,583899.123124675
136,3,13,0,0,27,luxe,651384.1961645018
241,5,0,1,0,57,luxe,1010825.878867847
129,2,7,1,1,49,luxe,621439.7582734374
39,7,4,0,1,66,centre,231615.54200502107
143,5,9,1,0,30,populaire,521477.03338696825
72,1,14,0,0,11,luxe,450021.16313820635
138,1,1,1,1,54,calme,509653.15600183595
31,4,2,0,1,3,calme,196294.82065905642
196,5,5,1,0,41,centre,818414.4296701434
36,2,9,1,0,53,populaire,151885.164822723
83,1,5,0,0,21,populaire,320935.26870054274
61,6,7,1,0,0,luxe,422651.8962794882
113,2,4,0,0,47,calme,393195.82781668496
176,6,4,0,0,42,calme,720916.4081013228
166,3,6,1,1,19,centre,704174.6350335572
30,6,9,0,1,17,luxe,328880.4249805877
117,1,12,1,1,69,calme,409061.5891398176
197,4,13,1,1,48,luxe,914027.6514990414
90,3,14,0,0,75,populaire,277102.78959599475
127,5,4,1,0,16,luxe,683354.7714495527
77,2,14,0,1,52,luxe,459626.1511655868
53,1,8,0,0,21,centre,302077.0995756044
39,3,5,1,0,9,centre,294437.8628066932
69,3,6,0,0,23,populaire,228899.0726007264
121,1,11,1,1,11,populaire,459095.75795498
235,5,7,1,1,3,luxe,1074634.2894656707
157,5,12,0,1,41,calme,645730.9694935435
179,4,4,1,1,4,luxe,876118.1024188851
71,7,13,0,1,25,populaire,305660.3588263837
34,6,10,0,1,58,centre,250455.2837900974
248,5,3,0,1,61,centre,945692.6714473946
103,4,14,0,0,79,populaire,337111.57090699
150,6,11,1,1,4,luxe,799008.3508688293
56,3,14,0,0,25,calme,233656.4291871941
145,1,7,0,0,5,centre,617122.8574432197
59,5,11,0,1,23,luxe,466454.66404510505
91,4,9,1,0,52,calme,411492.15709757624
59,3,8,1,0,6,populaire,206120.97567499612
75,5,0,0,1,9,luxe,435579.481581174
170,2,2,1,0,38,calme,651765.5463905502
123,7,11,1,1,77,luxe,635062.6292128728
158,3,3,0,0,27,centre,637452.2132820628
129,5,12,0,0,41,populaire,389793.6240576993
211,3,6,1,0,61,centre,783705.9910892533
155,1,5,1,0,51,centre,645222.4062031952
112,1,9,1,1,21,luxe,596632.8286409902
113,7,9,0,1,56,populaire,487128.18060791586
75,1,10,1,1,10,luxe,493528.2777171331
79,6,0,1,0,13,calme,388393.2174949226
157,2,3,1,0,30,populaire,493456.93562952033
58,1,5,1,0,3,centre,325062.8816525477
47,2,2,0,0,21,centre,244797.9258131157
68,1,14,0,1,63,centre,279211.98725936224
183,6,1,0,0,76,luxe,815404.2509077744
144,3,1,1,1,78,luxe,644858.4800886974
32,5,9,0,0,60,luxe,282477.70928397024
243,5,11,1,0,5,populaire,887677.8032243
55,1,11,1,1,78,populaire,172359.06856162893
120,5,3,0,1,67,populaire,404155.2334509939
45,1,12,1,1,5,populaire,269985.82514367404
105,1,0,1,1,65,calme,370949.7736180174
23,7,14,1,0,35,centre,217596.9501388328
242,4,9,0,1,14,luxe,1068671.779744351
101,4,1,0,1,75,luxe,483675.9686544868
211,7,12,0,0,39,calme,840657.9834402722
185,4,9,0,0,40,centre,794768.4323182702
146,2,14,0,0,6,centre,603712.269191511
107,4,1,0,0,21,calme,438891.8858070709
146,1,3,0,1,71,populaire,437241.3442034375
139,6,3,0,1,10,centre,622509.6019360871
234,6,0,0,0,1,populaire,853871.0922056958
41,3,6,0,1,29,calme,216814.55348296856
149,4,6,1,1,67,luxe,744906.7122296717
50,6,9,0,0,52,luxe,335297.24804970017
138,4,10,1,1,20,luxe,700574.6052705931
30,3,9,1,1,24,luxe,258175.20789379088
239,6,9,0,0,72,centre,936158.3911084023
65,1,0,0,1,71,populaire,170156.6064982367
115,2,10,1,1,4,luxe,641347.6467355471
209,7,7,0,0,65,luxe,907738.326243622
216,7,9,0,1,48,luxe,911636.7962250503
211,7,13,1,0,7,calme,934562.7847412664
249,4,13,0,0,78,centre,948567.8487946927
29,6,6,0,0,26,calme,198626.58604376664
187,6,6,1,0,1,populaire,773303.51280162
147,3,10,1,0,27,luxe,687854.098852603
171,1,5,1,0,10,centre,661955.2620855432
118,5,11,0,1,45,centre,507357.1173419245
191,6,3,1,0,20,centre,808515.254983809
131,2,10,0,1,41,calme,514080.4671365646
79,3,7,0,0,31,calme,378282.61425608577
209,6,1,0,0,31,calme,814197.9685178411
106,6,6,1,0,70,calme,384365.35929931706
164,3,2,0,1,21,populaire,566566.1619283076
84,3,13,0,1,77,luxe,425147.3578980722
242,4,2,1,0,76,luxe,972024.2227720075
242,6,13,1,1,20,calme,966980.3928089958
76,5,6,0,0,21,calme,310469.77487610315
202,2,11,1,0,33,calme,775473.9683524435
125,1,2,0,1,9,populaire,428749.1421873383
200,1,14,0,0,64,populaire,616160.206297316
203,5,14,0,0,64,centre,852625.9321493475
245,3,4,1,1,66,luxe,1012579.1767348612
28,3,7,1,0,42,calme,214704.5810428827
41,3,13,0,0,40,centre,273297.54044227075
160,6,12,0,1,12,luxe,788164.6269025
108,3,3,0,1,3,centre,566381.6264557058
195,3,6,0,0,22,populaire,715666.671873662
37,6,6,1,0,69,populaire,110181.80418369357
134,6,1,1,1,33,centre,603553.4512426045
223,5,13,1,1,40,centre,940463.3939600514
187,4,7,1,0,17,luxe,850048.1668570132
164,6,9,1,1,32,calme,725938.6196119321
162,2,11,0,1,24,luxe,766779.4629031938
125,3,9,1,1,51,luxe,650975.2713440688
34,4,14,0,0,16,populaire,170016.87961890802
226,1,13,0,0,50,populaire,736618.7018513456
82,5,8,1,0,2,centre,397555.967496642
186,4,5,1,0,54,populaire,620111.8304733641
32,6,13,0,0,55,luxe,356375.5912269139
100,3,4,0,1,34,centre,483394.3830829776
51,3,0,0,1,67,centre,245076.29672172072
156,3,0,1,1,58,populaire,574696.8361671995
59,4,8,1,0,58,calme,260491.5963004568
167,3,13,1,0,12,populaire,626907.37229761
237,6,3,1,1,61,centre,961025.8905554354
238,4,0,0,1,46,centre,914671.6641597969
232,3,10,1,1,75,calme,835334.5806030699
101,1,9,0,1,2,luxe,562615.13568552
96,1,11,1,0,20,centre,443633.3542387779
227,2,2,1,0,64,calme,802375.1167972815
220,3,5,1,1,17,luxe,994075.5442974588
210,3,13,0,0,12,populaire,747684.0039206535
95,4,10,0,0,70,calme,386152.87479176593
191,4,12,1,0,76,luxe,785325.6048114608
57,7,12,0,0,44,centre,291233.5785031221
230,3,10,0,1,61,centre,854407.2729536649
207,2,7,1,1,29,calme,804845.015801907
90,3,12,1,0,74,populaire,249665.67380054394
246,6,9,0,1,13,calme,1038245.2018215975
67,4,1,1,0,52,centre,370621.80913956335
37,3,7,0,1,9,luxe,346383.15963354724
163,4,13,0,1,71,populaire,593315.7587874297
202,3,12,1,1,30,luxe,890450.624231779
58,5,0,0,1,5,calme,342765.5846152352
215,4,10,1,1,18,calme,860348.1325357561
206,2,1,0,1,11,luxe,900493.1213341687
108,5,7,0,1,63,luxe,543167.0986853682
243,6,6,0,0,54,luxe,997129.823399341
81,3,4,0,1,66,calme,332996.35302953474
160,7,14,0,0,8,luxe,783772.3323883453
128,6,12,0,1,5,centre,619105.2113104551
100,4,9,1,1,0,luxe,524922.3180540816
248,5,1,0,1,41,centre,990247.3647810919
153,6,8,0,0,54,centre,634414.4797839867
230,2,4,0,0,48,luxe,906824.7908931024
96,7,7,1,0,29,populaire,378847.2589564565
207,4,12,0,0,34,populaire,720524.7075876376
109,5,3,0,0,62,populaire,309121.9125219701
33,6,13,0,1,21,centre,329207.65118503926
114,5,8,1,0,42,populaire,460482.3878944859
73,5,9,1,0,27,populaire,312910.4066012563
151,6,6,1,0,17,luxe,785970.6308389563
58,1,1,0,1,31,calme,229053.13410759225
91,3,2,0,1,68,centre,384230.66748574085
44,4,13,0,1,53,calme,210943.9876890388
96,4,1,1,0,33,centre,447553.8276562412
179,7,4,0,1,30,centre,803130.6569685666
206,7,1,1,0,3,populaire,782747.32740865
249,7,4,1,1,13,luxe,1082842.3806891371
210,4,12,0,1,14,calme,857440.7605941324
185,5,8,0,1,59,calme,696351.6100731561
139,7,1,1,1,19,populaire,582502.0096381657
239,6,8,0,1,19,calme,1009741.5548108364
72,3,6,1,0,48,calme,332990.19487540587
241,2,6,1,0,67,centre,897031.0700367921
214,4,13,0,1,17,luxe,971436.8939215501
175,6,4,0,0,23,luxe,804634.8402809046
150,3,7,0,1,26,calme,576055.4776752058
245,3,6,0,1,32,calme,911591.0357119272
227,1,5,0,1,63,centre,846934.3943175881
169,6,1,0,1,24,populaire,622815.1577946981
115,4,5,0,1,68,centre,447769.2820598503
185,7,13,1,1,17,populaire,742854.5469053355
219,5,1,0,1,44,populaire,772742.6821218993
91,7,0,0,0,19,centre,381899.40936901997
81,3,8,0,0,34,luxe,441782.8418917807
204,3,12,0,1,5,centre,792540.8349707889
25,2,4,1,0,74,populaire,5957.218435314782
225,7,9,0,1,8,luxe,1002002.1679244553
51,1,9,1,0,51,luxe,313544.8247987146
118,3,3,1,0,27,centre,496537.2756378694
157,3,11,1,1,18,luxe,758384.7279474407
150,5,10,1,1,62,luxe,774937.2972614991
206,5,7,1,0,6,centre,844989.2442786003
95,2,14,0,1,36,calme,437486.7992052791
196,6,4,1,0,35,luxe,901963.1212398376
78,2,13,1,1,16,centre,429467.89812371647
50,2,6,0,0,36,centre,287962.96941387054
112,5,2,1,0,59,calme,428337.22686788253
88,7,14,0,0,48,luxe,503528.30949605326
209,7,7,0,1,55,populaire,735091.2461503433
71,7,7,0,0,33,populaire,207986.3563997473
108,6,2,0,1,29,luxe,586131.9403008672
146,5,8,1,1,26,luxe,787627.1585472397
188,1,13,1,1,50,centre,717493.7805221956
50,4,7,1,1,8,centre,297488.8363136881
232,4,0,0,1,19,populaire,841992.9778517813
103,1,7,0,0,46,luxe,481728.45552501944
146,7,11,0,1,18,centre,730050.2400815448
169,4,10,1,1,67,populaire,584175.2828995008
151,6,14,0,0,76,populaire,566468.9784058133
32,5,3,1,0,11,calme,225344.56091378996
64,4,5,1,1,72,luxe,420910.54075112275
146,6,13,0,1,78,calme,554901.4697217607
189,5,12,0,1,78,centre,750828.0007961405
133,6,9,0,0,4,centre,624388.983692056
196,1,8,0,1,68,populaire,654579.2979374093
39,2,4,0,1,24,centre,218633.74056661373
224,1,6,1,0,30,calme,815910.6455678724
100,4,12,1,0,45,luxe,580215.92019506
201,5,14,0,0,33,populaire,755571.3984543226
183,6,0,0,1,40,populaire,623604.9048605008
244,4,8,0,1,77,centre,940924.6929567911
148,4,13,1,1,67,populaire,568265.228901075
162,2,5,1,0,37,populaire,533022.8175200038
224,7,10,1,0,45,luxe,1009861.7672058432
36,4,3,1,1,68,populaire,136118.18995378126
171,2,5,0,0,26,luxe,701816.185620068
77,5,4,1,0,42,calme,317222.93953376246
91,5,2,1,0,77,populaire,274678.64739002794
238,6,6,0,0,70,calme,875004.3085086173
128,7,2,0,1,44,luxe,631510.989469474
42,2,12,1,1,17,populaire,200782.93785203263
193,1,13,0,0,31,centre,750892.269050979
91,5,14,0,0,1,centre,428717.3805411962
27,7,12,0,0,40,populaire,47108.63271950105
78,6,1,1,0,19,luxe,464851.401510126
237,1,13,1,0,57,centre,908132.3501091991
130,5,3,0,1,37,calme,533859.0857179294
206,5,6,0,0,0,luxe,900477.220254119
32,6,4,1,1,68,luxe,321991.26298303995
186,6,13,1,1,53,populaire,687047.342887174
248,3,8,0,0,13,calme,966536.9810315629
175,4,9,0,1,24,luxe,843203.1130291553
236,4,14,1,0,8,populaire,905604.770564653
208,1,6,0,0,60,calme,749188.0120944979
35,4,11,1,0,51,luxe,262822.59181629494
138,1,13,0,1,7,centre,605920.5478942748
21,7,8,1,1,15,calme,264236.2399316721
229,5,13,0,1,7,luxe,1033079.8755824374
164,3,8,1,0,22,calme,606793.590643154
49,3,11,0,1,72,centre,272974.37751739606
122,5,1,0,1,33,luxe,632121.9052662596
32,6,14,0,1,17,centre,279692.3825647148
115,2,0,0,0,43,populaire,350913.1975091476
240,2,10,1,1,14,populaire,887939.7104454933
113,4,3,0,0,14,luxe,600065.9254017079
101,6,3,1,1,22,luxe,584876.6764879337
32,1,12,1,1,64,calme,174425.9683005783
190,7,1,0,1,70,luxe,886993.331812212
232,3,2,1,0,31,populaire,801871.1513727132
113,4,2,0,0,31,luxe,639176.8088848693
168,5,4,1,1,32,calme,743466.1650651289
131,6,0,0,1,42,populaire,462304.8344634129
74,3,8,0,0,12,luxe,504210.5458755987
100,1,7,1,0,8,centre,444976.35982183303
187,1,7,1,1,61,centre,805631.3751345004
230,2,2,0,1,56,centre,865294.5060480386
135,4,1,1,0,47,centre,577937.2712873224
162,5,0,0,1,42,calme,649854.0830027355
220,3,11,0,0,66,centre,824528.6926107006
199,7,5,1,1,31,centre,873980.2397786748
221,1,12,0,1,72,luxe,940317.1395564909
127,3,9,1,1,59,centre,551066.3517970346
242,5,0,0,1,0,centre,1004854.6533187839
72,3,13,0,0,56,luxe,426338.6448245484
234,4,10,0,1,68,populaire,777682.5288301505
147,2,4,1,1,68,calme,552026.347488557
199,3,8,0,1,67,calme,773249.9359447508
177,6,10,0,1,60,populaire,631159.9391468434
180,2,8,1,1,7,luxe,861983.2588175439
76,5,12,0,1,6,populaire,284291.6636502876
71,2,11,1,0,36,calme,312622.2754492378
156,3,14,1,1,41,calme,633790.3443800133
201,3,3,1,0,31,populaire,705011.5568628433
130,6,6,0,0,16,centre,585987.2395472999
20,1,13,1,0,27,calme,171103.06893603556
63,6,10,0,0,69,populaire,184270.38099012125
246,3,6,1,1,47,centre,960491.4916890612
94,7,3,0,1,53,centre,428519.97375943104
117,2,4,1,1,41,luxe,541866.6718389118
227,6,10,1,0,35,populaire,832441.864344844
28,6,8,1,1,65,calme,155759.35278733703
51,7,6,0,0,30,luxe,387870.2026962506
34,7,6,1,0,64,calme,200156.4572526772
159,7,9,0,1,2,centre,747243.4729236807
244,1,6,0,0,12,populaire,861330.7092239124
225,3,14,0,0,30,centre,825408.9611591713
204,3,8,0,0,28,centre,856860.4795086272
155,5,4,0,0,56,centre,622694.4490868058
91,1,5,0,1,32,populaire,327086.04459302896
174,5,2,1,0,52,luxe,746029.126412944
209,5,0,1,0,9,calme,789252.6902577488
31,5,10,0,0,62,centre,211774.1120679979
84,4,11,0,1,72,calme,365733.6314882191
126,5,1,1,1,64,calme,467152.31622939545
61,6,7,1,0,1,luxe,469421.73840174044
209,2,12,0,1,1,populaire,795523.4759164393
134,6,0,1,1,68,calme,554864.7509981662
158,6,9,0,1,73,luxe,732587.9766947442
122,3,6,1,1,36,calme,517311.19099226216
190,4,4,1,0,1,centre,858324.3480749993
114,5,12,1,0,60,luxe,560581.8831027547
36,3,5,1,1,39,populaire,168287.7060776212
244,1,7,1,1,62,populaire,843635.2269655851
179,1,3,0,1,24,centre,677343.0480690884
240,3,5,0,1,37,centre,900267.06969326
232,2,13,1,1,36,calme,902044.9169071721
104,3,10,0,1,26,luxe,510013.3253514754
187,3,2,0,1,49,luxe,737615.5200538638
170,4,6,1,0,33,luxe,878054.9879688625
75,1,1,0,0,43,luxe,352509.9482417347
153,1,11,0,1,71,calme,584071.3362169625
105,5,7,1,1,3,luxe,620523.9944360451
197,6,12,0,0,51,luxe,942300.17028964
121,3,6,1,0,54,populaire,463255.2359747834
184,3,11,1,1,72,populaire,655842.4322036579
211,2,11,0,0,11,calme,766941.201392558
73,7,7,1,0,13,centre,467510.1437471987
219,7,1,0,1,34,populaire,767245.1191678545
196,1,2,0,0,5,centre,807153.1116135798
246,2,11,1,1,46,calme,902302.3545504417
134,4,3,0,0,22,populaire,458031.15313687566
158,5,11,0,1,67,populaire,627753.709661468
107,2,8,0,0,64,calme,393876.0468223266
68,1,11,0,0,58,luxe,338569.2203148948
168,4,11,0,1,8,calme,695451.4791465157
134,3,4,0,0,57,centre,537152.8203453423
213,4,5,0,0,47,centre,802904.6208815321
82,6,0,1,1,62,luxe,489569.56032733375
123,2,3,0,0,8,calme,464054.81918442843
102,1,13,1,0,43,calme,340769.35126694187
122,2,3,1,1,45,luxe,586457.6955352278
175,3,9,0,1,14,calme,688308.8536438108
36,7,7,1,1,52,populaire,177366.78465157517
25,3,7,1,1,47,calme,153500.50067240265
166,1,9,1,1,71,populaire,578973.1614244725
203,6,5,0,1,41,calme,821001.7341442124
249,5,7,1,1,16,populaire,874229.6221489394
47,4,8,1,1,34,centre,300053.86518226523
213,4,4,1,0,30,luxe,915163.5328606578
57,3,0,1,0,3,centre,312322.34925021883
138,2,0,1,1,47,populaire,417233.74955478706
56,7,1,1,0,13,luxe,324848.25299946335
134,2,1,0,1,24,centre,611886.0576275598
87,6,4,1,0,45,centre,415396.10509085044
233,5,6,1,0,47,populaire,834266.0888556652
237,2,6,0,1,39,calme,861863.6191395492
196,4,14,0,0,49,calme,701912.7550302881
62,7,3,1,0,6,populaire,265627.90575796046
183,2,12,1,0,59,centre,690110.9808704542
77,7,3,0,1,34,calme,389753.600775185
32,5,13,1,0,62,calme,191060.96531518904
71,4,13,1,0,19,centre,410335.65009301517
77,7,10,0,1,15,populaire,356102.9833482991
51,2,14,1,0,21,populaire,142281.10660562787
228,4,9,0,0,35,calme,850048.543373818
124,3,2,1,0,18,populaire,420374.0539929494
247,3,10,1,0,1,centre,1013523.7948237326
207,6,1,0,1,67,populaire,699825.7776297372
102,3,2,0,1,6,luxe,564273.108351608
205,2,7,1,1,46,populaire,731209.3613766123
118,5,14,1,0,48,populaire,430331.0103922746
123,4,0,1,1,77,populaire,416892.07495431846
203,7,3,0,0,42,luxe,905788.8092422229
47,1,6,0,0,31,centre,239209.48239303785
148,3,4,0,1,16,populaire,550684.8377421952
189,3,1,0,1,13,calme,760350.748809088
229,1,0,0,1,31,populaire,769527.8322858497
67,7,5,0,0,59,luxe,383226.629962177
59,7,12,1,0,59,luxe,416924.6640346029
116,1,12,0,0,51,calme,411649.70652833243
210,7,4,0,0,65,luxe,897712.285672947
223,2,2,0,1,3,luxe,967473.7295981523
219,7,10,0,1,62,luxe,1015097.3703042356
235,4,10,1,0,32,centre,968256.1237858508
227,7,14,0,0,0,luxe,1079502.527364919
133,3,10,1,1,63,populaire,479836.9702437959
151,5,8,0,1,36,calme,627112.0914455982
185,2,2,1,0,77,populaire,601968.9856509921
174,2,1,0,1,69,populaire,548276.3352047566
156,7,4,0,0,6,calme,623761.7859011616
130,5,8,0,0,23,centre,595424.7090341058
163,5,7,0,0,67,centre,662834.3878085283
203,6,5,1,0,54,luxe,934319.4933374804
95,5,2,1,1,2,centre,525254.8022487425
50,7,5,0,1,22,centre,319920.5219359903
235,7,4,0,0,35,luxe,982065.2342728064
138,1,0,1,0,56,centre,542463.5534425182
161,3,4,1,0,47,centre,650249.2501228604
44,6,13,1,0,12,luxe,376170.42780504003
53,7,6,0,0,60,populaire,203882.5447542644
86,1,8,1,1,23,populaire,283366.01534995605
171,6,11,0,0,42,calme,659922.425442689
137,3,14,0,1,32,centre,691062.044811422
92,6,0,1,0,77,luxe,440467.2843735901
45,1,2,0,0,23,luxe,311754.65872888
167,4,7,0,0,21,centre,727655.7273283363
211,7,5,1,0,51,centre,887909.6349228217
123,3,12,0,1,5,luxe,669805.4021133016
29,2,4,1,1,18,luxe,310053.33285288536
230,3,12,1,1,75,luxe,968515.542660876
86,3,9,1,0,28,calme,419100.8497447955
171,3,1,0,1,63,populaire,608947.5702352608
24,4,2,1,0,13,luxe,310105.9646064702
214,7,11,1,0,29,populaire,855010.7282779667
205,1,1,0,1,70,centre,788080.8483993851
46,7,0,0,0,20,populaire,181015.55342685615
227,2,6,1,0,64,populaire,736775.989882055
132,1,13,0,1,3,populaire,506103.38608333404
34,6,2,0,1,45,centre,246729.52332606853
182,6,6,0,0,7,populaire,695882.2344547873
223,6,11,0,1,17,populaire,891483.0927238112
124,1,6,0,1,59,calme,445673.3842136141
200,5,7,1,1,44,centre,830439.851577242
63,4,0,1,0,71,populaire,193479.5317443709
45,5,4,1,0,30,centre,276048.4636001382
194,7,9,0,1,27,luxe,855041.75524988
181,6,8,0,0,63,populaire,612674.3584027857
234,4,11,1,0,36,centre,910479.8051022633
114,1,10,1,1,66,populaire,419042.58034189086
197,6,6,1,1,78,populaire,673680.7763374773
103,1,0,0,1,67,luxe,472231.8402703017
159,4,7,1,0,34,calme,633050.4750748909
234,1,2,0,0,35,centre,892958.2042678029
151,1,12,1,0,56,populaire,509301.88945848466
106,2,3,1,0,69,luxe,502410.1346459233
195,7,3,0,1,3,luxe,899114.250912614
202,5,14,0,1,48,calme,788771.9383610456
131,5,9,1,1,38,calme,521895.5064715283
148,5,13,1,1,17,luxe,773366.1222106481
108,3,11,1,1,59,luxe,532899.2694154227
85,2,7,0,0,9,centre,442956.0724038464
177,6,0,0,1,22,centre,698172.0453535782
150,6,7,1,0,67,luxe,754733.616025039
141,6,8,1,0,58,luxe,683506.6494798881
168,5,8,1,1,6,calme,713805.0239075003
236,7,4,0,0,12,centre,988514.5173726586
103,5,3,1,0,2,luxe,623359.6002083907
196,7,3,1,1,39,centre,894583.7510256013
135,2,8,0,0,10,centre,578366.0085718957
233,7,14,1,1,79,luxe,959649.2677370182
232,1,7,1,1,50,luxe,968473.9737604143
209,5,9,0,0,22,populaire,741612.8213536274
244,6,14,0,0,31,centre,1010669.3792050196
135,1,9,1,1,40,centre,563099.1877669429
57,5,11,0,0,41,calme,236552.9370982038
162,4,6,0,1,37,calme,626315.4416277396
129,3,11,0,1,66,calme,538465.2781337365
199,5,2,0,1,71,centre,783408.7748195031
226,4,3,0,1,77,luxe,959484.5997549016
65,2,14,0,1,71,luxe,362092.19996901334
44,4,8,0,1,74,luxe,341314.22522925993
40,2,13,1,0,41,centre,213938.23758259884
235,5,12,0,1,42,luxe,1001786.9754652891
140,2,7,0,0,32,calme,573002.9950080499
141,4,11,0,0,78,luxe,667143.7406004289
152,7,11,0,0,36,luxe,680792.7692043814
89,3,0,1,1,77,calme,369348.0419176616
132,1,2,1,1,56,populaire,394826.3809492103
126,1,13,0,0,63,populaire,425920.66270778986
131,3,11,1,1,63,populaire,493618.26061877643
127,6,9,1,0,59,centre,605798.9777947923
66,1,1,1,1,51,centre,358114.3422446074
234,5,1,1,1,71,calme,882069.1604368597
215,6,12,1,1,67,populaire,777066.0495843476
110,5,12,0,0,26,centre,512366.99765484326
37,4,7,0,0,58,luxe,271728.3454081737
168,4,5,0,0,18,populaire,592211.9472652923
239,6,11,1,1,2,populaire,925898.2023268687
246,6,11,0,1,72,centre,1004818.6294419843
233,6,11,1,0,38,populaire,815663.6954321921
123,6,12,0,0,65,calme,521898.4764779125
170,2,5,0,0,72,calme,592746.9806746847
211,7,3,0,1,55,centre,815332.5471119939
214,6,0,0,0,5,populaire,801834.9925103439
59,7,10,1,1,27,calme,297903.7462353411
157,6,6,0,1,47,populaire,577101.6217760785
108,4,7,0,0,47,calme,488607.2992189069
199,5,1,1,1,66,calme,744052.6693171677
219,7,1,1,1,53,populaire,789265.1781683848
222,4,0,0,1,15,centre,925593.4636364796
80,1,3,0,1,34,centre,381055.3140947355
211,2,5,1,0,74,centre,808568.3972844707
24,2,13,1,1,29,populaire,102353.65347251733
141,5,4,0,0,47,populaire,498738.5631540253
200,6,3,1,1,68,populaire,695920.7032422903
74,4,13,1,0,7,centre,427000.24952085747
56,1,3,0,1,50,populaire,158102.4980036434
75,4,9,0,0,9,centre,414415.0111519157
206,6,14,0,1,27,calme,869127.5826868232
121,6,6,1,0,35,centre,568564.7267688446
112,3,6,0,0,59,centre,431926.27883312985
216,4,1,0,0,9,luxe,893766.0137010851
92,5,12,0,1,13,luxe,519022.4549023569
78,4,6,1,1,62,centre,348798.1779401297
21,2,1,0,0,46,luxe,289250.12091761536
212,1,3,0,1,68,populaire,709778.7247685221
123,7,14,1,0,55,luxe,645294.7734670024
207,5,0,1,0,5,luxe,917907.3169109937
70,3,4,0,1,18,luxe,463126.1288652582
49,1,0,0,1,51,centre,224723.66128615674
30,1,3,0,1,61,calme,130259.8292742879
239,7,12,1,1,48,calme,975471.4851075487
127,2,8,0,1,77,calme,476001.47967272426
95,2,12,0,1,10,calme,428548.5532382873
186,2,11,1,0,45,calme,672562.3593257432
109,5,7,1,0,68,calme,434296.50109582377
224,4,5,0,0,44,centre,902591.15890495
142,1,14,1,1,57,populaire,515622.21655601996
219,4,7,0,0,31,populaire,779037.3721200736
210,4,4,0,1,9,calme,858457.2241684793
211,2,6,1,1,12,luxe,907574.4881605415
208,4,7,1,1,12,luxe,950196.13258955
144,1,6,1,0,35,centre,584771.5263259279
201,1,13,1,0,72,calme,690367.2180263813
239,6,3,0,1,18,calme,959943.0152319778
141,3,4,1,0,6,luxe,710983.2691041902
113,5,12,1,1,14,calme,535423.6084497493
220,4,13,0,1,45,calme,857028.8674882997
122,5,9,0,0,77,luxe,550154.5202121617
242,5,5,0,1,47,populaire,842460.7315058169
205,5,13,1,1,65,populaire,702627.7935249833
232,7,13,0,1,77,centre,925443.5133777627
203,6,11,1,1,3,luxe,956603.3682888909
181,5,10,1,0,2,centre,772414.510934854
50,6,5,1,0,2,calme,299662.3077308642
71,1,12,1,1,74,luxe,382375.6571749779
108,7,8,0,1,68,populaire,353780.0288216052
95,4,9,0,1,27,calme,406877.03986687
148,6,13,0,0,22,populaire,558026.9352699992
202,3,13,0,0,29,populaire,681083.5578862524
41,5,1,0,0,61,centre,225032.2988244695
59,7,5,1,0,50,luxe,403768.9787868596
120,3,12,1,0,40,luxe,572757.4281700001
130,1,2,1,1,63,luxe,614387.2049137163
148,1,13,1,0,42,centre,648622.0773906744
84,2,1,0,0,75,populaire,218874.99839810544
210,5,5,1,1,57,centre,846661.2646990982
201,2,3,1,0,58,luxe,826934.442429692
189,7,4,1,1,39,calme,759748.645551481
168,3,4,1,1,45,luxe,737917.9826349521
98,4,2,1,0,61,luxe,494448.5338699312
228,2,11,1,0,48,populaire,764148.5977311126
41,1,3,0,0,78,luxe,153514.74784644338
185,5,2,0,0,22,luxe,890443.7406829683
118,3,6,1,1,43,populaire,477920.2629829867
227,6,14,1,1,43,luxe,1027846.9296811378
27,7,0,1,0,18,luxe,272510.1900252903
209,7,14,1,1,43,populaire,870472.543178557
194,1,5,1,1,10,calme,779585.7993225956
36,6,3,0,1,59,populaire,121994.70039741798
36,7,0,0,0,37,luxe,354393.40512744803
109,4,0,1,1,2,centre,504633.0937845499
160,5,4,0,1,15,calme,600695.9792287495
164,4,13,1,1,8,populaire,627403.474840652
185,7,4,1,0,40,calme,762097.7973246286
100,4,9,0,1,37,calme,499373.92323255836
97,7,6,0,1,68,centre,432115.17688132153
192,5,12,0,1,64,centre,747058.9368308729
25,5,11,0,1,34,centre,226483.91382792426
182,6,3,1,1,34,luxe,853657.8714648802
129,4,13,0,1,75,populaire,499013.28224122286
33,3,8,0,1,47,luxe,292124.07079149754
91,6,3,0,0,7,populaire,420891.3629874085
208,5,6,1,0,26,luxe,970274.0109413486
162,1,4,1,0,8,luxe,769707.1985268045
73,7,14,1,0,29,centre,375576.8287602134
46,6,4,0,0,13,luxe,354169.0566630078
32,2,5,0,0,22,centre,207685.31572569264
178,3,7,0,1,28,populaire,560442.9206842784
182,7,14,1,0,25,centre,785008.3574687071
79,6,4,0,0,14,calme,360835.2734873745
25,5,14,0,0,72,calme,109969.35874715843
216,5,2,1,0,72,luxe,966399.0335905304
233,3,5,0,1,66,calme,864381.5711714842
77,2,13,0,1,15,populaire,294306.71579388506
68,6,11,0,1,12,luxe,422834.8298826368
170,6,13,0,1,23,centre,742101.1037267668
236,4,1,1,0,61,luxe,1019864.9184695579
181,1,11,1,1,56,luxe,776238.2876270578
45,5,11,1,0,35,calme,237556.311565977
66,6,7,0,1,59,luxe,376974.17184223735
24,6,7,0,0,72,populaire,70994.63843694825
237,7,14,1,0,21,luxe,1081096.7527768011
39,7,2,0,1,2,centre,314047.7057018
153,6,11,1,1,35,centre,662167.5128949714
217,2,7,1,1,35,calme,848821.8897791726
78,1,8,0,1,9,luxe,447665.6311474327
211,6,4,1,1,20,centre,908631.3895235129
165,3,4,1,1,48,luxe,776216.6645119969
151,5,5,1,1,8,luxe,778114.4558560764
36,4,6,1,0,78,centre,214614.15082613658
33,7,2,1,1,51,luxe,344210.1435350327
225,3,4,1,0,47,calme,859707.108533557
32,5,0,0,0,59,calme,172257.00653191938
154,7,10,1,1,49,centre,731020.7265782788
147,2,9,1,0,38,populaire,522540.76792599645
63,7,4,0,1,15,populaire,308746.1761825933
138,1,3,0,0,27,luxe,627137.5705048749
162,1,0,1,1,5,calme,667641.9780122379
38,5,6,0,1,60,centre,221280.19120834745
82,3,14,0,1,5,calme,347175.3352621976
182,4,0,1,1,65,populaire,670530.3863823202
100,2,12,0,1,39,populaire,360817.9340547178
182,5,7,1,0,70,luxe,801084.371885188
166,2,13,1,1,61,centre,707963.8757202385
167,1,9,1,1,27,luxe,750597.040216839
119,6,11,1,0,79,calme,471295.7698572616
182,6,1,0,1,46,calme,695474.6961819353
179,4,9,1,0,8,populaire,665881.0112136886
141,2,12,0,1,51,luxe,644774.5409126855
195,5,11,0,0,14,calme,763879.9411749039
63,4,4,1,1,33,calme,322122.2182785578
123,7,12,1,1,19,calme,524650.9493889448
171,7,5,0,0,77,centre,721031.7761458831
80,3,8,1,0,59,populaire,240646.23513754376
144,6,14,1,0,57,luxe,714582.7342098029
164,5,13,1,0,74,calme,647289.8082414654
90,2,6,0,0,66,centre,352087.045480851
126,4,5,0,1,1,calme,563026.5472725232
69,5,4,0,1,49,calme,278013.28372292646
84,4,5,0,0,13,populaire,294574.6106711524
118,4,14,1,0,55,centre,513738.3508624696
51,4,13,1,0,68,calme,245133.55561717006
183,2,10,0,1,43,populaire,627302.1214577885
160,5,3,0,1,45,centre,666143.1843142147
217,1,0,0,0,5,calme,829372.8078058528
77,1,14,0,1,7,luxe,482390.2626356238
147,2,11,0,0,38,populaire,568630.6030111447
161,7,8,1,1,43,calme,654332.8801067597
184,2,10,0,0,26,calme,659437.5158121277
131,6,4,0,0,15,centre,648837.0865367191
226,4,7,1,1,38,luxe,999871.5837387638
87,5,6,1,1,0,populaire,421460.13778512325
59,5,7,1,0,50,centre,285337.5094707145
206,3,0,0,0,62,calme,714356.305334012
227,3,8,1,1,32,populaire,827513.9361121309
239,1,0,0,0,49,calme,837509.1418505128
163,3,2,0,0,53,calme,589216.8837244246
209,3,7,1,0,26,luxe,866994.4427669058
151,1,11,0,0,78,calme,519060.7614902839
192,6,10,0,0,18,populaire,724235.9824700399
109,7,0,1,0,27,calme,469385.27108471905
47,1,13,1,1,22,populaire,222900.5338002248
115,7,0,1,1,63,luxe,624005.2049685869
213,3,5,1,0,38,calme,809045.6401106813
50,5,4,1,0,48,centre,258200.44378059387
22,3,10,1,1,58,populaire,94736.06608564235
155,4,5,1,0,19,calme,643418.3153312379
43,7,2,1,1,60,centre,282459.55916020635
34,7,9,1,1,8,populaire,191622.1439814755
190,4,11,1,0,22,centre,825331.4132692774
178,4,9,0,0,6,calme,727854.5964123046
220,6,5,0,0,30,luxe,948028.5268848768
64,2,1,0,1,59,luxe,361661.1101741324
213,4,7,1,1,60,centre,826836.0166126956
27,7,14,0,0,74,calme,101891.61417523521
90,5,11,0,0,25,calme,356179.72029847826
127,7,5,0,0,53,populaire,459359.97381351964
134,7,12,0,1,30,calme,584032.4831002831
122,6,12,0,0,40,luxe,633599.2571519789
144,2,3,1,1,27,calme,602921.1065459222
76,2,3,1,0,5,populaire,292428.3881442305
227,4,13,1,0,33,populaire,803186.164503921
246,3,10,0,1,8,calme,975353.4866795167
49,7,6,0,1,11,calme,290857.5542870749
221,1,13,1,1,15,populaire,799820.4877822722
249,3,2,1,1,70,populaire,882015.493567758
165,3,10,1,1,30,centre,729612.2347432676
133,2,2,0,1,32,luxe,614981.0164628864
216,2,5,1,0,6,luxe,920472.4130073818
136,6,8,1,1,2,centre,706603.6211689721
240,6,0,1,0,19,centre,974694.5956502932
186,2,4,1,0,4,luxe,805644.6646862699
79,5,0,1,0,66,populaire,242249.84576045652
117,5,0,0,1,37,luxe,539974.0870987001
190,1,2,0,1,78,populaire,522643.1502710454
145,2,2,1,0,55,luxe,670137.0282941875
192,4,3,0,0,22,populaire,649601.9305938692
170,6,2,1,0,1,luxe,786433.9306319653
216,2,5,1,1,20,centre,864032.2629503293
113,5,11,0,0,77,calme,420389.1006585997
153,2,14,0,1,13,calme,612670.520256641
203,5,3,0,0,61,calme,718316.6679820438
141,2,7,0,1,10,populaire,516259.17767105455
127,7,0,1,1,3,calme,579302.0059533877
23,4,7,0,0,46,luxe,289344.8166075882
112,1,10,1,1,19,calme,467035.3472999452
170,7,0,1,0,51,populaire,607748.0991136394
25,4,10,1,0,15,populaire,100045.66440545194
51,5,0,1,0,44,populaire,198928.08878287376
125,6,6,1,0,7,luxe,717463.7416412053
165,6,0,0,0,61,populaire,553611.3506545221
34,3,8,1,1,20,luxe,311099.5778143467
187,4,13,0,0,63,populaire,642915.4593104396
141,2,14,1,1,29,centre,641815.6185587975
115,1,7,0,0,35,populaire,458224.1121051103
220,2,12,0,0,4,calme,845521.7786840406
248,2,14,1,1,37,calme,943771.0464357969
221,4,0,1,0,18,centre,855841.448130815
231,1,1,0,0,73,populaire,718521.9414364384
25,3,1,1,1,26,calme,155865.8716267365
131,7,1,1,1,12,calme,609899.4883026031
139,2,5,0,0,8,luxe,650413.0283847586
142,1,3,0,0,16,luxe,616410.5904593284
210,3,7,1,0,43,populaire,699265.2556835852
86,7,0,1,0,44,centre,409330.8375289486
125,2,14,1,0,41,populaire,462169.8010000006
158,1,9,1,0,50,luxe,701351.9486468248
62,7,13,0,0,57,luxe,420100.71227921965
164,4,3,0,0,57,populaire,543409.1852659797
115,6,9,1,0,29,populaire,458425.42999198
151,6,10,0,1,4,populaire,593918.4940391034
210,2,4,0,1,7,populaire,730163.5682830488
215,2,8,0,0,36,centre,807322.9544725021
100,7,4,0,1,46,calme,415319.89551295916
60,1,12,0,1,44,populaire,237921.37420658636
230,6,10,0,0,4,calme,950321.6307142255
152,2,2,0,1,62,luxe,651194.2758075035
179,3,10,1,1,46,calme,710511.7100808017
233,2,3,1,1,24,populaire,853421.6172715306
217,6,9,0,1,49,calme,830771.7144487705
54,5,6,0,1,44,populaire,203304.00593802528
41,6,0,0,0,29,populaire,126009.5872606502
212,3,10,0,0,47,luxe,868827.9929845672
231,1,5,0,1,50,populaire,798657.3311879222
169,3,7,1,1,54,luxe,768446.3630038793
131,5,0,0,1,54,centre,555364.4478910521
30,5,7,1,0,45,populaire,153119.5001678781
224,2,6,1,1,30,luxe,958131.3342074975
22,2,0,0,0,33,luxe,235431.9728317248
156,6,8,0,1,73,populaire,524205.85575234744
79,4,10,0,1,67,calme,316979.1500396293
95,3,2,1,0,32,luxe,477794.7886333718
106,6,1,1,0,55,centre,449227.8457921637
33,4,6,1,0,57,calme,218890.99817496625
244,6,10,0,1,56,calme,899887.2212330655
37,5,2,0,1,16,populaire,146528.95059148475
132,2,0,0,0,10,luxe,560578.5463725261
92,2,9,0,1,70,centre,374300.3288468832
42,6,12,0,0,16,luxe,359554.217844115
221,2,2,0,0,9,centre,893884.0125391838
102,1,5,1,1,25,luxe,521940.98110694636
144,6,2,1,1,5,populaire,543083.386331091
194,5,4,0,1,15,centre,806852.4773977257
88,7,8,0,1,3,populaire,398890.4645496684
66,6,6,1,1,61,luxe,449766.5207786633
135,6,1,1,1,63,centre,567386.2652392315
234,2,0,1,1,55,centre,870656.5669845388
49,5,6,0,0,74,luxe,298023.8597624883
44,6,3,1,0,22,populaire,203291.24745078743
175,2,10,1,1,32,centre,759421.6441691783
245,3,6,1,0,30,centre,933781.6458555337
131,5,5,1,0,6,centre,585874.1736296127
44,4,6,1,0,4,luxe,303849.4824680273
93,1,3,0,0,36,calme,283846.12662999873
225,4,2,0,1,0,luxe,968252.6762443875
77,7,11,1,0,69,populaire,257820.55954218307
113,5,4,0,0,44,calme,435044.125480528
138,6,2,0,1,46,centre,610013.9734492558
146,2,13,1,0,67,centre,582428.8950710822
188,7,2,0,0,29,calme,751329.5163768692
44,5,3,0,1,59,centre,278130.9023069221
97,1,7,1,0,23,centre,442883.5043651942
118,5,1,1,1,30,luxe,614010.0882686144
135,7,3,0,1,27,luxe,705299.5459954132
67,2,10,0,1,44,populaire,173709.6435032887
245,4,2,0,0,3,centre,970777.030754466
29,3,6,1,0,60,populaire,97738.28269614503
118,4,1,0,1,38,populaire,412619.24999370915
222,2,0,0,1,23,calme,840836.3346458701
30,7,9,1,1,70,calme,191992.6958318818
104,2,0,0,0,45,centre,437221.66163829423
168,1,5,1,0,52,calme,637645.4228273762
233,5,2,0,1,47,populaire,759465.9532129322
192,5,6,1,0,8,luxe,871147.1150398708
154,4,7,0,0,21,calme,551282.0415719551
228,7,4,0,1,1,populaire,756152.6129603288
211,3,4,1,0,15,calme,834021.5007542107
145,3,11,1,0,4,centre,674299.6704667739
83,1,1,1,1,11,calme,351328.0380793167
21,2,7,1,0,51,luxe,200749.94025556245
95,1,9,1,0,25,centre,425249.74698148237
140,5,12,1,0,14,calme,688996.4901993799
61,6,0,1,1,66,luxe,361151.5231618629
229,6,9,0,0,72,populaire,747014.7738501317
73,6,8,0,0,58,calme,331486.7713290063
94,2,0,0,0,38,calme,370596.3005113283
35,1,0,0,0,62,populaire,62069.48746876677
37,7,0,0,0,24,populaire,157744.60060259525
246,4,6,0,1,40,calme,923598.962335339
206,5,3,0,0,27,luxe,855011.1217990506
109,6,11,1,1,20,populaire,514303.4817000573
163,7,6,0,0,60,populaire,630363.9403836469
25,3,4,1,1,56,luxe,239543.50800408568
204,1,11,0,1,10,calme,838217.8255609254
127,5,13,1,0,18,centre,607770.1175569083
194,5,6,0,1,74,calme,674037.3247955451
67,3,9,0,0,0,calme,272300.21963980666
61,3,13,0,1,31,centre,361349.2262403143
95,3,6,0,0,76,calme,377121.28816575214
207,6,3,1,0,33,calme,823147.5306967272
96,6,1,0,0,16,populaire,369648.07536691724
151,1,7,1,0,54,luxe,637115.173035763
149,3,1,0,1,18,calme,561750.2351344293
237,4,8,0,0,73,centre,915522.8904409243
78,5,4,0,0,41,centre,371441.4681128667
174,3,8,0,0,58,populaire,573451.5807857609
46,5,14,1,1,72,calme,279637.14293342014
98,2,8,1,0,74,calme,410757.1683657585
91,7,13,1,1,37,calme,469980.5969379524
26,2,7,0,1,30,calme,127050.81023387927
210,3,7,0,0,65,centre,795578.6028785186
130,5,3,0,1,68,centre,530279.7027299877
138,7,13,0,0,49,populaire,505859.23372249346
193,2,3,1,1,29,calme,711451.2609956895
82,3,13,1,0,34,centre,441595.6174458937
143,5,1,1,0,58,calme,535310.2078056162
31,3,3,0,0,16,luxe,326619.57588518516
160,6,3,1,1,65,luxe,742183.6706230857
62,5,5,0,1,79,centre,283594.5546093147
36,2,2,1,1,20,luxe,294911.4058010321
82,3,1,1,1,51,luxe,433221.0433721941
228,2,14,1,0,64,centre,883526.5349852738
139,3,7,1,0,13,populaire,510830.0444263548
55,1,1,0,1,15,luxe,383552.04594126734
232,2,7,0,1,54,calme,828804.2504278937
27,2,6,1,1,8,luxe,310453.5221733
88,4,2,1,1,7,populaire,396342.60181800334
109,7,5,0,0,72,populaire,410944.3316278895
227,6,5,1,0,33,populaire,804663.8753018397
55,2,9,1,0,32,populaire,183181.41932499086
47,5,13,1,1,6,populaire,230845.64413124003
137,7,4,0,1,20,luxe,681608.4367962208
112,3,12,0,1,4,luxe,632124.7064390075
194,1,7,1,1,70,luxe,784284.9448370424
95,5,14,1,0,11,luxe,629333.4465330925
120,7,10,0,0,58,populaire,438999.747423845
177,5,11,0,1,57,populaire,629135.7600306732
170,5,4,0,0,36,calme,717385.2973085545
163,5,6,0,0,44,luxe,699111.2053556971
33,7,5,0,0,79,populaire,73202.3997960365
221,1,10,0,0,24,calme,781942.4508172967
90,4,14,0,1,26,calme,416285.8747603587
199,6,6,0,0,50,centre,779312.0811050535
143,2,12,1,0,41,luxe,629450.627647961
144,7,8,1,0,70,populaire,479485.3612928416
56,5,2,0,0,41,luxe,368937.35370598204
48,2,9,1,1,59,calme,241007.2415813387
214,7,6,0,0,71,luxe,868588.9699639451
162,2,12,1,0,78,centre,622194.3485638987
247,5,9,0,1,57,centre,963093.1448728589
194,4,2,0,1,79,populaire,624343.0426668453
193,7,12,1,1,71,populaire,761807.250776242
199,2,1,1,1,21,populaire,710914.1395529414
38,3,11,1,1,57,populaire,148016.96859322645
224,2,6,1,1,10,luxe,1011489.2059672591
125,6,3,1,0,5,luxe,665964.105268511
40,5,0,0,0,21,calme,208412.67233544288
83,1,5,0,1,77,calme,318277.85025569634
184,2,10,0,0,11,populaire,635627.881186239
46,4,5,1,0,26,luxe,336461.2545109807
74,3,5,0,0,0,populaire,249141.08024786718
48,3,1,0,0,63,calme,219392.14650416307
167,1,0,1,0,73,luxe,703163.6845784747
44,6,2,0,1,79,populaire,145984.24339599285
89,1,11,1,0,38,centre,447231.16268209496
82,6,13,1,0,59,calme,332261.2285214607
183,2,1,0,1,69,centre,691001.8582739368
149,5,5,0,0,53,centre,563932.254723788
169,4,12,1,0,24,luxe,754274.9712638622
243,3,11,1,0,19,centre,1012298.4951601464
35,1,5,0,0,35,centre,238194.00337968091
165,4,12,0,0,22,populaire,587011.8212369395
216,6,4,0,0,79,luxe,882748.6108918237
201,5,9,0,1,0,populaire,758261.5540462786
119,3,9,0,0,26,populaire,469121.56253735354
49,3,4,1,1,51,populaire,155971.1294835116
64,6,8,1,1,1,luxe,533982.6762980714
38,5,13,0,0,20,calme,230401.0039381701
234,3,4,0,0,8,luxe,984449.0311327486
53,5,12,0,0,47,populaire,200545.38074858199
160,3,9,0,1,38,calme,686704.8523510804
190,2,5,0,1,41,centre,758907.618988192
81,6,10,1,1,70,calme,362641.4747582332
137,5,3,1,0,44,luxe,672508.6308853125
240,4,9,0,1,1,populaire,890052.1939306754
119,2,13,0,0,75,centre,433678.74711131875
41,7,13,0,0,76,centre,241295.70779945748
199,4,14,1,1,66,populaire,739605.7279021484
199,6,0,1,1,42,centre,842685.5388271317
130,3,3,1,0,17,centre,530370.539488004
183,7,1,0,1,38,centre,798428.928864313
92,4,9,0,1,5,luxe,560299.57277058
166,2,2,1,0,41,calme,622743.7572507078
57,7,6,1,1,51,luxe,447992.77499903395
89,7,6,0,1,26,centre,495012.6191059258
135,5,0,1,0,78,luxe,635980.8336700161
98,1,7,1,0,14,centre,395462.28187773767
204,4,6,1,1,18,luxe,952243.1322728925
167,1,0,0,1,61,calme,584713.6129420316
28,6,7,0,1,63,populaire,119086.74288507084
51,4,13,1,0,50,calme,221423.8698431757
151,4,13,1,1,46,luxe,761053.0298913008
69,5,1,0,0,56,luxe,419544.2907216411
101,3,7,0,0,19,calme,415572.0573218441
24,2,2,1,0,19,luxe,203130.20287572572
167,2,9,1,0,63,populaire,570517.7483938028
106,2,6,1,1,37,populaire,387071.44713823916
145,6,12,0,1,37,calme,556986.5037359433
94,7,5,1,1,64,centre,459901.9734563876
184,3,4,1,1,75,populaire,646468.6092317224
41,1,14,1,1,4,luxe,295299.1229305776
205,2,10,1,0,63,centre,791307.0260513163
87,1,9,1,0,26,populaire,308207.56639238074
240,3,13,0,1,19,centre,983923.4843172973
63,6,10,1,1,59,luxe,419533.7462991174
53,3,1,1,1,39,calme,258037.69569398093
96,5,1,0,1,78,calme,363659.6030962174
61,7,12,0,0,5,luxe,444299.7508788202
156,2,11,1,1,72,calme,605217.8210318987
125,6,14,1,0,35,luxe,732262.3256725792
114,5,0,1,0,73,calme,429507.5715835869
154,2,13,0,1,64,populaire,500331.8459947669
87,3,8,0,0,10,calme,376633.8581499005
166,3,10,0,1,48,centre,680331.0304775384
241,4,7,0,0,27,calme,890663.1565248007
178,4,7,1,0,21,calme,691050.483005938
147,3,0,0,0,46,calme,512996.9244084147
182,3,4,1,0,79,calme,633955.9182660568
204,1,11,0,0,65,populaire,663206.0856565897
104,7,5,1,1,24,luxe,602227.6987983603
208,1,14,1,0,66,populaire,729097.5243690928
178,7,1,1,1,31,populaire,617596.1982770021
102,5,9,0,1,16,centre,503773.03091385565
114,4,14,1,0,39,luxe,575768.3175850065
200,4,4,1,1,29,luxe,867598.2764485859
51,3,5,1,0,58,centre,230795.63599950948
85,3,8,0,1,27,luxe,431649.13791219733
206,5,14,1,1,46,calme,823231.8549663293
135,6,9,0,0,22,luxe,678568.2501851881
157,6,0,1,1,56,centre,626406.5895736406
149,6,12,0,1,0,centre,703673.9200378177
213,4,9,1,1,28,centre,892792.7198951817
79,1,2,1,0,49,centre,308810.5615243043
235,6,11,1,1,63,populaire,859256.211215239
36,2,8,1,1,74,luxe,274547.8492603832
115,5,14,0,0,36,populaire,418742.7686556566
163,6,13,1,1,60,centre,735021.7512009209
35,2,0,1,0,6,centre,262856.2860577776
65,6,0,1,1,63,populaire,272208.7519335604
186,1,0,0,1,17,calme,678096.4244305517
178,1,6,0,1,28,luxe,781333.4081344347
126,6,12,0,0,59,populaire,386783.58435224486
107,2,4,1,1,53,luxe,555047.1103787215
148,5,5,0,0,71,centre,612456.031107284
158,2,12,0,0,20,centre,690310.2383591625
138,5,14,0,1,20,centre,696802.7546345848
104,6,13,1,1,57,luxe,609995.6981224695
23,5,7,0,0,48,luxe,262597.4906910947
90,3,13,1,1,35,populaire,353996.61635846354
173,4,12,0,1,16,centre,831505.5797551158
130,7,1,0,1,79,populaire,455899.88334536477
69,4,12,1,1,52,calme,400813.20567318343
159,1,1,1,0,14,centre,629048.2364369878
114,3,2,1,1,78,centre,460652.3816681855
228,4,12,0,0,39,calme,885798.1584126765
244,6,2,1,0,50,populaire,772846.8495739503
222,5,12,1,0,64,luxe,944812.2957303216
111,5,2,0,0,12,centre,546435.8559617341
243,2,3,1,0,37,luxe,993079.9113846404
84,2,2,1,0,73,centre,339985.5080246255
66,5,1,0,0,25,centre,290625.96615184285
239,6,8,0,1,75,luxe,995277.8940654824
200,5,5,0,1,14,centre,821310.542106279
125,2,2,1,0,4,calme,535082.0357172893
218,4,8,0,1,1,populaire,842237.6577264032
149,1,14,1,1,77,calme,533634.6239998052
125,2,3,0,1,64,populaire,371085.0840544477
43,6,3,0,1,76,calme,247335.6258690077
23,4,7,0,0,59,calme,75946.21688785634
127,4,6,1,1,55,populaire,479925.99250820844
38,4,14,1,0,77,centre,220164.67033482436
173,3,6,1,1,37,luxe,828932.5180921106
222,3,9,1,1,56,luxe,960051.0004433491
59,7,6,1,0,50,luxe,387612.3064568508
69,4,9,0,0,40,centre,304557.8036774521
190,6,10,0,0,78,calme,672807.6086813097
94,5,4,0,1,69,calme,340152.3814752597
214,6,14,0,1,51,calme,842603.6050136898
31,3,6,1,1,0,centre,289846.8075078727
214,2,3,1,0,17,populaire,725489.67295802
46,7,7,1,0,26,centre,282952.665053174
132,3,8,0,0,71,luxe,592379.625384861
201,5,12,0,0,75,calme,784219.6880573095
213,1,11,1,0,41,centre,854677.3223327089
68,7,2,0,1,5,centre,404257.5363895961
163,3,6,0,0,79,centre,582678.692841286
149,6,11,1,0,23,populaire,576947.5773290574
79,7,9,0,1,44,calme,407042.60364513827
201,6,8,1,0,70,centre,822016.0712587079
49,4,0,0,0,6,centre,293241.86224224645
103,4,1,1,0,15,luxe,585791.9921365932
185,4,6,0,0,57,calme,727421.5889144223
47,7,14,1,1,56,centre,346577.9970284573
44,1,12,1,0,41,centre,181949.86835455708
115,5,1,0,1,13,centre,570502.1075489853
144,7,6,0,0,55,centre,606579.9321740444
29,2,0,1,1,11,calme,189521.38500159158
207,6,14,1,1,14,centre,905884.4022627529
61,6,2,1,0,7,populaire,245125.36682408038
59,7,14,1,1,57,centre,291346.3138291057
244,7,4,1,1,52,populaire,903941.6276056288
96,5,13,0,1,8,calme,424879.7384337163
124,1,11,0,0,45,centre,516624.0967987524
137,7,13,0,1,6,luxe,727625.3540170736
61,4,10,0,1,43,populaire,264146.3916362475
66,5,5,0,1,13,populaire,330271.6156823693
184,2,14,1,0,74,centre,709156.3304557098
227,4,12,0,0,5,luxe,987978.5301157671
41,2,8,0,1,34,luxe,293697.08109653316
204,3,8,1,1,69,centre,819491.8407555914
231,2,2,1,0,60,calme,810124.5782291952
126,4,13,0,1,23,calme,543237.313908263
46,3,7,0,0,72,centre,185086.6175743433
60,4,12,1,1,1,calme,349550.5947564935
99,6,3,0,1,77,luxe,555424.8580655693
181,4,6,1,0,50,calme,668375.6414843884
179,3,5,0,0,30,calme,676939.9716850845
237,2,7,0,1,26,calme,912232.8781903959
108,6,5,0,0,30,centre,538067.8046697656
85,1,3,0,1,69,centre,379100.4556442399
31,1,1,1,1,42,populaire,115306.0095757499
187,1,6,1,0,51,calme,692745.2866039741
92,1,10,0,1,13,centre,525081.7208974211
95,5,14,0,1,58,luxe,543740.0794013633
109,1,12,0,0,19,populaire,385163.9297169615
220,3,10,0,1,51,luxe,975148.1836057472
29,7,3,1,1,74,calme,195864.01529540028
115,1,12,1,1,39,luxe,658806.6850564849
245,4,8,0,1,67,populaire,829693.4285523692
195,7,8,1,0,43,calme,779062.3207546524
39,1,6,1,1,5,centre,228450.87461029168
58,7,4,0,1,56,luxe,391684.74104405165
79,2,2,0,1,57,luxe,378203.70249651134
85,3,2,0,1,71,populaire,264146.093316831
84,3,8,1,0,29,centre,385185.3909660596
198,7,8,1,0,51,calme,806671.8936186221
143,6,11,1,0,10,calme,612723.278872461
183,5,12,1,1,46,calme,764842.3623460316
171,4,10,0,1,4,populaire,648178.8094102864
174,7,3,0,0,2,luxe,868736.3818921852
149,3,10,0,0,14,luxe,704722.778281875
178,2,0,1,1,1,luxe,813967.2175262918
76,1,12,0,0,1,luxe,394408.41893474
97,3,9,0,1,71,populaire,276026.3300952988
213,2,4,1,1,53,populaire,757915.3884107945
48,1,13,0,1,45,centre,220478.84972304074
34,5,7,1,1,40,populaire,186668.57043946616
31,3,9,1,1,68,luxe,260454.57112074204
120,3,14,0,1,29,calme,508570.0884716047
175,7,14,0,1,43,centre,784384.7859151128
103,7,3,1,1,9,calme,534766.7004960116
144,2,9,0,0,29,calme,509227.66461146274
122,6,9,0,0,74,luxe,539587.129520018
43,7,3,1,0,48,populaire,165638.63376349563
168,4,12,0,0,34,populaire,633882.4960912957
157,5,11,1,1,64,populaire,573077.4322897
129,4,13,1,0,16,luxe,701283.3513354206
97,3,8,1,0,30,luxe,470929.45543814154
120,4,14,1,1,69,calme,477107.72777193406
165,1,8,0,0,76,centre,609732.4578408437
235,5,6,0,0,51,populaire,781307.7957547969
161,4,9,0,0,25,populaire,541958.4312960163
181,1,7,1,0,4,centre,724405.9545161285
147,2,11,0,1,13,calme,591987.9215218916
77,4,11,1,0,50,calme,302355.89409533807
95,5,3,1,0,14,centre,506031.2555831942
169,1,7,0,0,11,populaire,590556.2162841589
217,4,13,0,0,45,luxe,939927.1573001556
55,2,5,1,1,63,luxe,353001.24611344124
192,4,12,1,1,71,centre,827338.6793264762
183,1,2,1,0,58,populaire,652101.2275415065
41,4,6,1,1,25,centre,277175.3323608485
225,5,2,0,1,28,calme,889449.966884745
146,3,10,0,1,3,calme,609064.0439632335
99,1,6,0,1,49,luxe,516054.4996383342
208,1,4,1,0,24,calme,819454.3763540287
119,1,3,1,1,39,calme,468321.56861873576
203,1,2,0,0,31,centre,801891.4615678407
236,4,7,0,0,74,centre,876213.6211752056
115,5,3,0,0,36,populaire,437310.2923345727
180,2,7,1,0,9,centre,723290.7745245872
192,5,9,1,0,37,populaire,665787.444378112
183,1,2,1,0,60,luxe,777552.3795198589
167,6,9,0,0,26,centre,750772.4464755093
37,4,12,0,0,6,centre,287029.66659623967
57,6,8,0,0,72,centre,315262.858642762
214,4,5,0,0,8,luxe,915469.5689317395
170,1,14,0,1,58,centre,672945.5400784705
243,4,4,0,1,35,calme,876189.1835889779
128,1,4,1,1,29,centre,516191.7431223055
142,5,12,0,0,18,populaire,576653.3121160446
163,7,2,0,0,40,calme,633436.4858447206
206,3,1,1,0,54,centre,849723.0881474772
216,4,5,1,0,5,centre,901009.2160780649
215,1,10,1,0,21,luxe,919879.8889981549
168,6,0,1,1,69,populaire,586522.7099262814
123,1,14,1,1,23,calme,550574.1985937695
225,6,14,1,0,61,calme,865936.4231300983
242,4,13,0,0,41,luxe,1023257.5201752277
225,2,6,0,1,21,calme,867853.3854426468
217,6,14,0,1,15,calme,852198.5767036532
159,1,4,0,1,12,populaire,565436.1717027468
163,4,3,1,0,36,centre,674007.2309680615
100,1,8,1,0,51,centre,433696.0381350463
106,2,9,0,0,23,calme,455780.5432321519
161,3,0,1,0,16,populaire,565415.3464523053
80,7,10,1,1,15,luxe,555194.3002924334
218,7,14,0,1,0,centre,920335.1310542254
65,2,3,0,0,0,calme,353348.3279925818
51,5,2,0,1,29,calme,309730.1217729319
34,4,5,0,0,23,populaire,115999.63435247837
63,2,4,0,1,45,populaire,206723.39665907054
164,3,6,0,0,1,populaire,529723.299533674
188,1,12,0,1,14,calme,758119.4221423517
73,4,0,0,1,28,populaire,245485.64760401053
63,6,12,1,1,61,calme,269686.7334882979
117,2,4,0,0,12,centre,515849.4121153552
24,3,13,1,1,64,calme,123753.5828804166
128,2,1,0,0,44,calme,435111.0581057196
46,5,1,1,0,46,centre,285358.7301901763
135,7,10,0,1,15,populaire,596454.7679801142
106,7,14,0,0,2,populaire,455378.38512336067
123,4,10,0,0,69,calme,499245.02235215076
142,1,1,0,0,4,calme,534815.8199691452
225,3,8,0,0,25,centre,906278.1876234484
98,2,9,1,1,14,populaire,389293.7629236775
62,4,2,0,0,72,centre,282674.4743575151
116,2,3,0,1,54,calme,409699.32222983695
50,4,14,0,0,21,calme,189113.78059207613
118,7,4,1,0,36,centre,591970.9383311223
36,5,13,1,0,28,centre,261419.35393809504
239,2,3,1,0,25,luxe,946555.7135562412
102,5,3,1,0,69,luxe,508588.382761221
129,6,4,1,0,10,populaire,515742.0151438322
201,6,9,1,0,19,centre,859002.8143353158
209,7,14,0,0,69,populaire,748416.1028435621
234,3,8,0,0,32,luxe,985955.5356389887
51,5,11,0,1,29,populaire,211835.03432238442
187,4,8,1,1,49,luxe,851788.5648265914
160,3,13,0,0,33,centre,658380.3643202853
231,2,13,0,0,4,centre,936473.2489302779
54,2,5,1,0,79,populaire,146911.21244617095
152,4,10,0,1,11,centre,698444.2909265568
220,1,11,0,1,75,populaire,712136.8110287128
48,1,13,0,1,74,populaire,150424.259690737
89,2,2,1,0,51,luxe,462729.4713012535
172,7,5,1,0,50,calme,723852.0346288293
114,7,9,0,1,20,populaire,472795.53657344764
41,4,3,0,0,70,luxe,299834.6175330224
213,1,2,1,0,57,luxe,800878.4329973776
192,5,5,1,1,63,luxe,822263.9701211087
88,2,14,1,0,5,calme,439377.0335033892
238,6,10,1,1,48,centre,990035.5813985474
108,5,5,0,1,71,populaire,335488.57950044813
91,4,1,1,0,36,populaire,325109.51637518953
148,6,8,0,1,9,centre,717117.2574252392
231,5,7,1,0,79,centre,851498.9120916573
191,1,5,0,1,65,luxe,801950.3628233162
106,7,0,1,0,55,luxe,616653.1917538422
115,1,11,1,0,70,centre,435424.29994612356
94,6,1,1,0,65,populaire,293765.37723703316
186,3,14,0,0,44,centre,671242.4089954534
73,7,3,0,1,67,centre,353488.92019536113
107,2,6,0,1,63,calme,431282.66841510026
222,6,8,0,0,15,calme,862478.2582767289
176,4,9,1,0,9,luxe,908048.3000879154
73,2,4,1,0,20,luxe,530708.9977641767
237,5,9,1,1,11,populaire,955647.1886698488
35,7,1,0,1,12,centre,260965.95410909754
118,4,14,1,0,9,centre,576352.4219652317
39,4,12,1,1,12,calme,245916.3902162048
65,1,10,1,0,33,populaire,200003.21979697514
214,5,10,0,1,58,centre,871317.6222168334
212,1,10,0,0,48,populaire,672431.5475296421
146,1,0,1,0,5,calme,514220.2228037146
77,7,9,0,0,11,centre,384588.9238212479
200,3,13,0,1,28,calme,796073.5960525535
130,1,12,1,0,76,calme,524850.7080410147
148,2,13,1,1,25,calme,642198.2241622158
100,4,0,0,1,67,centre,419665.44508894015
213,7,4,0,0,78,populaire,748345.3142764287
176,1,13,1,0,15,centre,729966.6120572041
103,6,6,1,0,52,calme,467534.9710414544
89,2,8,1,1,18,luxe,537176.1632643351
27,5,8,1,1,46,populaire,57741.9829189234
48,4,7,1,1,31,luxe,356528.36074299936
131,7,0,1,1,69,calme,554955.0719992928
198,6,4,1,1,69,centre,831464.8356066647
180,7,5,0,1,60,populaire,636096.4357790964
150,7,5,0,1,4,luxe,706798.7179920821
207,6,3,1,0,58,centre,833809.3731217891
182,5,0,0,0,1,populaire,620039.6744481132
216,6,2,0,0,1,calme,834041.101408767
238,2,9,1,1,2,calme,986264.5119916787
127,7,14,1,0,69,calme,514776.7726767065
223,5,14,1,1,42,centre,910285.8180774823
231,7,3,0,1,4,centre,976676.0176467585
128,6,3,1,1,49,calme,567283.1219705455
39,5,12,1,1,9,calme,269028.9028150015
92,5,3,0,0,26,populaire,376070.1698573598
186,1,13,1,1,23,luxe,821375.1734184602
23,1,4,0,0,21,populaire,26223.2163972434
38,1,12,0,1,2,luxe,349160.66668716265
121,6,14,1,0,15,centre,570569.726826879
238,4,14,1,1,29,populaire,901394.4250583347
192,2,10,1,1,42,centre,853750.845025607
190,6,8,0,0,3,centre,779959.9543939134
160,7,3,1,0,39,luxe,771818.6003587605
160,1,8,0,0,15,luxe,748714.9403246411
207,5,8,1,1,71,populaire,714743.7735645926
204,6,0,1,1,15,populaire,774388.6076533949
105,5,4,1,1,65,populaire,306494.60966172756
239,7,8,1,0,54,luxe,1033422.3570238386
71,5,3,0,0,19,calme,295659.64528097847
130,5,4,1,0,50,calme,488524.2834042093
200,3,3,1,1,56,luxe,858794.8580374633
128,4,12,1,1,50,populaire,463545.09227306134
105,2,1,1,0,17,calme,390313.0934596214
62,2,9,0,1,76,centre,325910.8055192372
230,1,1,0,1,58,calme,823437.599825933
219,3,1,1,1,27,calme,858316.7996118031
219,6,12,0,0,68,luxe,915551.0954295504
61,6,0,1,0,27,luxe,409671.01511846617
109,2,2,0,0,12,calme,370952.4381491948
134,4,14,1,1,5,centre,614147.7320028902
45,5,13,0,0,28,centre,330242.39934803895
170,7,10,0,0,8,populaire,675638.9790284147
62,1,9,0,1,28,calme,262518.1957366281
96,4,0,0,1,37,calme,410743.3870912293
175,2,3,0,1,64,centre,622027.6273550036
156,3,0,1,1,55,luxe,693867.2897694745
39,1,3,0,0,29,calme,163616.63739477607
203,2,2,1,1,58,centre,815174.1743259284
230,6,8,1,1,57,calme,874745.6266029911
58,1,0,1,1,9,luxe,390268.1043841293
198,2,13,1,1,20,populaire,726601.346919882
31,6,7,1,1,55,luxe,323765.31052663265
226,7,10,1,1,25,luxe,1048083.6365256215
242,6,8,1,0,14,centre,1002744.0748813525
202,5,11,1,0,34,centre,850218.7543673889
225,3,6,1,0,14,luxe,962445.0461361684
30,5,0,1,0,74,centre,160291.43451458742
173,2,3,1,1,5,luxe,764523.9481053097
61,7,9,0,1,27,luxe,465595.58276466856
174,4,0,1,1,62,calme,658007.3202162185
30,7,3,1,0,28,luxe,285605.74348854856
57,7,14,1,1,47,populaire,241814.24578088714
117,7,2,0,1,62,centre,571005.4031422152
190,5,1,0,1,57,populaire,652200.7237242485
38,4,0,1,1,20,centre,280641.417560947
211,6,5,0,0,75,luxe,868125.8226569949
153,2,11,0,1,21,populaire,522047.676254896
193,3,6,1,1,26,calme,767715.4824763945
135,4,5,1,1,78,luxe,662531.5379383917
249,2,8,0,0,56,luxe,1045754.6099784181
132,4,11,0,1,9,luxe,725848.7904316711
189,5,8,1,1,21,calme,801117.874284346
239,2,1,1,1,43,populaire,847448.8952204287
84,5,14,1,1,27,luxe,502643.0680916554
118,1,14,1,1,49,populaire,419351.8370049867
91,2,1,1,1,50,luxe,505549.95947797975
206,4,8,1,1,0,luxe,1005099.5060084627
71,1,0,0,0,33,luxe,373478.04874774517
137,5,4,1,0,34,calme,546099.0590312723
194,5,0,1,1,60,luxe,826430.615486237
139,4,6,0,1,29,populaire,509477.48573830194
26,1,8,1,0,75,luxe,242289.00527080114
30,7,5,1,0,77,populaire,88371.29391951764
122,6,13,0,0,67,populaire,446070.5307163548
80,3,1,0,0,75,centre,352003.53708845313
87,4,5,1,1,39,populaire,318556.0626919575
172,5,8,0,1,64,centre,698819.6387595562
159,2,2,1,1,36,calme,657724.8117406059
173,1,8,1,1,63,luxe,764659.3508706292
121,6,7,0,1,0,calme,606417.5468025077
129,3,14,1,0,14,calme,552307.2245788709
159,2,12,1,0,12,populaire,618753.2413496454
190,1,11,1,0,28,luxe,799866.6793233602
70,6,6,1,0,54,luxe,451682.1624408584
136,4,7,0,0,44,calme,514667.6484376168
184,6,9,0,1,3,centre,780862.1850161976
65,4,5,1,0,63,centre,295834.9624801844
72,7,2,1,0,14,populaire,303007.7520886799
107,1,6,1,1,47,centre,482123.2265210547
227,6,3,1,1,75,centre,897681.4750141072
140,3,10,1,1,55,calme,503496.115170035
32,6,9,0,1,69,centre,211556.09752431593
108,1,13,0,1,14,luxe,570250.4679872438
144,2,4,0,0,38,calme,553655.5966542242
137,2,7,1,1,68,calme,548659.9346074696
73,6,14,1,1,78,centre,359314.83098954376
204,6,6,1,0,59,luxe,870224.593629377
135,4,6,0,0,43,luxe,607641.0968028682
137,1,7,1,1,42,centre,547367.9398660957
23,4,9,0,1,3,luxe,256868.4862691689
94,3,2,1,0,76,populaire,296520.17587761383
243,7,2,1,1,49,populaire,969233.5973343877
68,2,1,1,1,38,centre,363062.5775912729
26,5,14,1,1,53,calme,220250.0227931764
129,5,0,0,1,22,calme,553360.6618763964
141,1,9,1,1,59,luxe,607079.4060320847
30,1,5,1,0,79,populaire,31731.553336377954
111,5,5,0,0,34,calme,475423.0436146166
201,1,12,0,1,53,luxe,816211.2720467648
234,2,9,0,1,57,populaire,785533.0426463649
192,3,11,1,0,61,calme,678721.9278366037
42,3,7,1,0,79,luxe,262084.23827831255
47,4,13,1,0,47,centre,338061.11344982265
130,2,5,1,1,6,centre,642681.1757281761
76,7,5,0,0,44,calme,346872.73663644004
45,1,0,0,1,12,luxe,372398.0047524489
172,1,11,0,1,52,populaire,602120.1774803562
73,7,6,0,1,38,centre,391930.2885922954
48,4,6,0,1,17,populaire,165990.5996759155
230,4,9,1,1,21,luxe,1016505.853563945
116,1,8,1,0,35,centre,483353.0112538906
183,1,13,1,0,52,calme,667743.6915807247
33,7,14,0,0,71,centre,219109.67536644218
97,2,11,0,0,2,calme,388292.05189992057
54,7,6,1,1,61,populaire,186184.2027573019
49,4,7,1,0,28,centre,251816.80636039027
111,7,3,1,0,72,luxe,570861.5369157568
36,7,8,1,0,7,populaire,171299.02556546958
214,7,14,1,0,75,populaire,773332.3202923693
227,2,13,1,0,45,calme,851915.3539124914
177,6,0,0,0,55,luxe,784859.974466424
112,1,7,1,1,48,populaire,372691.50280333107
192,5,2,0,1,42,centre,751176.7212799069
98,7,13,1,0,9,calme,536956.8324923718
129,5,0,0,1,12,luxe,638461.8462462988
236,6,1,0,1,56,calme,950025.4648487936
198,1,14,0,1,1,calme,749839.3090644338
121,4,5,1,1,64,populaire,394083.18283453124
125,5,4,1,1,79,centre,477647.9699153848
66,4,13,1,0,41,centre,353493.0812506263
200,5,2,1,1,57,luxe,901535.0909023858
83,4,8,0,1,9,luxe,463258.5756996211
185,7,7,1,0,62,centre,765390.730193796
83,5,12,1,1,70,calme,357152.602565739
106,4,2,1,1,60,calme,367635.8400537828
236,6,1,0,0,0,centre,964904.0834101714
26,2,7,0,1,25,populaire,127611.77498414103
41,4,13,1,0,4,calme,304461.5190769003
100,2,14,1,1,34,centre,428956.3366435259
229,2,4,1,1,12,populaire,863166.9693327536
188,1,14,1,0,26,calme,749030.316953988
93,7,8,0,1,11,luxe,559377.3304869633
157,6,0,1,0,49,calme,563871.6763351111
204,2,9,1,1,58,calme,778965.6185207231
154,3,2,0,1,30,centre,592054.8861388597
144,7,4,1,1,68,calme,598440.866540763
69,2,1,1,1,36,calme,284846.17194231035
249,4,2,1,0,1,populaire,883994.6061554159
238,2,3,0,1,70,centre,897496.4511148413
71,4,3,0,1,64,populaire,299645.50936729193
180,4,10,1,0,2,luxe,896760.060424514
20,3,8,1,0,19,calme,151746.14820650985
200,2,0,0,0,1,centre,807814.7197913505
207,2,11,0,1,41,luxe,892238.27251478
181,5,8,0,0,42,centre,728785.9371114442
23,7,14,1,0,20,calme,261787.6236107673
164,5,8,0,0,44,centre,684523.8782817668
151,1,10,0,0,19,centre,635268.3847576523
190,4,5,0,1,42,populaire,685237.1526960498
237,3,10,1,1,49,centre,943706.9823906018
23,5,0,0,1,42,centre,157185.8396645376
20,2,10,1,0,23,populaire,56085.09351111093
90,1,12,1,0,59,calme,354451.5486592744
241,3,11,1,0,31,luxe,1047487.5548093163
197,6,5,1,1,4,populaire,734493.9347158117
220,2,7,0,0,1,calme,822259.3831739647
208,2,4,1,0,25,calme,769651.3141279232
54,6,4,1,1,24,luxe,389777.2210740242
27,4,0,1,1,49,calme,98796.89596753263
171,4,0,0,1,38,populaire,561067.8351304545
230,5,7,0,1,74,calme,853731.4680600087
55,5,12,0,1,10,luxe,443441.24729089055
197,2,4,0,0,62,luxe,784881.2378822085
142,7,7,1,0,67,populaire,522605.14385349123
62,2,9,1,0,17,populaire,235823.4975259134
46,5,1,1,1,27,calme,281884.5581399986
51,6,14,0,1,41,luxe,444958.17439072416
97,5,3,0,1,59,luxe,480124.2782417615
140,2,12,0,1,21,calme,558568.7535179051
165,3,10,1,0,39,luxe,716598.7639783932
175,2,13,1,0,61,populaire,637831.0068798178
176,3,9,1,0,2,populaire,643909.4190491153
35,3,8,0,0,70,calme,145618.33437208593
118,2,12,0,0,62,calme,454420.45215052296
66,7,2,1,0,19,calme,383921.27815630427
206,7,5,0,0,70,populaire,666382.0959114672
50,1,10,1,0,70,populaire,158187.85053676245
23,5,6,1,1,25,luxe,244013.36792607693
184,7,2,0,0,40,populaire,623760.4663050513
36,4,0,1,0,2,calme,212366.4147218183
58,2,1,1,1,42,centre,297416.18066264037
67,3,10,1,1,16,centre,429166.3041375268
193,2,13,1,0,52,centre,765924.9231200832
237,5,9,1,0,51,centre,940373.1764687473
195,6,6,0,1,32,centre,828195.1738332049
58,7,6,1,1,79,populaire,255196.3911495671
151,7,11,0,1,59,calme,599966.9556494721
49,7,0,1,0,67,calme,180259.81187787096
177,3,9,0,1,55,luxe,785348.985694552
41,4,6,0,0,63,calme,175047.18123739827
222,4,14,0,1,7,luxe,1002597.331226605
85,7,9,1,0,68,calme,421726.67537315196
127,4,10,0,1,32,luxe,667887.1558921183
31,6,5,1,0,24,luxe,262422.81693891383
241,7,10,1,1,70,calme,923438.0556576245
55,1,5,0,1,6,centre,321420.8683931829
37,3,6,0,0,58,calme,166106.26956210897
109,6,6,1,0,32,calme,509644.89680958295
200,3,0,1,0,40,centre,830317.7178881019
218,7,9,1,1,32,calme,906068.5742149858
20,6,4,0,1,28,luxe,298317.52978609886
146,7,14,1,1,38,centre,644658.5981882322
205,6,13,1,1,56,centre,842043.6995552317
109,7,13,1,1,63,populaire,412927.3692168573
106,1,7,1,0,65,luxe,452416.52316500526
109,3,7,1,0,8,luxe,605267.3996003602
153,6,2,1,1,28,calme,650217.3432046933
89,1,2,1,1,73,calme,382515.31157166313
63,2,6,1,0,27,luxe,410134.10938194446
219,7,14,1,1,52,luxe,1007274.1553869257
171,5,3,1,0,45,luxe,821338.7899766209
105,6,5,1,0,38,calme,432868.2295272843
38,4,8,1,0,75,luxe,224459.42041919674
120,1,9,0,0,57,luxe,569189.3822749003
165,1,1,1,0,53,centre,643961.8473974706
114,6,1,1,1,5,luxe,636982.7484450045
120,1,5,1,0,44,populaire,376603.1326749606
49,2,2,1,1,39,calme,209706.85533480355
189,1,0,1,0,22,centre,744252.9994554642
52,5,1,0,1,41,luxe,369297.94400056836
221,5,13,1,0,37,luxe,998484.4061768677
248,7,12,0,1,15,centre,1003967.6722432012
31,7,6,1,1,73,centre,265783.502607718
137,4,3,0,0,46,centre,553557.9907975709
113,2,11,0,0,20,populaire,399405.3466934273
174,5,1,1,0,73,populaire,560741.2957541883
186,6,10,0,1,74,centre,770919.9922270268
156,3,11,0,0,20,luxe,783143.3926480148
168,3,11,1,0,24,calme,694678.0721317495
95,3,7,0,1,60,populaire,303228.0292898083
48,7,3,0,0,53,calme,178397.2698125265
180,6,3,0,0,59,calme,658635.9097450065
209,1,1,1,1,41,populaire,701068.0918896705
136,6,13,1,0,60,calme,569450.3960978895
34,1,0,1,1,31,luxe,263286.31191089813
21,3,0,1,0,52,populaire,22977.959390849286
199,4,2,0,1,43,populaire,686799.5882365231
136,4,5,1,1,10,calme,589547.314786762
191,1,6,0,0,46,calme,674785.3492056723
201,3,12,1,1,59,centre,801289.0663242578
37,6,8,1,0,35,populaire,124735.38558528965
22,4,4,0,1,59,calme,139370.64339034678
154,1,8,0,1,32,luxe,671961.4085936258
190,6,7,1,0,41,populaire,720377.0289222228
229,3,0,1,0,12,centre,947813.5801277026
185,2,10,1,0,13,luxe,802488.2403546115
184,3,11,1,1,57,centre,805966.1990681718
205,7,2,1,0,39,centre,880507.9211863457
180,3,7,0,1,64,luxe,784992.018868326
127,6,8,1,1,4,centre,601867.0554034797
206,6,13,0,0,29,centre,781196.4574611505
114,5,3,1,1,44,centre,526123.1494095045
141,5,13,1,0,57,centre,611341.8465914131
30,6,13,0,1,38,centre,279633.0507086751
87,6,13,1,0,11,populaire,315623.25839965924
142,2,11,0,1,33,calme,595643.7936646285
229,2,5,0,1,13,populaire,852330.1357176336
215,3,3,1,0,37,populaire,759306.4215790513
132,7,12,0,1,15,calme,560463.9851147766
117,4,14,1,1,60,calme,485588.21405773296
112,7,8,1,1,58,luxe,570411.7839767399
235,2,1,1,1,74,centre,846126.958043961
41,3,5,1,1,78,calme,145485.27019155206
213,7,10,1,0,73,luxe,934080.7693467416
191,1,12,1,0,66,luxe,776593.5232971858
146,5,2,1,1,10,populaire,562954.8829944821
153,7,9,0,0,10,luxe,783495.7333371766
189,4,3,1,0,15,centre,787344.9404588947
44,3,1,0,1,37,populaire,137079.4788098467
204,7,10,1,0,29,calme,825736.0701106609
104,6,7,1,1,40,populaire,461076.95277994743
74,1,9,0,0,0,populaire,305810.1180628954
163,5,7,0,1,37,centre,624005.439263075
114,1,0,0,1,59,centre,435442.0276513483
161,3,9,0,1,18,populaire,593937.0610836822
186,2,5,1,1,58,calme,759782.663180904
175,5,0,1,0,67,centre,684941.1104920435
243,1,5,0,0,9,populaire,829417.5098950679
239,2,6,1,1,16,centre,960334.6671981121
198,4,14,0,0,79,centre,758514.175405659
138,3,1,0,1,71,luxe,620432.1782795301
196,3,8,0,1,28,calme,774969.1518225635
28,5,7,0,0,5,populaire,131173.04826655617
205,1,8,0,1,65,populaire,733820.7778278321
192,4,14,1,1,62,luxe,863984.8795158252
169,6,9,0,0,30,populaire,654232.0167131916
179,5,12,0,1,24,populaire,678763.0818351684
216,6,3,1,1,20,luxe,974463.7143500446
234,5,3,0,0,15,luxe,1024023.5550033328
216,1,11,0,0,3,populaire,692872.2090025041
61,4,7,1,1,45,luxe,402777.6347144735
72,1,0,1,0,7,centre,262547.01790957054
243,3,7,1,0,5,centre,947729.724878538
206,6,6,1,0,52,centre,812059.9436296757
93,2,11,1,0,63,centre,398779.094517954
58,7,6,0,0,50,luxe,395046.0499713609
141,3,8,0,0,62,calme,467390.2731067817
34,3,14,0,1,5,calme,217052.5610592661
218,6,12,1,1,61,populaire,790519.6168706454
176,5,9,1,0,32,calme,768599.618378063
142,3,6,1,0,1,centre,630860.4826128116
130,7,14,1,0,40,luxe,639807.4502644689
150,4,1,1,1,15,centre,692643.4870108519
102,3,0,1,1,58,centre,435867.0337021233
29,4,0,0,1,8,luxe,325850.99373657105
111,1,6,1,1,68,centre,487663.0199574712
48,5,4,0,0,9,centre,271399.6532385079
226,4,3,0,0,6,luxe,968722.1224213537
54,3,4,0,0,65,luxe,300598.15564140317
25,5,9,1,0,19,populaire,157941.6147028456
159,7,9,1,0,62,populaire,626172.5595211482
130,5,5,1,1,3,centre,676814.5552189618
57,4,11,1,0,27,populaire,223155.68236849908
96,4,14,1,1,71,calme,454068.74380319397
112,2,9,0,0,34,calme,447192.6191060082
166,2,5,0,0,1,centre,679153.8792911413
86,5,0,1,1,40,populaire,302410.114658524
155,6,1,0,1,27,centre,691759.594715282
27,6,2,0,0,74,populaire,112445.29803836648
141,2,3,1,1,72,luxe,669295.2923418733
103,3,5,0,1,0,luxe,546640.2591487966
194,1,11,0,1,26,luxe,865378.1510619143
151,5,11,1,0,66,luxe,673869.6907261077
198,1,10,0,0,38,centre,771297.5143098498
104,2,12,1,0,72,centre,444980.88786504837
214,4,8,1,1,39,centre,890398.9532110437
64,7,11,1,1,27,calme,393772.4338672302
155,5,1,0,0,23,luxe,699947.4366678264
106,2,7,0,0,50,luxe,545122.9118796206
35,3,8,0,1,55,luxe,272384.31977877166
96,7,1,1,0,72,populaire,296899.06957738113
214,5,8,0,0,25,populaire,800121.3816289993
28,5,6,0,1,51,calme,182742.38875115546
79,6,8,1,1,5,calme,451632.7375929561
97,4,5,1,0,58,populaire,331048.0303128808
96,5,1,1,1,11,populaire,326502.5978906039
90,4,7,0,1,62,centre,381842.9647163135
34,2,9,1,0,35,centre,220516.7535830032
90,3,14,0,1,8,populaire,363244.41792651993
121,7,8,1,1,73,luxe,675565.7482448164
245,7,11,1,0,66,populaire,854543.2005716152
188,3,7,1,1,28,centre,815042.0414400253
41,5,1,1,1,70,calme,218050.19088560867
171,5,14,0,0,7,populaire,577314.5764827498
132,2,7,0,1,42,populaire,453438.0335873302
248,6,2,0,0,76,luxe,1009351.7707742027
191,6,2,1,0,34,calme,792911.9120169113
20,6,8,0,1,21,luxe,243396.38361814097
29,4,12,1,0,79,calme,164694.706316012
227,6,8,1,0,78,luxe,969373.0187016149
129,3,14,0,1,65,calme,543949.0958992597
219,7,8,1,0,20,populaire,808565.6397958474
203,7,3,1,0,70,populaire,734645.2735267752
132,4,11,0,1,40,populaire,450661.2893412906
236,2,13,0,0,40,centre,973869.4518440035
69,3,6,1,0,48,calme,277774.5674591716
31,7,12,0,1,3,calme,214893.8665706586
108,3,7,1,1,64,luxe,516931.24972065666
228,7,14,0,0,9,centre,996057.5466530356
207,1,14,1,0,66,luxe,860469.6554662597
173,2,12,1,0,9,centre,765787.0049245505
131,2,14,1,1,72,luxe,666928.5625295867
97,1,12,0,0,16,centre,466669.1968881069
188,4,4,0,1,66,luxe,837991.9910026925
183,7,12,1,0,52,luxe,817609.0905138685
140,7,14,0,0,34,centre,611043.9570646563
42,7,14,0,1,3,calme,266506.481926491
190,6,0,0,0,67,luxe,808920.3742885048
153,6,14,1,1,10,centre,786278.4388095696
216,6,8,0,1,43,centre,881439.874915525
190,6,5,0,0,59,calme,768685.5312091382
44,6,2,0,0,69,calme,140966.26515862893
37,1,2,1,1,61,calme,143923.98330137655
209,2,13,1,1,31,calme,793807.1737164399
160,4,13,1,1,45,luxe,779202.6484398555
62,3,9,0,0,22,luxe,403864.72957465006
97,6,0,1,0,36,populaire,308726.2322067289
47,1,12,0,0,74,luxe,249551.4272121765
165,7,7,0,0,57,populaire,619190.1450787433
78,4,1,1,1,42,populaire,316923.7269590835
207,4,11,0,1,14,luxe,917353.4537808083
82,4,0,1,1,66,populaire,253700.93125181127
204,1,6,0,0,1,calme,771403.9303042834
111,3,13,0,0,70,populaire,328171.4153238435
198,6,10,0,0,4,luxe,931172.0014422233
75,4,8,0,1,52,centre,360433.5965260859
174,1,5,0,1,44,luxe,784175.9867414087
179,7,7,1,1,40,centre,778056.0163424339
130,2,7,1,1,62,centre,568668.0738587345
156,7,8,1,0,71,populaire,540451.7949784942
243,1,6,1,0,31,populaire,821606.6381055292
231,1,8,0,0,1,centre,912051.3886633887
239,1,14,0,1,9,populaire,818955.4351638185
244,4,8,1,1,42,calme,940777.5394711673
87,1,11,1,1,42,luxe,512406.35015180457
65,2,10,0,1,66,populaire,167129.93735590746
245,4,0,1,0,22,centre,1000363.1011628972
86,7,5,0,0,59,centre,404267.29851439974
173,2,11,0,1,5,luxe,817845.7196869646
155,5,7,1,0,12,populaire,601704.2488822694
25,7,9,0,1,20,populaire,146675.68207240017
227,1,8,0,1,57,centre,874020.4416475942
43,6,14,1,1,27,luxe,389518.27738653735
195,6,3,1,1,69,centre,776914.0979975295
113,4,12,0,1,7,luxe,657843.8611990472
192,6,1,1,0,76,populaire,615688.4421150172
32,7,10,0,0,57,populaire,110181.01079124046
216,4,8,1,0,39,luxe,962831.8521268277
44,7,8,0,0,0,centre,292492.91725777986
167,1,11,0,0,76,centre,615261.9203277602
137,3,7,0,0,64,centre,498304.270586248
101,3,2,0,1,9,luxe,535913.1295602075
130,2,4,0,1,59,luxe,550854.2334671217
101,1,1,0,0,68,centre,355794.48671841226
85,6,13,0,1,19,centre,469467.46388482355
221,1,2,0,1,61,luxe,894792.5191192813
64,5,0,0,1,12,luxe,464814.47236665635
133,3,3,1,0,57,centre,561080.6689063454
194,6,4,0,0,36,centre,780032.7192473582
82,7,11,1,0,9,populaire,393567.9895872218
95,7,1,1,1,2,calme,473298.9006571888
224,3,14,1,0,33,luxe,953582.2541883569
133,1,14,0,0,33,calme,473405.40396561316
130,6,2,0,0,29,luxe,683840.6706108454
202,2,11,1,1,36,populaire,766255.8968776499
222,7,5,0,0,67,luxe,933925.2625532363
166,1,5,0,0,33,luxe,715496.3559947166
54,2,14,0,0,31,calme,238974.92527846305
72,6,6,0,1,57,populaire,209840.72629721923
45,3,11,0,0,23,populaire,163201.8916815654
33,5,8,0,0,8,populaire,89268.90448814217
137,4,3,1,1,40,populaire,465080.6804790827
64,3,4,1,0,23,luxe,403604.6919496849
191,2,10,1,0,24,calme,763865.7942784138
235,1,1,1,0,35,populaire,744296.0456773167
212,7,5,1,0,7,centre,905158.1519348988
70,6,3,0,1,58,populaire,250830.53660592996
190,3,4,0,1,34,calme,724091.6281671403
138,7,6,0,1,37,calme,597868.0089466324
233,7,5,1,0,31,calme,942617.96532495
170,5,7,1,0,50,calme,665324.4581041207
203,6,5,0,0,27,centre,879667.042415716
38,2,9,1,0,55,populaire,104449.53578311377
101,6,13,0,1,7,luxe,571992.2059928817
95,6,7,0,0,40,luxe,570850.4202169091
202,1,12,0,1,22,centre,892339.0744549247
239,4,13,1,0,53,populaire,862469.427291652
111,7,13,1,0,22,populaire,389084.2741459996
207,2,3,0,1,31,luxe,897439.1619628915
206,1,11,0,0,9,centre,803184.105052999
52,7,6,1,0,34,luxe,439609.84577985713
166,4,2,1,0,62,centre,657649.8546310158
47,1,0,1,0,66,calme,143112.74180804458
142,4,12,1,1,35,populaire,551181.6562711933
199,4,8,0,0,48,populaire,723185.9710474638
145,4,8,0,1,45,populaire,494053.32585767953
196,1,5,1,1,26,populaire,718246.1779613183
56,6,14,1,0,30,populaire,192322.6600811558
173,4,1,1,0,33,populaire,606910.5845516142
118,6,7,1,1,75,calme,445641.30134465627
117,7,9,0,1,58,populaire,414027.97795835877
146,7,5,1,0,53,calme,628749.1903420568
246,2,6,1,0,65,populaire,812473.6544646625
187,5,12,0,1,29,populaire,677642.2132057729
99,6,0,1,0,72,centre,464652.55560223665
57,7,2,0,0,22,populaire,248855.02247817302
96,5,14,0,1,8,luxe,519775.1268850566
145,4,0,0,0,54,centre,571401.1989298944
106,5,9,1,1,0,centre,555874.6331554418
73,5,0,0,0,55,centre,353926.74061036814
169,4,11,1,1,38,luxe,791993.2308770227
35,6,11,1,1,17,calme,320774.47244300274
47,4,10,0,1,41,centre,292133.8042247595
182,2,12,0,1,72,centre,661563.4684238291
207,3,0,0,1,74,centre,769305.1382018158
192,1,3,1,0,64,populaire,651612.365111775
65,4,12,1,0,74,calme,263636.0463565382
91,4,6,0,1,32,luxe,511768.008328759
202,5,6,1,1,29,luxe,923962.3443934855
233,2,11,0,1,4,calme,840492.1254105589
104,7,12,1,1,49,calme,471786.0261508367
45,7,4,1,1,64,calme,232854.21594303375
104,5,11,1,0,9,populaire,471522.72800076974
172,6,5,1,1,59,centre,767799.519796165
84,4,1,0,0,76,populaire,204481.4464936718
153,4,4,0,1,26,calme,572840.0672095118
170,5,6,0,1,71,populaire,607481.2814641874
134,4,13,1,0,27,luxe,673304.2271607291
83,6,8,1,1,44,populaire,342628.11100066523
106,3,5,0,1,51,calme,385133.39835785463
190,1,11,0,0,65,centre,710054.9674133621
126,1,13,0,0,61,populaire,375367.9774765658
170,1,9,1,1,75,calme,588897.9985693011
115,3,3,0,0,76,populaire,332061.4678984338
177,4,2,0,1,59,luxe,769019.5430115471
96,5,8,0,0,39,populaire,306099.69801752176
165,7,6,0,1,14,populaire,633941.4852620049
106,2,10,0,0,6,centre,463969.0373279268
226,4,13,0,1,38,populaire,813107.1919554783
244,3,12,0,0,50,populaire,825535.0285565505
168,6,5,0,0,6,luxe,852028.7971110138
76,3,6,0,1,11,luxe,473911.8234047659
122,7,14,1,1,13,luxe,682367.9277942721
170,1,7,0,1,33,centre,715813.8350213415
110,4,4,0,0,38,luxe,482081.20853859
64,7,2,0,1,72,luxe,412853.86056816974
191,1,2,1,1,63,populaire,640605.9138487056
229,2,12,1,0,11,populaire,838315.4775224932
107,6,1,0,0,33,centre,467817.0968377317
134,1,7,1,1,26,luxe,677107.238831732
66,2,0,1,1,21,calme,315407.0794259019
187,3,11,0,0,17,populaire,695451.9663743606
198,1,7,1,0,45,calme,700720.1640198353
189,1,2,1,1,43,calme,740846.2536615576
154,5,8,0,0,17,luxe,722091.6469730167
69,6,11,0,0,36,calme,283321.7136940369
195,6,13,1,1,6,centre,932405.4499102307
103,7,11,0,1,67,centre,510379.00180790276
110,3,10,0,1,79,populaire,413607.40000295057
153,5,1,0,0,59,calme,567910.3671644151
110,7,9,1,1,47,centre,570674.241990394
156,2,8,0,0,50,centre,649224.7443521898
128,7,5,1,0,51,calme,521611.20287967916
76,2,0,1,0,76,centre,256820.0371359108
50,3,4,0,0,51,calme,214423.7645176679
40,6,9,1,1,53,centre,288532.0985981512
109,2,8,0,0,40,calme,427317.05459161196
59,3,12,0,1,41,centre,319523.61801371473
131,7,5,0,0,21,centre,582017.2559777992
64,2,6,0,0,38,centre,279727.28986854124
96,4,3,0,1,22,luxe,550706.0793025735
196,1,0,1,1,47,luxe,741021.4230765505
106,7,4,1,1,32,centre,480844.2652406386
167,6,1,0,1,40,luxe,720993.3660665597
120,7,7,1,1,29,calme,489552.6324371558
136,4,3,1,1,77,luxe,625714.5596985889
111,3,0,1,0,46,populaire,384309.8907675255
164,3,9,1,1,56,populaire,596746.7410976312
47,7,6,0,0,71,centre,218941.60508039792
188,4,11,0,0,56,luxe,762636.0050965617
213,7,10,0,1,61,populaire,779454.6889171769
44,1,1,1,0,56,centre,220379.0034553949
77,1,2,1,0,67,populaire,228872.46697632945
60,5,13,0,1,71,centre,272421.0131390614
153,2,8,0,1,24,populaire,572336.2187708685
94,5,14,1,0,39,populaire,368419.8525753863
57,1,12,0,1,16,luxe,357613.84502229595
153,4,8,1,1,79,centre,608695.7101499275
192,2,1,0,0,47,populaire,600265.8749666815
94,4,2,0,1,38,centre,410624.59049997956
161,5,10,1,1,14,luxe,837401.3586383503
85,3,11,0,1,16,populaire,349125.9076871697
187,4,8,0,0,34,calme,683241.4993534221
22,5,0,0,0,32,calme,121444.58871146808
136,5,1,0,1,17,calme,589036.7567660735
118,5,10,0,1,29,centre,493213.5459302892
244,3,1,0,1,36,luxe,1037966.7003133759
171,3,9,1,0,6,centre,794844.3861201981
38,7,13,1,0,73,centre,260454.78733015357
165,3,2,1,1,79,calme,601997.7033064446
211,2,9,1,1,27,luxe,888908.436047904
135,3,2,1,0,17,populaire,415398.8838940494
144,3,9,0,1,46,centre,590703.2357225682
107,3,12,0,1,22,calme,481264.55933043256
54,4,1,1,0,19,centre,302136.14212540863
209,3,7,0,1,30,centre,882294.7778748147
20,2,7,0,1,13,luxe,272070.4730612983
247,5,7,0,0,22,populaire,862573.8191710184
172,4,1,0,1,1,centre,780746.2869998716
192,1,14,0,0,28,centre,779748.6300555583
196,3,12,1,0,49,populaire,638646.1488167862
145,7,8,1,0,72,luxe,656723.3975352601
245,7,10,0,1,58,centre,974764.6774090788
108,5,6,1,1,32,luxe,645980.1992856204
163,5,11,1,1,47,luxe,802703.1890422112
245,4,4,1,1,43,centre,946581.3782156506
240,7,6,1,0,11,populaire,1001049.9228754546
166,1,7,0,0,41,centre,667582.6346375376
170,6,8,1,0,34,centre,696392.9790314573
230,7,1,0,1,40,calme,888069.4605085355
44,7,5,1,0,54,populaire,159479.47385184944
35,2,8,1,0,12,calme,176293.45573556228
201,6,12,0,1,38,populaire,788599.558909994
92,5,5,0,1,65,centre,413177.1667165411
148,6,1,1,0,34,luxe,738882.8575681264
61,7,0,1,1,71,calme,283773.271480555
166,5,11,0,1,32,calme,670224.2197744229
244,6,2,1,1,35,calme,940082.6274035516
181,5,10,0,0,12,calme,732045.4999023342
99,5,4,0,0,55,populaire,306131.8186259826
123,4,6,0,0,45,luxe,586585.8386967297
202,1,9,1,0,72,luxe,810901.7153514791
165,5,9,0,0,45,centre,640168.2147602828
53,2,2,0,0,43,centre,235747.4417340696
108,7,8,1,0,45,calme,420654.85586962017
144,7,9,0,0,73,centre,639677.4355881386
64,2,11,1,1,68,centre,328062.5284446785
153,3,3,1,1,30,populaire,542568.8861602714
40,5,9,0,0,23,centre,211936.7560337627
141,5,1,1,1,31,centre,629932.6585506826
89,5,2,1,1,66,centre,421320.8263448207
115,6,4,1,0,15,luxe,633051.6357485623
124,5,2,0,0,56,luxe,558798.64991524
67,5,4,0,0,23,centre,355801.5874840105
58,2,3,0,1,33,calme,313319.06697546423
50,1,12,1,1,51,luxe,327406.03118441236
29,1,10,0,0,47,populaire,95550.45911876277
49,3,9,0,0,52,populaire,147075.32732955954
37,2,12,1,1,54,populaire,130249.18306597686
207,5,2,0,0,37,centre,825409.348955609
107,1,11,1,0,1,calme,444407.3714188088
144,4,5,0,1,68,populaire,490227.53452602687
92,4,7,1,1,52,calme,427971.98389829515
242,4,12,1,0,49,populaire,884076.2775938674
34,5,11,1,1,28,calme,272481.40052295785
23,5,3,1,1,73,centre,159790.02571198094
210,3,8,0,0,54,centre,808732.5466269637
187,7,5,1,0,60,populaire,734812.73011709
28,3,4,1,0,49,populaire,52811.62426401645
128,3,2,1,0,15,luxe,628659.8700775732
156,6,4,1,0,69,populaire,503642.77649122465
173,4,4,1,0,43,luxe,778788.3226804116
151,5,13,1,0,15,luxe,785753.9292227353
228,4,14,0,1,27,centre,990487.2856648124
35,3,11,1,0,56,centre,183542.07386868238
162,5,11,0,1,25,luxe,759196.6901690275
118,2,3,1,0,10,populaire,471412.63098663534
140,1,11,1,0,0,luxe,596116.9068688818
71,1,5,0,0,68,populaire,161328.64073743514
88,3,2,1,0,42,centre,424134.74292157433
24,7,9,1,0,45,populaire,70940.17730494947
39,4,0,0,0,35,luxe,260031.73916934905
98,2,6,0,1,65,populaire,347775.19639909
165,5,6,0,0,56,luxe,673888.2738888877
130,7,11,0,0,5,populaire,461197.9826756132
21,4,3,1,0,61,luxe,248701.34940412478
112,3,8,0,1,26,centre,560708.505026086
32,4,11,0,1,25,luxe,361996.1068039437
23,3,1,0,0,12,centre,102783.42501497063
189,6,14,1,0,75,luxe,883380.8202188747
128,1,12,0,0,17,luxe,617369.5274821898
93,7,0,1,0,37,calme,389265.97757790354
208,1,14,1,0,5,calme,787912.5212202223
114,4,2,1,1,27,calme,511986.21754263825
124,2,6,1,0,4,calme,530113.7844015601
27,5,8,0,1,58,populaire,144655.02066920119
86,3,1,0,1,78,centre,336221.20374900266
210,5,5,1,0,72,centre,803375.8817712681
129,1,2,0,1,44,calme,505691.10615677066
28,2,4,0,0,52,populaire,30227.90042813247
241,2,11,0,1,1,luxe,1079093.4098678327
136,5,8,0,0,48,luxe,610512.1755180481
30,1,2,1,0,72,centre,203148.36632390338
118,5,0,0,0,62,centre,540805.1477789714
248,4,4,0,0,69,populaire,804924.97563863
61,2,0,1,1,57,luxe,363374.2772320619
160,2,7,0,1,3,populaire,594683.1276866271
183,4,6,0,1,29,luxe,829487.8193766809
139,1,14,0,0,56,calme,478463.62019273825
160,2,10,1,0,46,calme,612144.3338541224
31,7,1,0,1,17,populaire,119086.99795383774
56,6,13,0,0,43,centre,365099.9902602079
93,6,10,1,0,51,populaire,397581.1185205403
92,6,8,0,1,48,populaire,390455.9796897281
71,3,4,1,0,29,luxe,465055.95298332063
218,7,6,1,1,51,luxe,1001268.7451423367
149,3,3,1,0,36,luxe,659228.4214333763
75,1,11,0,0,62,luxe,343087.72721460764
79,4,12,0,1,11,centre,397263.4625074877
42,5,0,0,1,16,centre,294560.7629440219
122,7,13,0,1,33,calme,509881.4429577098
59,1,7,0,1,27,populaire,208731.14509055574
83,5,12,1,1,3,calme,453188.7412189169
104,1,0,1,0,45,luxe,488462.09644221637
170,3,2,1,1,13,populaire,632112.2082550286
176,6,5,1,0,12,luxe,917200.6261621565
225,4,7,0,0,57,populaire,763547.7731597091
237,3,7,1,1,48,centre,952607.916795618
198,4,1,1,1,49,luxe,906289.3590959191
216,7,8,0,0,66,populaire,783151.8793776939
242,5,3,1,1,20,populaire,923047.9538723902
108,1,3,0,1,79,luxe,493242.57260214497
50,2,14,0,0,50,centre,261326.84148200174
197,2,13,0,0,37,centre,723902.4426852013
39,4,1,1,1,25,centre,320563.7234372841
202,6,0,1,0,5,populaire,739224.1466888041
228,6,9,1,0,17,centre,980357.2771840225
149,4,6,1,0,5,populaire,556463.2011497406
172,3,10,1,0,40,calme,760442.6085845636
32,2,9,1,0,56,centre,164165.78457725784
141,3,2,0,0,49,luxe,699489.7639530072
122,5,3,0,0,24,luxe,605175.5960460757
239,2,10,1,0,47,luxe,1016411.1386615845
125,5,8,1,0,23,luxe,646021.0325061455
138,1,5,0,0,29,calme,561571.8731669495
89,3,13,0,1,44,calme,387416.46216023335
214,4,0,0,1,42,centre,856669.3083783889
205,2,8,1,1,71,centre,800596.7039807679
118,3,8,1,0,55,luxe,585982.108833367
101,4,4,1,0,72,luxe,466685.09649992746
94,1,7,0,0,69,luxe,367700.6786439142
137,2,6,1,0,32,populaire,488327.83447083563
103,5,10,1,0,44,centre,545442.0199106502
211,1,7,1,1,6,luxe,929167.2203200895
88,6,8,1,0,17,luxe,555036.7020111356
230,4,13,1,1,69,luxe,942583.636480449
233,2,1,1,1,44,calme,851812.2665182733
78,2,9,0,1,36,calme,336449.7433876632
207,7,4,1,0,20,calme,836601.1814973205
230,7,7,0,1,78,populaire,844518.481442698
145,1,2,0,0,43,populaire,403998.5921582297
130,2,10,0,0,29,centre,540900.5655160326
81,4,14,1,1,10,luxe,507718.99549839133
163,1,10,1,1,7,centre,681168.3810533794
147,5,5,1,1,4,centre,663564.4105589456
235,1,5,1,0,7,calme,898676.7228031642
124,1,6,0,0,4,luxe,606388.9543446456
87,5,12,1,1,9,calme,438600.1526911209
34,6,10,0,0,14,calme,184449.51009991145
236,7,2,1,0,55,luxe,1001992.8496737733
202,4,7,1,0,54,centre,835808.8400130994
54,6,7,0,1,2,centre,311713.86823250697
202,6,8,0,1,40,calme,781587.5638829325
33,6,7,0,1,9,luxe,316101.60491038556
196,7,2,1,0,6,centre,815857.5661427018
230,3,5,0,1,62,populaire,775727.484074809
121,7,8,0,0,62,centre,508293.3356749298
119,6,0,0,0,25,luxe,575794.7088202051
26,3,2,1,0,33,luxe,257574.6849449707
49,5,1,0,0,71,luxe,255483.36151933786
230,7,11,0,1,38,calme,978881.7302466554
68,4,7,1,1,59,centre,330994.4790991127
236,6,5,0,0,68,populaire,796744.3786970347
163,2,9,0,1,25,calme,633213.8383099353
130,5,10,0,1,61,centre,534918.8258875819
198,3,10,1,1,9,luxe,956546.9110757073
91,7,7,0,1,53,centre,457222.43027486576
229,4,1,0,1,30,luxe,908307.9751492881
239,1,10,0,1,37,luxe,962359.4044931233
99,4,5,0,1,24,centre,453153.57495765225
102,4,6,0,1,76,centre,452018.9387907651
61,6,7,0,1,64,populaire,259226.52251589618
36,6,8,0,1,49,centre,248907.81814419947
210,7,4,1,1,23,centre,952683.0598813989
192,7,10,1,0,26,calme,814209.3708608572
224,3,2,1,0,49,luxe,998308.6174471338
26,7,1,0,1,49,luxe,267206.0101664509
174,3,7,1,1,14,populaire,641897.3767729137
29,6,0,0,1,16,calme,211912.5331239059
53,6,9,0,1,28,populaire,213348.7285776953
55,2,14,0,0,4,centre,339968.6764240397
172,2,5,1,0,10,populaire,579916.5343018557
25,5,1,1,1,79,luxe,201102.08198670525
171,6,2,0,0,51,calme,649823.7338239076
165,1,7,0,1,33,centre,712905.2392880955
234,2,0,1,0,32,calme,876763.6598281281
153,3,5,1,1,48,calme,626993.8314222544
48,4,2,1,0,30,populaire,227030.61887889073
145,7,5,1,0,17,centre,678480.5096615576
172,7,2,1,0,4,calme,716628.4738259458
202,5,10,1,1,29,calme,866681.5631325383
100,2,10,1,0,44,populaire,369981.594899912
193,4,7,0,1,37,calme,730490.4652552101
171,4,4,0,0,28,luxe,743015.2191393055
94,2,3,1,0,35,luxe,483416.728329019
45,1,8,1,1,8,centre,317468.57376684016
146,1,14,0,1,22,centre,597825.8664477814
134,5,4,1,1,2,populaire,544035.6320341704
145,1,11,0,0,55,calme,551671.8587298427
245,5,13,0,1,39,populaire,887098.5680148769
47,3,3,1,1,55,populaire,168954.30990487212
150,2,7,0,1,57,luxe,686698.939983118
94,4,7,1,0,30,calme,430589.2202421623
185,5,7,1,1,10,luxe,888892.9114553904
208,7,3,0,1,41,luxe,929264.7511355202
97,1,12,0,0,2,centre,481998.20198949025
198,7,0,0,1,56,populaire,630032.4819360346
109,5,1,1,0,13,luxe,611318.7305412232
195,6,3,1,1,45,centre,836000.5581077421
40,5,9,1,1,18,centre,350702.5775477459
73,1,1,1,1,59,calme,300748.5128351732
203,6,10,1,1,30,calme,804384.0434066459
122,6,9,1,0,35,luxe,638074.324356199
241,1,13,1,0,31,centre,914112.610966263
78,6,13,0,0,62,centre,411393.26941146725
91,2,2,1,0,25,centre,338663.263740705
198,4,8,0,0,64,populaire,616949.8270758294
39,7,14,0,0,1,centre,277483.9642425155
131,2,8,1,1,69,populaire,391662.5442976895
243,2,13,0,1,44,calme,902749.1119646789
233,1,14,0,1,77,luxe,933929.9975354774
78,1,10,0,0,24,calme,343867.57267801685
90,7,8,1,1,39,luxe,489711.2711672274
156,4,6,0,0,17,centre,644917.0256568628
128,5,14,1,0,11,luxe,687820.3733276204
148,2,3,1,1,23,luxe,678055.7657744302
176,6,0,1,1,78,calme,623423.3581094511
210,4,2,0,0,42,luxe,908177.1783281836
219,2,14,0,0,31,centre,880580.2245087022
75,5,13,1,0,46,populaire,223835.90927530883
215,6,7,1,1,44,centre,884630.8663655338
54,2,3,1,0,34,luxe,327575.33384411864
142,3,9,0,0,76,calme,563484.7945799375
150,7,9,0,1,8,centre,648324.3745686882
123,4,1,0,0,9,luxe,600000.9640938762
26,7,13,0,1,64,calme,205801.2992187485
46,1,7,0,0,58,populaire,103410.17146598178
20,2,6,0,1,56,calme,138116.30445993762
238,6,10,0,0,9,luxe,994516.238818385
227,6,9,1,1,18,calme,890839.6910522296
249,4,8,0,0,49,luxe,1019048.830276527
218,4,1,1,0,67,calme,807658.982494651
191,7,14,0,1,4,calme,822621.556249067
106,6,4,1,1,28,calme,504352.93407457357
60,6,5,0,0,4,luxe,415895.6232697211
142,6,12,0,0,59,calme,522713.1340246016
94,2,1,0,0,64,luxe,453568.5983872153
61,6,14,1,0,27,centre,323589.00312032603
136,1,1,0,0,0,populaire,438942.5142903272
180,6,12,0,0,28,centre,724946.2403197701
197,1,14,1,0,50,populaire,677981.2678616656
82,2,13,0,1,35,luxe,465590.2264224708
247,4,13,0,0,31,centre,945359.1337253845
184,1,9,1,1,63,populaire,600189.8294495654
206,2,13,0,0,13,populaire,723438.3564887207
146,6,3,1,0,31,centre,660011.975299236
228,2,14,1,1,8,centre,953843.5346555583
246,6,7,1,0,10,luxe,1098551.2320618164
195,7,14,0,1,47,populaire,746483.3623220723
152,2,13,0,0,50,luxe,677356.1814223446
67,4,14,1,0,3,luxe,470897.38501310657
243,1,12,1,0,40,calme,895225.8957649644
22,7,10,0,0,24,luxe,337209.5065796091
135,4,4,0,1,16,populaire,520369.68635497853
194,3,8,0,1,46,calme,794024.733453716
209,6,3,1,1,7,luxe,1013544.4482794591
118,1,2,0,0,57,luxe,514041.5079143432
135,4,9,1,1,0,populaire,539597.2508219577
33,1,14,1,0,1,calme,157766.83349776184
210,3,7,0,1,9,centre,836703.4531801267
131,5,0,0,0,26,centre,592793.9530188374
80,6,8,1,1,12,calme,447838.83256345993
178,6,3,1,1,62,calme,641386.4509098956
114,2,10,0,1,10,calme,528459.4390403362
36,6,8,1,1,13,calme,299535.1615058697
143,6,7,0,0,79,centre,609036.7308630679
43,4,2,0,1,25,luxe,354868.2947513226
135,7,2,1,1,68,populaire,508738.7217987092
170,6,13,1,1,38,centre,752443.5526231857
101,6,8,0,1,27,populaire,383510.69210630556
69,3,2,1,0,16,centre,388566.9547179519
225,7,3,1,0,36,calme,874637.297548847
98,3,8,0,0,26,centre,327742.2269875938
98,1,11,1,1,75,centre,433613.2695577453
89,1,3,0,1,66,calme,289891.16258463304
46,6,10,1,0,67,luxe,343559.3954585511
34,6,2,0,0,46,calme,226788.2027086242
69,2,13,1,0,74,luxe,441568.355622521
55,1,6,1,0,33,centre,297309.5423064016
27,4,5,1,0,17,centre,261965.90565544117
98,6,0,1,1,34,populaire,406347.347019388
150,4,13,1,1,17,populaire,613137.7117640541
209,6,9,1,0,69,centre,863080.4043452871
66,4,7,1,1,33,populaire,234959.95288207082
224,5,0,1,1,32,luxe,948587.0785062484
124,4,3,0,0,71,calme,479403.24334660696
117,7,5,1,0,42,centre,551689.2652067455
235,1,5,1,0,26,centre,916275.0739377389
115,6,6,1,0,47,populaire,408263.72281828633
208,1,13,1,1,68,centre,800256.7659042742
179,7,10,1,1,70,centre,799201.0090405401
241,7,11,0,1,21,luxe,1059034.7280542492
135,4,13,0,1,33,luxe,675901.4024577221
32,3,4,1,0,42,calme,139353.4724133654
20,3,4,1,1,76,centre,100394.0377584335
53,7,3,1,0,15,populaire,244710.80059015466
209,3,5,1,1,13,calme,855728.7506985851
98,6,6,0,1,38,populaire,345125.8129269726
97,2,9,1,0,70,centre,381189.8076773614
140,5,14,0,0,11,populaire,501483.7871154979
112,4,9,1,0,54,populaire,394993.82040334755
117,2,0,0,1,5,calme,469917.16937936755
101,3,8,0,0,39,centre,376833.570733947
218,4,14,0,1,12,calme,868381.6093567167
240,2,13,1,1,68,centre,964213.5688018741
178,1,7,1,0,23,luxe,823771.3243237449
211,3,6,1,1,73,calme,818772.8256372499
172,2,8,1,0,58,centre,645190.7085020345
57,6,2,1,0,45,luxe,347918.3910162449
33,1,9,0,1,72,luxe,222072.224666367
155,3,3,0,1,43,luxe,734686.3951861255
110,5,6,0,1,75,calme,460137.3543719904
73,7,5,1,0,10,luxe,490586.60307500954
149,3,13,0,0,60,centre,631046.7255786395
228,6,12,1,0,35,calme,920209.349379327
120,5,1,0,1,71,populaire,386535.03362771607
225,5,1,1,0,9,luxe,985148.9143787627
108,5,9,0,1,77,calme,390948.3796695826
75,4,6,1,0,0,populaire,305781.16863816325
113,4,8,0,0,62,calme,411217.5747178197
112,7,10,0,1,11,luxe,610918.0900273902
103,5,14,0,1,4,luxe,582408.7699689962
104,7,11,1,1,77,populaire,438832.4647535483
208,1,8,0,0,35,centre,785111.3652462647
41,5,6,0,1,16,luxe,406815.85414493165
54,2,10,0,1,57,populaire,173725.46971885854
248,5,7,1,1,21,luxe,1089132.4007167537
35,4,9,0,1,30,centre,266147.83025058394
69,4,2,1,0,25,populaire,183974.80540572925
141,2,0,0,0,12,centre,643946.2995528507
147,2,6,0,1,62,luxe,683154.0161938348
132,3,7,1,1,66,populaire,461184.2682684375
190,1,1,1,0,62,calme,694409.5640818912
36,1,14,0,1,10,centre,255639.1481882026
99,1,8,1,1,68,luxe,471288.9140302955
205,6,3,1,1,63,luxe,904798.5009617136
149,4,9,1,0,67,centre,594849.3813254206
151,1,10,0,0,31,populaire,480539.287132944
104,3,8,0,0,73,calme,365154.2580357843
186,3,12,0,1,9,luxe,872379.6737508051
245,1,2,1,1,53,centre,944163.8067019647
113,2,7,1,1,54,centre,532814.1842739149
153,3,10,1,0,61,calme,570220.9858560974
100,7,1,1,0,54,calme,401811.1977510203
236,2,14,0,1,34,luxe,972277.9303404666
88,7,13,1,1,66,calme,426266.4928080803
88,4,2,0,1,64,centre,431754.02228288236
167,6,0,1,1,16,populaire,631772.7993220448
211,3,4,0,1,41,populaire,718610.7073719386
35,2,3,0,0,58,centre,196453.59801844714
70,7,12,1,0,69,centre,333093.2564583051
124,1,0,1,0,10,centre,577604.4409568303
184,7,9,1,0,77,luxe,817733.0334987842
220,7,8,0,1,27,centre,940270.8419839416
216,4,5,1,0,38,calme,824131.7263631085
189,5,5,0,0,53,centre,673348.4289629771
204,5,13,1,1,10,centre,893016.7530473757
85,1,10,0,0,57,luxe,409033.8620983859
28,4,1,1,1,39,centre,227689.83571055837
126,4,14,0,0,3,calme,580283.3120438566
119,4,13,0,1,63,calme,494291.06856815505
105,4,6,0,1,47,calme,412520.3931914798
83,5,11,1,1,69,centre,457911.9822221282
233,2,11,0,0,30,luxe,978854.4284827162
41,4,14,1,0,1,luxe,413920.89636321604
181,2,8,0,1,42,luxe,823961.3929216883
202,7,5,1,0,40,calme,772107.4548381604
176,7,10,1,1,59,luxe,863811.4364718652
185,4,7,0,1,74,centre,753531.7857448132
129,3,11,0,1,45,centre,560822.6269229616
116,6,4,1,1,39,populaire,436599.7383675115
37,3,1,0,1,58,calme,187941.46234868746
90,7,12,1,1,44,populaire,409801.32157309377
212,6,14,1,1,41,populaire,791715.3008867754
146,3,3,1,0,20,calme,600177.8194383591
116,4,11,1,0,2,calme,510902.0193158503
20,2,0,1,0,65,populaire,3523.9474627609234
235,6,0,1,0,10,centre,980474.8995502318
151,5,5,1,0,23,populaire,584172.3792093041
23,1,14,1,0,49,calme,140060.69827740974
144,6,1,1,1,20,centre,656874.2885837398
101,6,5,0,0,24,populaire,345096.76308322576
46,5,0,1,1,3,populaire,213709.67995760363
190,4,10,1,0,42,populaire,689179.4650239946
78,3,9,1,1,46,calme,414623.9607010797
51,3,2,0,0,22,populaire,141325.08653123418
180,7,13,0,0,59,calme,703534.6664344777
47,2,8,0,0,20,centre,255653.0370812367
125,4,1,0,0,65,luxe,497278.69061601127
124,5,7,0,0,50,centre,510295.3479344401
202,4,5,0,1,14,populaire,707183.8195335196
247,4,11,1,1,57,calme,932429.5112798116
207,3,5,0,0,25,populaire,764602.9927140834
89,5,6,0,1,58,centre,435171.5786427125
81,1,4,0,1,44,luxe,432710.9519475156
227,6,11,0,1,65,luxe,1039993.8944763832
53,3,10,0,1,34,calme,303792.1308370456
106,5,3,1,0,63,centre,434907.5421590061
133,2,5,1,0,76,centre,459689.4481517534
125,6,7,0,1,26,calme,475847.52183939016
235,6,3,1,0,79,calme,838107.1050139816
75,3,4,0,0,30,calme,293476.88280841225
132,7,6,1,0,11,populaire,574417.5711180125
32,2,5,1,0,44,populaire,129062.8871950961
203,3,12,0,1,31,calme,821080.0944350371
37,4,3,0,1,53,calme,167399.626923332
201,7,12,0,1,65,luxe,896839.7265608538
224,5,3,1,0,31,luxe,961763.0317384243
132,2,9,1,1,14,populaire,567138.6688533301
248,6,3,0,1,54,luxe,1031209.2779405506
190,3,0,0,1,40,calme,691190.3794235624
58,6,4,1,1,39,centre,363947.72632304404
208,2,7,0,0,71,calme,702115.4260056014
189,6,6,1,1,48,luxe,887234.5156227156
228,3,4,1,0,37,populaire,802677.7162105524
98,7,2,0,0,55,calme,379757.9105272631
165,3,14,1,1,33,calme,667177.5202414328
170,1,14,1,0,0,luxe,772631.4882551451
201,6,10,1,0,9,centre,899920.9034693227
49,1,0,1,1,39,calme,213073.63700880014
117,7,12,0,1,15,populaire,482080.2974861625
77,1,6,1,1,45,populaire,285783.43587154197
215,6,12,0,1,23,centre,933756.1559676307
86,2,14,1,1,13,luxe,528025.7373975253
90,4,10,0,0,38,centre,448323.31649806927
165,7,2,1,1,17,populaire,644832.8013521848
125,3,3,1,0,40,calme,461726.3110000297
26,5,13,0,0,55,populaire,96445.241035274
59,7,4,1,1,35,centre,363430.1792070996
89,1,12,0,0,23,populaire,345592.8214425988
233,2,14,1,0,28,luxe,992592.2689582431
212,6,11,0,1,21,centre,950701.4735130584
87,2,7,0,1,10,populaire,292055.6812700308
68,2,12,1,0,40,calme,289916.70466961485
71,6,6,1,0,48,calme,318032.585725714
133,5,8,1,0,10,centre,606859.8515866412
126,6,10,1,0,51,calme,559122.2972025917
48,5,2,1,0,66,centre,237092.61455535557
168,6,13,1,1,74,calme,704749.1971717919
237,1,10,1,1,7,populaire,864943.5316996219
97,5,9,1,1,30,calme,449566.18570024933
28,1,0,1,1,73,populaire,9826.192870333056
194,7,0,0,0,5,centre,861634.351312469
95,5,11,0,1,70,calme,440507.11449266446
61,5,9,0,1,12,luxe,402004.7675481371
198,6,12,1,0,5,luxe,985479.9313515696
203,5,13,0,0,66,luxe,827196.9721667992
198,1,0,1,0,26,calme,726947.4091555685
217,7,1,1,1,44,populaire,799465.1097234465
147,6,1,1,1,25,centre,657437.4604985585
39,3,6,1,0,3,calme,263162.97118887334
235,7,8,0,0,36,centre,974924.5354098496
174,7,7,0,1,20,centre,722023.4995399709
185,1,14,0,0,27,calme,742665.6664563399
91,7,3,1,0,31,populaire,408711.259915298
84,3,1,1,0,52,luxe,459363.8239158992
201,2,2,0,1,32,centre,785026.0001801228
132,6,9,1,1,25,centre,636593.3979391414
43,2,4,0,1,16,calme,213967.1075854417
147,6,8,0,0,55,centre,644834.6177109566
194,7,7,0,0,29,calme,720234.5268036497
218,6,12,1,1,4,centre,970012.3293566032
102,1,11,0,0,5,populaire,398643.5635111128
233,3,13,1,0,61,populaire,798140.0152454339
82,6,2,0,1,9,luxe,528558.5904954409
204,3,8,1,0,69,luxe,803289.371933337
202,6,9,1,0,9,populaire,742391.9193726315
79,3,2,0,0,43,luxe,429399.74175990204
118,2,9,1,0,55,luxe,574535.1022972958
81,1,11,1,1,3,luxe,480071.6740688602
49,6,13,1,0,12,populaire,249655.08888910996
240,4,7,0,1,73,luxe,989301.9252814967
41,3,0,1,1,79,calme,114389.18675624486
222,3,3,0,1,18,luxe,958030.3420033997
231,4,3,0,1,69,calme,867228.918133888
145,1,5,1,0,61,luxe,671301.8893113935
176,3,11,0,0,8,calme,692777.6671371547
188,1,11,0,1,45,luxe,826583.9219650199
61,3,1,0,1,55,calme,255674.7544409825
117,7,6,0,1,73,luxe,604540.0574153373
212,5,4,0,1,39,calme,801563.4854891526
50,7,9,1,0,66,populaire,189844.13391552825
177,3,5,1,1,61,centre,729832.1768523994
131,5,10,0,1,45,centre,595583.9389538756
165,6,13,0,0,5,populaire,656701.2944913866
141,1,5,1,1,28,populaire,524410.2731472182
36,3,13,1,0,18,calme,223794.2047045192
57,2,13,1,0,14,calme,295400.3391475795
161,2,11,0,0,56,luxe,682496.0829138797
234,4,13,0,1,37,luxe,1043823.9892542913
236,2,10,1,0,20,centre,908612.1446303971
226,5,5,0,0,50,centre,899577.2578760723
129,2,9,1,1,38,calme,530452.0664025479
203,2,11,1,1,19,calme,787021.9651029703
41,2,7,0,1,1,populaire,156316.06028932406
214,3,9,1,1,31,calme,847440.5549595944
75,4,3,1,0,3,luxe,463030.46153507894
138,1,9,1,1,6,populaire,507118.4336195917
166,4,7,1,0,2,calme,700591.6050228921
76,5,8,1,0,24,luxe,422688.1834237683
191,3,12,0,1,8,luxe,887263.996962672
245,6,12,1,1,25,centre,1020289.8142244804
54,3,3,0,1,63,populaire,125139.25668890671
133,7,0,0,1,17,centre,608369.8242841181
144,2,2,1,0,1,populaire,482616.58512460464
148,2,0,1,1,0,populaire,588457.2958396793
71,5,6,1,0,47,centre,380121.7910326932
104,6,11,0,0,79,centre,471828.61056430975
240,7,0,0,1,62,calme,923344.0812899634
217,3,10,0,1,35,populaire,710275.3845848928
184,6,3,1,1,62,calme,687674.1200264244
84,1,12,1,0,74,populaire,275809.04593060614
198,4,13,1,0,25,luxe,958167.0520871968
148,3,0,1,0,5,calme,609263.7808145407
238,6,12,1,1,25,centre,1048692.3018321213
40,1,12,0,1,42,luxe,277586.8677316755
200,1,1,0,1,0,centre,793284.6718134084
35,7,10,0,1,8,luxe,394586.1162029534
142,7,14,1,1,26,luxe,729990.2444248262
80,4,13,1,1,70,calme,302523.95834716666
73,1,0,0,1,2,centre,385981.4831964315
187,5,12,1,0,60,calme,701939.0981446345
45,1,4,0,0,72,luxe,195394.3302670579
99,6,6,1,0,1,populaire,447317.08713451796
239,7,2,1,0,73,populaire,847647.4378373346
84,5,13,1,1,30,luxe,545931.8317590359
119,7,7,1,1,64,centre,574273.9566211104
93,7,13,0,1,17,centre,533613.505119689
211,7,14,1,0,5,centre,941594.3153519335
190,1,4,0,1,41,populaire,597351.6844259261
36,2,4,0,0,67,calme,94414.22698850285
140,1,12,0,0,3,centre,631204.0695337587
206,7,4,0,0,3,calme,853228.0446969544
42,5,7,0,1,64,centre,243081.08003712303
154,1,1,1,1,40,centre,575476.0726606998
191,7,1,0,0,42,centre,753311.1779046354
200,7,14,0,0,54,calme,774850.6582115046
90,1,13,0,1,18,calme,370349.1875024879
127,1,11,0,0,20,calme,465083.515311822
98,5,7,0,1,57,luxe,530001.3073855792
181,1,8,1,0,29,populaire,669552.9517897404
65,4,10,0,1,6,luxe,470729.9565980613
215,6,11,1,0,68,populaire,747268.029965744
225,4,9,0,1,63,luxe,950508.1653971077
97,5,9,1,0,1,populaire,419956.9608306373
35,2,1,1,1,66,calme,135599.7574544361
90,4,3,1,0,78,populaire,284412.10113536235
115,7,7,1,1,73,centre,517820.4052724261
166,6,1,1,0,8,calme,678650.5859463807
21,3,3,1,0,22,luxe,204875.53433428024
29,6,9,1,0,13,centre,262831.49031116546
197,4,12,0,0,53,centre,792763.6652659883
144,3,12,1,0,44,calme,594304.2918654826
100,5,0,0,0,15,centre,412723.5097424376
248,6,1,0,1,71,calme,947590.7298102782
159,2,6,0,1,56,populaire,554317.7580021053
89,3,0,1,0,7,calme,433674.0452499369
169,3,11,0,1,24,calme,668580.600665199
51,6,0,1,0,40,luxe,365561.17821442836
124,4,1,1,0,61,centre,479237.05575428327
103,3,3,1,1,76,luxe,503642.3121073655
148,5,6,0,0,17,luxe,703523.8687088693
201,6,3,0,0,49,luxe,875061.0349651272
77,5,4,1,1,40,luxe,471209.9697651988
217,6,3,1,0,33,luxe,981847.6322828231
230,5,3,1,0,11,centre,938890.463680533
165,4,8,1,1,79,centre,707692.9921649059
153,6,14,0,1,76,centre,573488.1101540107
64,7,5,0,0,74,luxe,418792.53232592624
116,2,11,0,0,77,centre,409639.5955414416
42,4,2,0,0,41,luxe,324671.1293900705
42,5,5,0,0,54,centre,253268.561074299
173,6,12,1,0,58,centre,694317.4334739115
224,4,6,1,0,50,centre,917703.22077378
154,5,6,0,0,52,centre,593446.1832938812
98,1,7,1,1,8,calme,394399.25839535426
63,1,12,0,0,2,centre,319055.969215486
46,3,3,1,0,7,centre,272996.5254997085
45,2,0,1,1,58,calme,176324.9167286344
116,1,5,1,0,29,populaire,394102.47344693396
226,7,7,0,0,66,populaire,800110.6237177808
55,5,4,0,1,54,calme,254091.53295928176
128,4,12,0,0,33,populaire,424105.3720466286
74,6,2,1,1,42,centre,370422.84756914637
211,4,3,1,1,27,luxe,1005730.5622312599
238,3,7,1,1,36,luxe,994490.1007464953
204,4,5,1,1,29,centre,819623.5862133398
88,1,12,1,1,70,centre,340439.6764648345
80,4,14,0,1,61,populaire,316104.2591682344
149,1,12,0,1,28,calme,616308.5371115702
74,1,4,1,0,1,luxe,452913.26456518506
141,2,12,0,1,56,centre,620102.1364480758
116,3,8,1,1,56,calme,449309.69637206674
99,7,9,1,0,41,calme,413866.8484995652
106,7,2,0,0,48,centre,485276.70119604253
57,5,6,1,1,56,calme,294689.67504113005
138,7,8,0,1,70,luxe,674712.2770878061
227,1,10,0,1,17,luxe,968221.0438647242
97,6,12,0,1,69,calme,445338.14060535433
176,3,10,1,0,26,centre,733691.483357678
173,5,11,0,0,53,calme,672091.2147032154
54,7,3,1,1,23,populaire,256135.72929769984
98,7,9,1,0,33,centre,478229.1715400871
86,6,9,1,0,21,centre,421108.69297222496
106,4,2,1,0,62,centre,460647.14164400566
176,3,0,1,0,35,luxe,711097.0313661576
53,6,8,1,1,60,centre,297462.0957012816
116,7,12,1,0,41,centre,538993.7548744797
188,3,0,1,0,32,luxe,784601.6086747901
188,3,1,0,1,73,luxe,778232.4842320312
170,7,8,0,0,8,luxe,836395.7430877127
90,4,4,1,1,24,centre,457851.30696813745
22,4,3,1,1,12,centre,208764.16393741695
77,7,8,0,0,46,luxe,478052.6253020542
51,3,8,0,0,44,luxe,338408.2868417819
50,6,1,0,1,4,populaire,198648.28515463832
101,2,2,0,0,30,luxe,474214.28466228046
62,1,11,0,1,30,calme,236649.21905739108
154,4,2,0,1,70,populaire,502521.62056488806
124,7,4,1,0,40,luxe,616935.8976914157
20,2,12,0,1,45,luxe,232132.4636905078
80,4,2,0,1,51,luxe,501028.5618359075
33,3,9,0,0,4,luxe,260432.8487960312
199,7,5,0,0,11,calme,748599.820574692
243,2,1,1,1,20,luxe,1082360.398220596
25,7,5,1,0,8,centre,270308.73755880125
122,6,5,1,1,16,populaire,525280.6375148285
29,6,1,1,0,23,luxe,295153.0410312703
90,5,5,1,1,26,centre,484655.72900059464
109,1,5,1,0,7,calme,445717.78670054255
245,1,5,1,0,43,populaire,855503.6969576072
177,4,11,1,0,61,luxe,816024.1170032091
247,1,12,0,0,28,populaire,878205.8738521881
168,7,13,0,0,73,luxe,741365.5334857092
145,7,4,1,1,23,calme,640270.0640480607
207,5,6,1,1,33,calme,799744.7552230482
228,6,12,1,0,59,populaire,834590.8298508662
116,2,14,0,1,30,populaire,434180.3604682485
93,2,11,1,0,3,populaire,311710.0399965908
134,6,4,1,1,8,calme,617773.5297281848
210,3,10,1,1,76,centre,837079.050227603
189,6,0,1,1,53,populaire,700526.5232625926
70,2,11,0,0,0,luxe,438390.3629444197
211,4,8,1,0,60,calme,806444.7150381325
223,5,2,0,1,72,populaire,771930.0438450645
75,6,1,0,1,30,calme,327777.58773717
227,3,9,1,1,44,populaire,832433.4370694382
60,4,5,0,1,59,calme,232416.07139089613
51,6,7,1,0,72,calme,203452.18050859167
34,4,1,0,0,41,populaire,106340.58776855406
81,6,3,1,1,26,luxe,428531.61214784835
174,4,1,0,0,57,calme,613973.9432677691
47,7,11,0,1,68,luxe,349100.10755863274
228,1,11,1,0,72,luxe,962736.574620131
83,4,8,0,1,33,calme,367035.80561419704
206,7,9,1,0,9,calme,912778.5354129407
205,1,12,1,1,65,calme,716820.7513663792
149,2,14,0,0,24,luxe,709651.3792066259
146,1,1,1,1,2,calme,615476.0727842484
55,4,9,1,0,33,calme,244893.1646976392
133,5,1,1,1,70,calme,519798.53022102214
218,5,13,1,1,27,calme,883851.1954084748
32,2,12,0,0,8,populaire,160607.6360613653
34,4,4,0,0,10,calme,153740.5852698301
108,1,11,0,0,79,luxe,537374.549373177
234,5,4,1,1,38,luxe,967008.8924193124
207,6,11,0,1,12,centre,907213.0879110115
41,3,6,0,1,10,populaire,149292.7820565551
210,4,0,0,0,34,populaire,735309.7978138591
237,7,11,1,1,7,centre,1009662.6308156663
244,7,1,0,0,6,luxe,1110380.7821998755
222,6,10,1,1,68,luxe,977016.1468006173
93,6,10,0,1,69,calme,383917.1870457274
44,4,5,0,1,56,centre,214368.08821194991
120,3,1,1,0,34,luxe,594636.2514370395
195,5,3,0,1,10,centre,842010.7398195597
190,3,9,1,1,37,centre,780109.857823211
136,2,5,1,0,77,populaire,424881.5751311817
185,1,12,0,1,48,luxe,811975.4453674748
60,1,11,1,0,34,luxe,392234.0981970954
192,6,6,1,1,28,calme,761050.2587661186
107,5,9,1,1,40,luxe,573682.0203783513
187,3,4,1,0,5,populaire,700829.763272144
129,6,7,0,1,9,luxe,683322.8480173558
139,4,5,1,0,22,calme,513202.4288033664
116,6,4,1,0,45,luxe,641766.0202366952
164,4,3,0,1,11,centre,734393.8804669505
235,4,5,0,1,54,populaire,766031.5136984878
248,2,5,0,1,12,calme,926299.1023590122
76,2,5,1,1,73,calme,345178.5270166638
149,4,0,1,1,6,centre,684168.0940061751
115,5,5,1,0,11,populaire,403230.41153013957
140,2,0,1,0,60,luxe,556241.2994840875
81,2,4,0,0,24,populaire,214621.37359098656
235,1,6,0,0,1,populaire,808782.8405742666
156,6,0,1,0,25,populaire,596065.7458077644
87,1,12,1,1,50,populaire,257456.06741964092
100,5,0,1,0,68,populaire,344093.5326518147
36,2,12,1,0,61,populaire,77644.77833217909
136,7,12,0,1,71,centre,543261.5396325276
69,2,14,0,1,72,calme,267056.22452725767
131,3,5,0,1,38,centre,619710.7567100633
113,5,14,0,1,10,luxe,673805.658400421
187,7,6,1,0,63,calme,713528.2964943239
205,6,5,0,1,79,calme,774718.9618578583
222,6,4,1,0,41,luxe,951544.1724946175
104,7,5,0,1,9,calme,435925.92633351823
168,6,12,0,1,18,luxe,805729.5128038189
165,7,13,1,0,3,populaire,684656.3590814796
202,5,2,0,0,2,populaire,703696.6914917618
176,7,8,0,1,13,calme,781126.0670067321
171,7,14,0,0,9,calme,760929.0364176838
93,3,4,0,1,5,populaire,344969.0149849263
128,3,1,1,1,30,populaire,468332.5238776207
164,1,13,0,0,30,luxe,769058.0392879046
37,5,13,0,0,47,calme,209390.55667325633
61,5,11,0,0,8,calme,361274.0743480731
231,3,9,1,1,75,centre,843867.2071509943
120,4,9,1,0,25,populaire,430547.148167864
64,4,6,0,0,1,populaire,245168.08775497694
101,1,2,0,1,3,calme,461810.8229687044
36,4,0,0,0,5,centre,241026.87001245405
92,4,2,1,0,29,luxe,479860.9953296452
33,4,8,0,0,54,luxe,264165.8209457449
196,2,4,0,0,27,populaire,682599.0582216247
176,1,6,1,1,60,centre,683534.9568015303
242,3,2,1,0,76,centre,925144.4196584618
151,4,3,1,1,54,luxe,708993.1438499233
101,6,0,0,1,35,populaire,369435.3122586339
167,7,2,0,0,73,calme,660870.8280102345
139,2,6,0,1,73,centre,588662.0317259169
139,4,3,1,0,4,calme,618555.6525419297
66,7,14,0,1,28,populaire,276807.8180811674
126,7,1,0,0,11,luxe,687744.7380652843
127,2,13,1,1,21,centre,614548.4150410774
28,1,4,1,1,58,calme,98650.49605952547
224,6,14,0,1,38,centre,923955.5292731245
98,6,4,1,1,1,centre,562336.4147893267
174,6,14,0,1,13,centre,812661.9253061947
34,4,1,0,1,9,populaire,136245.95163882608
239,2,14,0,0,47,calme,844863.4580293528
248,6,14,1,1,63,centre,1046999.1683182518
38,7,10,0,0,2,calme,277876.2260977418
109,7,5,1,1,71,populaire,406586.3339302267
199,5,9,1,0,59,centre,776446.2421438223
45,5,3,1,1,67,centre,283093.908529752
236,2,13,1,1,20,centre,935924.8485188733
173,4,0,0,1,18,calme,660370.5341867896
173,4,2,1,1,78,calme,658551.3017998525
193,1,13,0,1,19,centre,822185.2028598428
111,1,8,0,1,57,calme,421775.69893112883
196,6,9,0,1,41,calme,772128.9611569629
101,3,6,0,1,9,centre,513106.8788824804
243,7,12,1,0,22,centre,982843.7927422912
200,1,5,1,0,11,luxe,845479.6082730575
150,4,13,0,1,8,luxe,785597.6583031603
213,7,0,0,0,78,centre,782040.4467217693
244,3,8,0,1,28,populaire,818478.6399125985
61,1,12,1,0,19,centre,293881.4627772863
38,2,8,1,1,64,centre,252627.5285578023
36,5,0,0,0,2,centre,280802.5179814295
180,1,13,0,0,7,centre,695092.5410923942
95,1,12,0,1,38,centre,403891.8927726322
196,2,12,1,0,63,centre,717359.4834315815
203,4,14,0,1,30,centre,867596.5369828054
82,6,5,1,1,71,centre,364305.02727828687
150,2,6,1,0,78,luxe,657523.4832506854
126,6,1,1,1,21,luxe,660797.4873285261
68,1,9,0,0,4,luxe,414815.6930717254
74,4,7,1,0,57,populaire,200670.0337687496
173,3,7,1,0,72,calme,659272.7333634607
118,1,5,0,0,78,populaire,381394.60335772944
219,2,8,0,0,62,populaire,764909.5751684736
71,3,2,0,0,60,centre,304422.7957618258
119,5,1,1,1,51,luxe,541034.9913938575
136,3,1,1,0,32,centre,560128.8589457766
137,2,5,0,0,21,centre,576553.938318534
26,7,6,1,0,50,luxe,292026.180004538
65,3,5,0,1,10,centre,311135.8515790636
65,2,10,0,1,57,calme,291838.38227403496
119,7,2,1,1,49,calme,539632.491103728
163,1,4,1,0,69,populaire,537710.5655595126
171,7,7,1,0,16,luxe,809988.0386546334
208,4,5,1,0,45,calme,744529.2385954005
73,5,1,0,1,43,populaire,249835.84357655962
81,7,14,0,1,56,centre,460871.8609452965
148,4,6,1,1,4,populaire,551950.7088298012
68,4,7,1,0,38,populaire,222954.46289837724
44,4,3,1,0,57,calme,166177.55316301007
29,7,11,0,1,8,populaire,172898.57644539178
137,2,0,0,0,22,luxe,639947.7748497229
227,2,1,1,1,46,centre,905815.2576065322
163,5,3,0,1,35,luxe,723641.4820296307
205,2,6,0,1,30,centre,849860.1071165523
219,6,1,0,0,22,luxe,991084.5884938942
176,2,5,0,1,55,centre,682427.9464822192
111,2,1,1,1,70,luxe,483901.4192955262
153,2,11,1,0,45,centre,665203.9587677773
163,1,6,1,0,57,calme,601752.9189110493
167,5,1,1,1,35,populaire,673612.5524522079
99,6,2,0,0,67,populaire,280322.87321740395
90,2,8,1,0,59,populaire,295735.7144393425
97,5,12,1,0,13,populaire,439529.0736714718
62,3,14,1,0,24,centre,359950.92732814775
173,1,3,1,1,70,luxe,670948.534514436
109,7,13,1,0,78,luxe,501854.99477313756
97,2,4,0,1,43,calme,438425.3408719498
218,6,8,1,0,45,populaire,770534.5201100168
180,1,6,0,0,12,populaire,634320.6140951015
45,6,7,0,1,61,calme,191491.25474880938
140,7,14,0,0,18,populaire,532930.9794467178
64,7,10,0,0,11,calme,371621.68071576935
231,1,2,0,1,47,populaire,783978.1550226199
82,3,10,0,1,32,luxe,461497.15688218357
214,5,10,1,1,78,calme,839952.2174785854
199,1,3,0,0,36,luxe,824821.2086327887
87,4,6,1,0,5,populaire,376537.659770772
173,7,3,0,0,42,luxe,776613.141719786
222,3,1,0,1,49,luxe,938837.3778061229
21,7,13,0,0,45,centre,264469.5598083192
161,4,9,1,1,72,populaire,569232.4443628371
127,3,5,0,1,27,centre,578291.413233739
49,7,8,0,1,66,calme,199083.96975034612
68,4,1,1,1,10,centre,389400.7010581979
159,4,0,0,1,19,populaire,583642.9882210536
237,7,7,0,0,29,centre,928141.0259200528
63,7,0,0,1,35,centre,347377.7278262094
180,6,0,1,1,75,populaire,621292.6451054141
32,1,2,0,1,67,luxe,195691.25908094097
97,1,4,0,1,35,calme,367267.22957670694
235,3,12,1,0,57,centre,977887.1070281175
145,5,11,1,0,27,populaire,548168.9601634045
117,7,8,0,0,38,centre,546869.567748018
45,6,10,0,1,65,calme,289069.7200216501
168,1,9,0,0,42,calme,539330.7672402724
175,1,1,0,0,4,calme,725120.5108240562
67,6,11,1,1,12,centre,441871.4675777123
247,2,11,1,1,8,luxe,1046553.1225195811
187,6,0,1,1,56,luxe,806291.4794645491
85,1,0,0,1,26,luxe,475426.87821055815
220,5,7,1,1,60,populaire,812266.8670655643
106,2,9,1,0,76,luxe,511035.03714029945
98,4,9,0,0,49,luxe,473573.593733242
224,6,9,0,0,33,calme,876039.2856923386
42,4,1,0,0,64,populaire,85664.33896336662
100,2,12,0,0,44,calme,381797.815613082
67,2,8,0,1,33,centre,307912.33069475787
143,2,8,0,0,72,centre,524165.6085541319
149,3,1,1,0,7,calme,538380.9465580552
103,6,2,0,0,47,populaire,402599.7229178315
39,7,1,0,0,35,luxe,298188.5021588983
206,5,5,1,0,65,luxe,922154.8127794755
65,5,14,1,1,10,populaire,296858.96991989476
150,4,6,1,1,51,luxe,693157.5357842895
202,4,11,1,0,35,luxe,836390.5904943233
31,7,5,1,1,30,calme,290663.20738833863
59,4,2,0,0,23,centre,338981.90918919863
85,6,11,0,0,20,populaire,311104.82588351914
119,1,14,1,1,29,populaire,468100.3330482558
97,4,2,1,1,71,luxe,529622.5178208359
35,2,11,1,1,63,luxe,292612.68872101285
102,4,1,1,0,38,centre,461206.6365108924
181,2,1,0,0,0,populaire,635119.8045184452
63,3,10,1,0,41,calme,261013.0579642079
153,1,11,1,1,76,centre,594443.549348862
224,1,4,0,1,4,calme,828999.6652615938
211,7,10,0,0,11,centre,928513.2068015985
119,6,10,0,1,28,calme,578286.8141457511
41,6,7,1,1,2,calme,301380.1114855183
37,5,5,1,0,60,calme,168780.03792678384
31,3,8,0,1,50,populaire,91127.7213092509
199,7,10,1,1,35,luxe,947137.1855518832
142,6,4,1,0,74,populaire,502767.49290210515
241,2,9,0,0,1,calme,924855.7608784046
136,3,3,0,0,28,luxe,612407.1805349055
70,1,8,0,1,40,calme,326158.3537395844
90,2,11,1,0,28,centre,427776.30426556646
243,7,9,0,1,63,luxe,1059333.5068894897
67,7,10,1,0,57,populaire,199350.26035836947
38,3,13,1,0,9,calme,228464.83730778663
25,1,4,1,0,10,luxe,281812.6883616106
103,6,0,0,1,6,populaire,377438.7851657395
174,2,4,0,0,76,centre,588591.8053126571
72,2,14,0,0,60,calme,313944.4543942947
126,1,4,1,1,65,populaire,412774.8893693603
120,2,4,0,1,52,luxe,572023.8255690832
67,6,12,0,0,64,centre,346562.83584431134
154,6,1,1,0,26,calme,637762.4586749334
206,6,12,1,0,6,populaire,704688.060113967
88,1,5,0,1,64,centre,351800.99467357935
30,4,4,0,1,57,centre,191704.27567399887
162,4,1,1,0,24,populaire,584845.3674575712
211,7,11,1,0,47,calme,839292.2249209884
150,7,9,1,0,3,populaire,592095.4370832321
141,2,14,0,0,7,centre,640930.762444224
88,6,14,0,1,67,centre,420454.49015921867
42,2,13,1,1,59,luxe,324542.1501831381
200,1,7,0,1,3,calme,828869.6718773006
56,2,5,0,0,7,populaire,155847.029273067
28,5,10,0,0,15,calme,124996.210613312
34,4,9,1,1,18,calme,244285.97437180253
150,2,11,0,0,0,centre,664613.0644705582
112,2,10,1,1,33,luxe,649320.9503117246
217,3,2,0,0,44,populaire,730464.978954719
36,2,8,1,0,62,populaire,89715.83078045538
173,5,12,1,0,5,luxe,823712.5277426479
168,4,10,0,1,35,luxe,815550.7722438665
91,3,10,0,0,65,centre,398772.2173205702
168,1,13,1,0,77,centre,666621.2515630134
140,7,3,1,1,7,populaire,582299.384308033
30,1,2,0,0,66,luxe,228715.4711460601
185,4,6,1,0,26,calme,770631.1221566675
91,7,11,1,1,33,calme,470375.38273282244
125,1,12,0,0,27,luxe,578309.5153414196
235,5,14,0,1,30,populaire,841519.3939224774
144,2,13,0,0,16,calme,578660.6119382118
54,4,7,0,0,54,calme,274403.91080646066
138,7,6,1,1,74,luxe,682186.6420227797
33,3,0,0,0,8,centre,167708.01298862667
33,2,0,0,1,56,calme,192824.05464714742
29,1,12,0,0,44,centre,185339.78997079533
159,1,4,0,1,5,calme,626790.7883165468
57,3,14,1,0,13,populaire,234469.59118311797
127,5,13,1,0,30,centre,516353.7077721199
138,3,7,0,0,53,populaire,429139.90716520505
53,4,13,0,0,10,centre,296157.1235500042
188,3,9,0,0,68,luxe,806747.3286663233
29,1,10,0,1,1,luxe,294154.6614851702
141,5,2,1,0,16,calme,619220.0090799992
164,5,7,1,1,35,populaire,553258.9854997
164,6,2,1,1,2,centre,818763.2317740791
214,3,3,1,0,62,populaire,755286.3002721444
209,4,9,0,0,42,populaire,740364.97340832
242,1,6,1,0,32,calme,881604.682865592
134,2,2,1,1,77,luxe,624662.1313195007
20,5,3,0,0,28,centre,180659.44251183257
31,3,7,1,0,22,calme,179544.14466432083
122,6,3,1,0,58,populaire,452416.94974447397
23,4,8,1,0,48,luxe,279548.0958467946
189,4,3,0,0,54,luxe,814151.5367126468
160,7,12,0,0,74,centre,645659.5327541447
117,1,13,0,1,27,luxe,584875.6672756545
125,5,3,0,0,70,populaire,363105.69675641763
104,1,12,1,1,71,luxe,469926.1551910057
233,6,4,1,1,24,populaire,856443.952208637
140,2,0,0,0,6,centre,613092.9429062025
151,2,6,0,0,72,populaire,472031.4407605101
101,2,8,0,1,74,luxe,514103.7437267507
216,4,11,1,0,33,luxe,988745.1019513371
38,5,8,1,0,21,centre,283872.8682166372
149,1,0,0,0,66,centre,514398.8746154005
31,1,14,0,0,49,luxe,271877.45450952917
100,6,5,0,1,47,centre,438965.31123001885
93,2,2,0,1,71,populaire,262450.0588241396
117,5,3,0,1,69,calme,497170.0392578057
25,5,7,0,0,56,populaire,75347.00521735818
155,6,14,0,1,24,populaire,620335.2689617112
144,3,3,0,1,65,centre,513770.5269019869
70,5,7,1,1,15,calme,359482.0067756095
30,5,3,0,0,57,luxe,262462.2342938513
210,1,8,1,0,40,centre,818859.8767697674
204,6,5,0,0,50,populaire,737643.462002187
146,5,0,1,0,20,calme,576993.031027961
159,5,12,0,0,78,centre,666917.996212701
92,1,9,0,1,55,populaire,281127.334660947
21,5,1,1,1,46,populaire,95182.82367384523
27,1,6,0,0,42,luxe,194870.59841818485
158,3,9,1,0,30,luxe,752608.7499001162
143,4,6,1,1,14,calme,590738.929195194
72,7,2,1,1,47,populaire,301896.48335135286
247,1,0,0,0,61,populaire,817942.9423870508
29,1,7,1,0,69,luxe,249199.31306133745
232,5,12,0,0,2,populaire,942546.5940506516
231,1,12,1,1,37,luxe,990715.5282172535
131,6,9,0,1,57,populaire,470227.37823268014
27,2,13,1,0,66,luxe,220651.22753656376
55,2,10,1,0,44,luxe,371936.9521613674
240,3,14,0,1,43,calme,911167.8999264664
125,1,10,0,1,7,populaire,435171.70310927724
223,6,9,0,1,65,populaire,767202.4245849516
33,5,14,0,0,70,luxe,311186.94798839587
201,5,6,0,0,60,populaire,711945.3168096289
232,7,9,0,0,16,luxe,1073691.7814350317
105,4,7,0,0,70,calme,348711.92960543954
168,3,0,0,1,35,calme,632270.4834256932
69,6,13,0,1,67,luxe,403057.13508014765
241,6,2,1,0,79,centre,927517.1309486127
186,7,12,1,0,20,calme,756286.1739803676
39,7,1,1,0,45,populaire,200407.71093719092
235,5,0,1,0,45,luxe,981788.2279038591
106,4,4,0,0,15,luxe,609692.6564394779
154,5,2,1,0,21,calme,652863.2797988178
156,4,9,1,0,5,luxe,791137.4677777713
148,2,14,1,0,55,calme,617834.350424153
173,6,7,0,0,44,luxe,787578.1764993183
185,7,5,0,0,57,calme,735791.1403016316
57,2,9,1,1,27,populaire,234936.09577453323
208,5,13,1,1,16,centre,879343.4071356806
63,3,8,1,1,35,centre,327549.74644458294
105,1,8,0,1,11,centre,476448.38274997566
63,3,10,1,0,49,centre,329988.19614150724
93,3,5,1,1,58,calme,405066.4301357082
138,1,1,0,1,11,luxe,670856.5445832203
209,6,8,1,1,61,centre,878851.6857398007
141,2,1,1,1,39,luxe,653185.0764835912
153,2,2,1,1,1,calme,566968.5745809322
164,6,5,1,0,24,calme,697900.273941527
70,1,1,1,1,73,centre,275071.1301915944
57,4,4,1,1,30,populaire,297169.17488096724
171,3,1,1,0,46,centre,689830.1878242462
70,5,11,1,1,59,luxe,484342.4420491078
29,2,3,0,0,72,centre,102418.73777900139
139,6,14,1,1,40,calme,643375.9684421665
219,5,10,1,0,49,calme,863967.8514230953
168,7,10,1,0,22,luxe,832316.9760551299
89,1,2,0,0,11,luxe,432968.8537707923
104,5,4,1,1,70,luxe,515870.8037400444
76,5,5,0,1,21,centre,424647.3844090418
145,3,12,1,0,55,centre,580380.1437139129
58,1,6,0,0,15,populaire,165118.78056387455
235,5,9,0,0,57,luxe,968335.2524876996
52,2,7,0,0,71,populaire,140074.7098585394
206,1,8,1,0,50,populaire,734642.4417654043
37,2,13,1,0,5,calme,237921.21568262146
203,6,3,0,0,1,populaire,792088.9602466872
239,6,3,1,0,61,calme,892272.4981371122
76,7,6,0,0,41,luxe,518160.0060426961
115,4,11,1,0,42,calme,517428.5590237802
223,6,14,1,1,51,luxe,1029334.2151101481
67,5,9,0,0,57,centre,339211.3547497293
61,1,9,0,1,19,populaire,234400.00191720607
46,6,10,1,0,55,luxe,306281.05243900063
93,2,8,0,1,66,centre,349361.90430199465
129,5,10,0,0,58,centre,563109.2473619961
199,6,1,1,1,47,luxe,898679.4777512747
189,3,12,0,0,34,calme,738361.5927579443
51,2,10,1,0,7,luxe,342604.8080603815
45,7,5,1,0,75,populaire,203193.99662845896
44,7,9,0,1,31,centre,304942.3362580974
94,7,9,0,0,44,calme,424404.9714102795
42,2,7,0,0,66,luxe,249905.72511055172
245,7,12,1,0,26,luxe,1100296.334146698
76,4,4,0,1,2,centre,483490.52120050974
199,3,4,1,1,56,luxe,898226.75349695
145,4,7,0,0,64,populaire,460431.56479505624
106,6,0,0,0,19,calme,421814.89796822355
240,3,5,1,1,70,populaire,835644.2132694924
50,2,9,0,1,40,centre,263087.6609087701
83,4,12,0,0,0,calme,374181.29236547934
218,5,8,1,0,73,centre,910625.2116165686
52,3,11,0,0,75,centre,179652.4601309173
232,2,5,0,1,3,populaire,860302.4055859338
21,1,14,1,1,70,calme,174785.5743467774
37,3,6,0,0,9,centre,207705.60733718908
194,3,3,0,1,28,populaire,674491.7286511672
180,6,11,1,1,14,populaire,703137.011831825
248,5,9,0,0,18,calme,1006288.0746059722
245,6,0,0,0,57,luxe,1009618.2317154624
103,7,8,0,0,52,luxe,605955.9836185301
54,3,11,1,1,45,centre,336554.5447017278
198,3,5,0,1,17,luxe,875432.391391179
133,7,2,1,0,2,calme,558649.640208051
165,5,3,0,1,69,luxe,704172.7434357094
129,5,9,0,1,21,calme,578379.6872987212
107,4,11,0,1,54,centre,559582.0043429871
91,2,5,0,1,63,luxe,441298.3069148556
144,2,5,0,0,40,calme,514739.22021869745
49,4,11,0,1,7,calme,306146.1132943321
191,2,8,0,0,64,calme,674608.8086086952
72,3,3,0,1,2,populaire,272068.98654949985
157,4,4,0,0,28,centre,696076.5775713335
106,4,4,1,1,69,calme,470859.68409820914
199,2,2,0,0,17,populaire,692086.0515526267
196,1,1,1,0,57,populaire,616447.7288611829
158,2,7,1,1,0,calme,673642.6012404526
213,6,9,0,1,21,centre,933242.18969595
205,1,14,1,0,22,luxe,938908.8981076311
237,4,8,1,1,7,populaire,927237.7832501929
183,1,9,1,0,28,calme,617836.3470585276
180,3,10,1,0,43,centre,746755.8256592702
194,5,12,0,0,61,centre,795122.3822487466
32,1,8,1,0,18,calme,202759.44276995375
59,6,13,0,1,58,populaire,245255.19942545777
108,5,4,1,1,79,luxe,543298.4568379642
87,3,10,1,1,18,centre,442703.94333472097
61,6,8,1,1,21,luxe,429691.8139193181
166,7,3,0,1,67,centre,671017.2591312438
229,5,1,0,0,4,centre,970938.3940990865
248,7,2,0,1,4,centre,1059440.2609441485
113,3,0,0,1,24,populaire,426279.95254281245
38,5,4,1,1,23,populaire,165962.44103634593
205,5,0,0,0,0,calme,823536.3226037185
42,2,11,1,1,27,luxe,402223.36693466845
73,6,10,0,1,46,luxe,463662.9484991911
227,6,0,1,1,59,calme,894247.8076155842
84,1,13,1,1,18,populaire,311837.346036271
159,7,10,0,1,13,luxe,791830.8967248464
43,7,10,1,0,69,calme,235074.37231192054
53,6,12,1,1,7,centre,356644.38298084144
72,6,6,1,1,36,luxe,450597.0139888355
155,5,1,1,1,71,populaire,533433.9438557373
37,7,14,1,0,9,luxe,389620.485002565
76,4,7,0,1,66,centre,335626.4996388497
131,2,5,0,1,12,populaire,481656.0526491702
24,1,3,1,0,38,populaire,23343.73823902638
173,2,8,1,1,63,calme,658425.8380000879
177,1,14,0,0,29,populaire,551682.9271601797
201,3,9,0,1,3,calme,840945.5926684
32,5,7,0,0,44,populaire,65393.70587969655
102,6,12,1,0,5,centre,577661.9056424495
48,6,9,1,0,15,centre,338853.39558354724
22,4,2,0,0,21,centre,197720.9772332799
109,7,2,0,1,20,centre,522373.1236422806
123,7,3,0,0,64,centre,538779.544468385
142,2,13,1,0,29,luxe,684638.3742966715
205,2,8,1,1,23,centre,810964.0558525351
95,2,8,1,1,63,populaire,343606.8874193911
149,7,4,0,0,12,calme,602503.8196668861
222,6,11,1,0,25,luxe,1069198.488263724
127,7,8,0,1,19,populaire,487997.8798472164
175,2,5,0,0,60,centre,613968.3024096653
101,5,7,0,1,5,centre,563307.1879627781
96,1,10,1,1,42,populaire,362374.1213243627
248,6,7,1,0,48,luxe,1072648.969182359
233,5,11,1,1,8,calme,937916.1980489308
223,3,9,1,1,36,calme,869434.1565892689
21,5,14,1,0,15,calme,186774.3982412791
146,5,6,1,1,3,calme,671785.2924508005
248,3,3,0,1,31,centre,955217.4239975169
154,5,3,0,0,16,luxe,713930.2292465621
45,1,5,1,1,40,centre,274162.28062544775
237,6,13,1,1,44,luxe,1096363.0315842533
107,4,8,1,0,15,calme,458876.39204338484
223,7,6,0,1,19,populaire,862877.6633785104
35,3,4,1,1,41,populaire,165684.9431689685
170,6,4,0,1,9,centre,726449.7275595651
187,2,7,1,1,51,populaire,644162.7816663166
207,1,5,0,0,59,centre,714059.603744886
92,4,0,0,1,47,centre,476818.4867904667
51,1,0,1,0,22,luxe,338859.7559823576
34,1,8,0,1,32,calme,200337.6961933155
248,2,7,0,0,76,calme,854127.944842934
160,4,5,0,1,24,calme,631131.525398812
24,7,12,0,0,49,calme,165833.55030419765
222,1,0,1,0,69,luxe,877723.2678562202
93,2,13,0,1,78,calme,424486.5359250943
71,3,1,0,1,54,calme,298417.4356722419
96,2,9,0,0,67,populaire,307313.30603937217
188,5,2,1,0,77,calme,690642.3178788575
200,6,9,1,0,3,calme,832396.6134822618
129,2,11,0,0,27,centre,566906.3492257368
197,2,2,1,0,28,centre,779447.880995745
162,2,1,1,0,47,calme,639059.4846203738
125,7,11,1,1,71,centre,548781.9860931089
146,1,1,1,1,12,populaire,562485.7674521197
26,7,5,1,0,42,populaire,159062.13543280168
59,4,6,1,0,8,populaire,308009.01928964537
175,2,3,1,1,39,luxe,732153.2686928944
179,2,0,0,0,45,populaire,613886.941735603
118,5,5,0,0,57,calme,436086.00883509626
162,5,6,0,1,55,populaire,600860.4181994101
247,3,3,1,1,11,populaire,931146.4713554619
104,3,5,0,0,24,populaire,334340.9344112138
217,5,8,1,1,15,populaire,846916.8411495022
84,4,3,1,0,50,centre,374870.5760567883
151,3,11,0,1,79,populaire,480760.1901004987
30,6,14,0,0,71,populaire,45589.323733169
127,6,13,0,0,52,centre,600820.2394553815
45,4,9,0,0,51,centre,241760.951297429
208,5,3,1,0,66,luxe,851486.6981620128
184,3,9,0,1,23,calme,738507.8107493432
170,2,11,0,1,13,luxe,797185.9386748137
240,5,4,1,1,21,centre,964388.4407695114
104,3,2,1,0,30,centre,435963.85592876753
238,4,9,1,1,57,centre,982228.8976731083
187,6,1,1,0,68,luxe,819846.5786147204
224,4,14,1,0,18,populaire,809587.841607793
170,3,8,0,1,52,calme,637566.7632945947
142,4,12,0,1,1,calme,609041.5470517827
163,3,0,1,0,52,populaire,493181.62495616823
241,3,4,0,0,66,calme,883756.2116444951
208,4,4,1,1,46,populaire,734044.7211743211
87,1,7,0,1,52,luxe,441874.6621188541
123,2,5,0,1,56,centre,521355.3702367623
99,5,5,0,1,24,populaire,419838.97416776745
178,6,5,0,1,34,populaire,665045.235019781
72,2,3,0,0,28,centre,297289.2730652077
125,5,14,1,0,75,centre,528034.6454821178
172,5,0,0,0,16,calme,673941.542128696
63,6,2,0,1,79,populaire,150578.9260730836
159,2,12,0,0,48,centre,646781.8830238318
109,6,12,0,1,55,calme,490233.8807346482
120,3,14,1,1,72,luxe,593779.3436274424
116,6,9,1,1,2,populaire,471925.1891959438
239,4,11,1,0,21,luxe,1048866.3407607449
28,1,10,0,0,13,centre,225741.85787046037
31,1,5,1,0,2,centre,214986.87754377333
88,1,4,1,0,37,populaire,307908.63425102417
201,2,9,1,1,20,luxe,919468.8814004064
201,2,0,1,1,50,centre,731700.084111402
47,3,4,0,0,23,populaire,144028.61713837562
75,7,1,0,0,44,populaire,286183.10761354264
118,1,0,0,1,68,populaire,358992.90211954014
216,3,3,0,0,43,centre,857203.3424465008
245,7,5,1,0,46,centre,993596.82487286
129,1,6,0,1,56,populaire,437001.034360864
245,2,8,0,0,18,calme,905461.4168356041
96,7,4,0,0,33,populaire,371029.3641439356
122,4,7,1,0,2,populaire,443333.2594881717
125,4,7,1,1,38,populaire,494590.19931549876
128,4,10,1,0,74,calme,497148.27898897754
131,6,8,0,0,59,luxe,589033.4909856764
77,4,2,0,1,9,centre,397645.1964335307
97,5,2,0,1,39,centre,529564.5597651014
94,1,8,0,1,1,luxe,518250.6286683079
61,4,6,1,1,44,populaire,227243.39675130168
185,7,14,0,1,26,populaire,696709.6296385684
87,5,3,1,1,52,centre,391136.9355474432
200,5,14,1,1,8,populaire,755685.5087865164
52,5,0,0,0,0,luxe,442538.7331572757
90,3,6,1,1,32,centre,450958.3603930821
75,7,9,0,1,37,calme,331089.65677863854
124,3,5,0,1,56,populaire,418585.3042426024
219,5,2,0,0,32,luxe,969369.63642612
120,6,13,0,0,47,centre,551744.5518923558
70,4,4,1,1,2,centre,364741.3574222333
93,1,2,1,1,31,calme,402958.34259570384
190,7,7,0,1,76,populaire,673907.5400950566
140,6,4,1,0,20,calme,599425.1037373742
162,2,9,1,1,67,luxe,778538.7615232852
185,3,9,1,0,16,centre,773896.8603794172
162,4,5,0,0,41,centre,634994.5171541589
24,4,1,0,1,67,calme,67106.48249061794
240,2,7,0,0,11,calme,882189.1384250062
102,2,8,1,1,44,calme,401421.7518786298
201,7,2,0,0,35,populaire,665308.3217630776
70,4,12,0,0,79,centre,330145.3093566443
29,2,14,0,0,50,populaire,94640.63758066151
159,4,5,0,1,6,luxe,769794.2592324435
23,6,5,0,0,32,populaire,68605.42586871232
114,7,1,0,0,47,calme,471486.72642599535
165,2,9,1,1,65,luxe,754354.8478336647
99,6,7,0,0,32,luxe,591509.3374755487
55,6,4,1,0,77,populaire,188945.65922807268
44,2,10,0,1,26,populaire,181828.18443965743
234,7,10,1,1,46,calme,943047.6251505717
223,4,7,1,1,65,calme,838688.2196277067
117,5,13,1,0,42,luxe,631959.7410239079
183,4,12,0,0,79,calme,663931.389392364
120,1,13,0,0,18,centre,513612.80945513333
214,2,7,1,0,67,centre,800061.8725033985
28,3,14,1,0,9,luxe,303179.6763979669
80,7,11,0,1,21,populaire,361109.21219184174
72,2,2,0,0,75,populaire,199681.37011508422
165,1,4,0,1,65,centre,608954.2238931617
190,6,6,1,0,1,populaire,737345.9833524757
182,3,4,1,0,17,calme,686154.2922739794
82,3,5,1,1,79,centre,381907.41228970553
140,4,1,1,0,18,luxe,723134.2050734318
245,5,7,1,0,29,populaire,904023.9827606834
124,4,4,0,1,5,luxe,637481.0029174355
225,7,5,1,1,26,luxe,1057254.5801613876
23,3,0,1,0,14,populaire,54411.84156474341
112,3,9,0,1,30,populaire,419065.6141272002
188,5,1,0,0,43,centre,831826.6069559188
192,7,10,0,1,75,centre,760631.292650325
197,2,3,1,0,9,luxe,861785.6547453117
226,5,10,0,1,20,luxe,1004415.6337104281
47,6,8,1,1,46,centre,275955.23113598546
189,4,5,0,0,54,luxe,784976.8354384803
99,2,7,1,1,35,calme,421385.00795488455
95,4,1,1,1,73,populaire,364770.9998309672
135,5,9,0,1,57,populaire,497893.5506410723
88,2,14,1,0,18,calme,426623.76556266577
117,5,4,0,1,63,centre,529579.198777131
20,6,11,1,1,9,centre,268413.51664657064
186,1,11,1,1,48,luxe,766294.1674498123
115,3,12,1,0,53,luxe,616915.5370043516
237,7,0,0,0,60,centre,950376.3295945234
36,2,3,1,1,58,luxe,287483.4618216237
131,3,9,0,0,1,calme,507071.47529205255
110,1,0,1,1,74,populaire,292274.75056728517
107,2,10,1,0,7,calme,426566.9039919547
182,3,10,0,1,18,populaire,648351.7981276299
193,3,8,0,0,79,populaire,633521.5527383677
189,2,1,1,1,67,luxe,794026.4274805146
186,3,6,1,1,13,luxe,867793.7270915308
109,3,2,1,0,21,populaire,406109.3425755061
68,2,13,1,1,16,luxe,492296.2207895196
209,7,1,1,1,62,calme,797616.5715828388
57,3,12,1,1,25,centre,293471.8262908283
170,3,3,0,0,35,luxe,721930.8751261102
169,7,6,1,1,44,luxe,832577.6447121946
151,4,6,0,1,29,luxe,746607.9602531121
196,6,8,1,1,20,centre,882791.5915533497
78,4,11,1,0,19,calme,350156.7166988405
220,1,12,0,1,41,populaire,772795.0248543825
87,4,2,1,0,55,calme,394125.64519068756
218,4,6,1,1,11,luxe,1011518.746557159
234,1,5,0,0,7,centre,859294.6932119887
149,3,9,1,0,62,calme,561015.4122042179
68,3,6,0,0,55,luxe,364929.83964267006
235,4,6,1,1,6,luxe,1008649.204691663
145,1,9,1,0,61,populaire,513542.23516866495
242,3,4,0,0,60,centre,863466.005702635
178,5,8,0,0,9,populaire,656912.5205137135
130,2,6,1,0,49,calme,532243.4261923146
187,2,6,0,0,19,populaire,621185.0924052369
67,6,11,0,0,27,calme,328523.193684617
70,2,13,0,0,13,luxe,442699.44145137374
62,4,2,1,0,75,centre,256987.64517828927
117,2,0,0,0,7,centre,485240.95561050606
202,2,13,0,1,6,luxe,926038.3124704405
235,5,13,0,0,4,centre,993622.8904902528
196,3,4,0,0,0,populaire,727598.7402789386
143,5,7,0,0,72,calme,503480.772354472
237,4,4,1,0,9,calme,874771.1893701091
99,2,9,1,0,57,calme,408098.6500990977
204,7,2,1,0,64,populaire,756389.8305638506
130,3,8,1,0,59,calme,574848.3191474066
224,6,1,1,1,19,centre,1035862.2658804276
162,6,14,0,1,57,calme,710827.7723258731
46,2,2,0,1,42,populaire,111962.3079705982
215,2,11,1,0,28,centre,855743.4695012295
227,6,3,0,0,1,luxe,1028845.4262775502
211,6,9,0,1,25,centre,905395.569523548
241,7,0,0,1,74,populaire,834455.0346411393
177,4,10,1,0,58,centre,756218.0451202351
183,2,3,0,0,0,calme,691569.6642907114
214,6,3,0,1,30,populaire,791729.2596474509
233,7,8,1,1,37,luxe,1051798.5325774613
132,1,7,1,1,21,calme,554396.3525305775
105,6,1,0,1,65,populaire,380984.0853189525
133,3,12,0,0,46,populaire,427706.2710169935
143,3,6,1,1,0,luxe,643462.8502308892
68,1,5,1,1,49,luxe,380103.56009806384
95,4,6,0,0,35,populaire,336991.14447119506
74,2,10,0,1,44,luxe,439875.8262428055
232,2,3,1,1,35,luxe,969585.4467773295
75,6,13,0,1,33,calme,384218.5759641696
215,3,13,1,0,8,populaire,803529.2892396122
114,4,4,1,0,75,centre,447078.73161348276
63,4,5,1,1,3,calme,337603.9313808257
178,4,8,0,0,78,populaire,545022.0169901026
205,6,1,0,0,62,populaire,638732.5640439434
106,2,10,1,1,3,calme,519657.03065734415
200,4,8,1,0,4,luxe,922982.8225998364
103,6,9,1,1,9,centre,534300.9536591613
226,6,0,1,0,43,centre,914386.600147892
170,1,3,0,1,39,populaire,585966.3751854142
175,5,11,1,0,35,populaire,705013.1188963352
35,4,4,1,0,34,centre,271711.9750241524
184,5,8,1,1,58,populaire,677510.3078497025
168,2,14,0,1,64,centre,736334.9468303372
226,6,5,1,1,30,luxe,1013261.9209705157
164,7,3,1,1,45,centre,756401.1193803122
56,4,1,1,0,48,centre,269067.23375581065
96,7,4,1,0,5,centre,505618.3578937602
166,3,7,1,1,69,populaire,591125.2376287408
177,2,7,0,0,18,luxe,792011.1988540643
64,1,5,0,1,41,calme,271735.15505208494
165,1,10,0,0,29,calme,626016.1096311124
225,5,0,1,1,25,centre,966600.4026142689
81,6,14,1,0,2,populaire,367430.7910374183
183,5,7,0,1,32,calme,714691.1523498876
119,3,3,1,0,49,calme,456957.8469608231
231,3,14,0,0,30,centre,955286.480999026
71,1,13,1,1,67,centre,358197.40659042285
38,7,1,0,0,9,populaire,172798.59740083016
128,4,0,0,0,21,calme,483706.0166184164
63,1,6,1,1,62,centre,278962.9679050269
26,1,1,1,1,53,luxe,234568.89622807532
191,7,12,0,1,50,luxe,880012.9136335395
136,7,3,0,1,3,luxe,697120.4883303965
87,3,3,1,0,36,centre,428017.2651259509
53,7,12,0,1,70,populaire,192462.06993892568
213,5,9,1,1,62,luxe,909397.9697208971
88,3,14,0,1,50,luxe,480081.4453435738
74,7,0,1,0,7,luxe,500969.2181089738
29,6,1,1,0,0,centre,230950.07373714074
243,3,0,1,0,7,centre,970007.0990657362
61,3,5,0,0,54,centre,266487.7061593663
60,1,12,1,1,8,luxe,411192.89878327807
224,4,2,1,0,50,centre,872715.7784520504
216,1,0,1,0,15,centre,863762.0813581216
141,2,11,0,1,52,populaire,483788.52926675003
157,3,7,1,1,58,centre,729083.1038936246
29,7,13,1,0,44,calme,229197.69701951524
121,7,11,1,1,36,centre,606721.7040318734
238,7,13,1,0,65,centre,949904.9843960128
207,3,3,1,0,63,calme,737336.5483030854
147,7,9,0,0,35,calme,637812.8008573708
198,2,6,1,1,75,centre,717412.7904139336
168,3,9,1,1,49,populaire,635726.0198499393
155,7,1,0,0,52,luxe,747377.6891641943
212,3,14,0,0,56,calme,780445.4849814653
111,6,5,0,1,18,populaire,475150.0346495764
132,3,5,0,0,25,centre,548394.8168933233
97,2,6,1,1,67,centre,416725.0345165678
104,1,11,0,1,42,calme,429262.894436327
49,3,0,1,1,57,calme,208385.28485174823
232,4,13,0,1,76,populaire,823407.1613365323
68,2,11,0,0,58,centre,288063.46852020675
28,5,0,1,1,45,calme,186264.68119716996
164,6,14,0,1,67,calme,734140.84513733
88,2,1,0,1,39,luxe,475419.3598944466
77,1,13,1,0,12,calme,381101.00378119724
204,7,10,0,0,8,populaire,803368.3677166209
81,7,1,0,0,65,centre,311031.82829618367
242,2,4,0,0,52,calme,860197.6282076457
71,5,0,1,0,75,luxe,429621.1398320309
208,7,10,1,1,3,calme,854457.8165898866
59,6,1,1,0,13,calme,305302.72989183024
185,4,5,1,0,7,centre,849427.2839822691
190,5,2,1,1,61,luxe,809149.8311686595
82,2,3,0,0,44,populaire,283533.7481628671
166,5,0,1,0,66,populaire,534122.8391577427
247,7,4,0,1,61,centre,998552.5426511527
69,7,3,1,0,77,populaire,257447.72045896098
180,2,7,0,0,69,populaire,599240.668276467
160,7,2,1,1,35,calme,645847.0267151805
97,7,9,1,0,0,populaire,457740.5975815748
116,4,0,0,0,59,luxe,515821.74490600056
209,4,13,0,1,73,calme,737551.9757243373
240,1,12,0,0,12,populaire,812679.7654963038
62,4,9,0,0,11,luxe,388988.965481749
196,3,4,1,0,74,calme,727701.5530914044
55,5,13,0,0,16,luxe,433039.6230008468
141,5,14,0,0,46,centre,609929.5383331953
127,2,0,1,1,52,centre,498747.58215293364
29,4,10,0,0,66,populaire,59666.34279013702
114,1,4,0,1,9,luxe,575416.6757377818
25,7,8,0,0,45,calme,131534.14514287963
76,1,4,1,0,3,luxe,412785.82835254597
148,1,1,0,1,56,luxe,643844.3272162699
90,6,12,1,1,37,centre,470701.0099879213
205,7,14,0,1,11,centre,871460.4482363872
238,3,1,1,0,30,populaire,868991.8233251823
40,4,9,1,0,1,luxe,341053.5597555005
111,7,8,0,1,0,luxe,608826.5876792844
146,1,11,0,0,24,calme,597627.7941588877
99,7,13,0,0,4,calme,487669.0816161954
75,3,4,0,0,47,centre,324854.30789715017
234,5,10,0,0,13,luxe,1004984.995055929
135,2,7,0,0,51,populaire,424421.12445521634
167,4,9,1,1,73,centre,662447.0425075737
249,4,3,1,0,20,luxe,1046974.4755552239
201,6,1,0,1,24,centre,846692.546687932
44,5,3,1,0,66,populaire,111751.09370267332
175,4,11,0,0,49,luxe,698360.845654807
24,6,10,0,0,32,populaire,162781.5710771854
139,6,3,1,0,16,luxe,665095.3142894317
40,6,10,0,1,69,luxe,272890.712054675
37,4,8,1,0,33,populaire,183914.680982201
194,4,9,0,0,25,calme,737909.6987343555
217,4,10,1,1,41,populaire,803788.6594184091
76,3,5,0,0,30,populaire,281211.2376809142
112,6,14,1,0,50,centre,552863.4491541897
38,3,9,1,0,35,populaire,156307.62871379108
147,2,14,0,1,12,populaire,530349.7896516203
116,4,5,0,0,79,centre,418160.8564345806
212,7,4,1,1,12,calme,937007.7527595813
150,5,5,0,1,31,populaire,557935.2071861678
189,1,0,0,0,4,centre,761472.3742976526
40,2,12,0,0,11,calme,198438.9107177098
246,7,4,0,0,58,calme,930821.8365918859
59,1,11,0,0,40,populaire,165825.92394742827
86,1,5,0,1,36,calme,336372.2565599234
172,4,7,1,0,67,populaire,543541.4220913005
146,5,3,1,0,47,calme,588471.6775465548
249,1,13,0,0,42,calme,836101.8740122
74,6,4,1,1,40,calme,395843.4451673424
231,7,3,0,0,55,populaire,866975.0311515662
199,1,6,1,0,68,calme,692081.4562682239
191,2,9,0,0,10,luxe,873125.1145919254
128,5,5,0,0,8,centre,568380.8696934563
117,5,13,0,0,27,centre,538267.5967552126
232,1,3,1,0,21,luxe,955386.8319912759
203,5,5,0,0,74,calme,723788.1125864043
202,2,12,0,1,5,luxe,903285.4409582831
131,7,3,1,1,25,populaire,467119.49378532695
234,2,11,1,0,15,centre,950850.687263404
217,2,7,0,0,13,calme,764090.4538221385
134,6,10,1,0,34,centre,598100.7106679989
136,4,14,1,1,41,luxe,634609.2357676583
224,1,14,0,0,52,luxe,908794.3522782726
106,7,2,0,0,21,centre,511789.2320281666
220,5,7,0,1,52,centre,922887.2392498036
100,2,12,0,1,65,centre,427554.47675891704
85,1,1,1,0,12,centre,383593.424110195
38,7,5,0,0,10,luxe,319418.42355729075
230,7,7,0,1,11,calme,911760.0581606773
154,1,0,0,1,52,centre,632152.9250882436
137,4,5,1,1,8,calme,610296.9992410763
210,6,8,0,1,70,centre,813720.459654843
61,5,14,0,0,16,populaire,194308.1356959292
61,6,12,0,0,60,calme,326710.47508164245
78,7,9,1,1,9,populaire,329810.8637057057
39,5,9,0,0,37,luxe,317164.6096744247
92,7,1,0,0,38,populaire,309738.830997018
36,2,10,0,1,29,luxe,274029.1139493392
46,2,12,0,1,33,centre,277505.51234619186
194,1,0,1,1,32,luxe,867696.3433971389
21,5,1,1,0,31,centre,209225.25874297504
82,5,4,0,0,11,centre,431952.4977338105
81,7,5,1,0,64,centre,363783.4797647573
119,6,0,1,1,9,luxe,657565.2257511134
38,2,6,0,0,18,centre,236964.5198984341
36,3,10,0,1,22,populaire,111552.33671849316
88,1,3,1,0,56,populaire,200384.20240902487
186,5,8,0,1,58,centre,760539.794037982
229,4,14,0,0,53,centre,871709.434792988
136,4,14,0,0,73,calme,472243.5977084888
218,3,14,0,1,1,luxe,929618.267914572
100,2,5,1,1,47,calme,386827.1637683024
58,2,8,0,0,5,populaire,261255.10692064348
55,2,0,1,0,42,luxe,361346.5959793872
187,6,3,0,1,16,populaire,748467.0689309372
192,7,1,0,0,78,luxe,793770.731369718
151,4,5,1,0,35,luxe,740672.6237572175
249,2,14,1,1,23,luxe,1118632.1084528985
172,4,3,1,1,60,populaire,647580.1446535273
216,3,8,1,0,28,centre,861310.3072778144
177,1,13,0,1,77,populaire,564124.0876031729
223,7,2,0,0,57,luxe,944867.6252620526
215,6,0,1,0,65,populaire,745257.4058112556
235,5,10,0,1,52,populaire,801224.1729048673
48,3,12,0,0,69,calme,175784.40509237058
220,7,10,0,0,8,luxe,1035385.9480253742
215,4,0,1,0,75,populaire,695773.1434651648
70,3,11,1,0,41,luxe,423200.4058427088
171,5,8,1,0,38,populaire,635783.6057915136
33,7,8,1,1,68,calme,245847.59819360325
88,6,4,1,1,39,populaire,370118.0768100944
165,1,14,1,0,58,centre,680448.2239804127
189,5,1,1,0,43,luxe,848482.4102099339
76,7,8,0,1,64,calme,356704.6421716659
230,6,12,0,0,73,populaire,822177.1339288211
31,4,11,1,1,10,calme,165659.81636514328
229,5,12,0,1,4,populaire,892694.4318739255
36,3,7,0,1,76,luxe,201716.59558580897
49,2,12,1,0,73,populaire,122016.27154632524
107,3,10,0,0,48,calme,443382.8826793003
222,4,9,0,0,50,centre,860088.0480730713
118,7,9,1,0,35,calme,518890.266718635
42,1,5,1,1,15,centre,274197.273534664
228,5,6,0,0,6,centre,989703.7274754972
148,7,11,1,0,43,luxe,666959.2135700141
98,1,5,1,0,25,calme,371351.0731193294
51,4,14,0,1,35,populaire,253320.24041906954
28,5,14,1,0,52,centre,211428.18775598946
34,6,4,0,1,43,calme,198134.0231615152
175,6,3,1,0,11,luxe,852999.0062269022
171,7,6,0,0,67,populaire,556156.4240974037
207,3,3,1,0,22,populaire,759977.3684348728
182,7,9,0,0,29,populaire,665032.1920245705
233,3,9,1,0,62,calme,851550.3494392713
46,4,9,0,1,2,calme,252588.80166413277
230,6,8,1,0,79,populaire,812137.5121370725
128,5,4,0,1,33,luxe,633510.6678965035
95,6,7,1,0,48,populaire,361767.70284812956
167,3,11,0,0,43,populaire,562347.439468055
84,7,12,0,1,40,luxe,516714.63153646915
232,4,14,1,0,47,luxe,981216.9646297956
196,6,11,1,1,70,luxe,872573.7698388426
128,4,11,0,1,7,populaire,477278.5720702554
148,6,5,1,0,6,luxe,717284.5695351487
29,7,3,0,0,36,calme,234020.03083130321
66,1,11,0,0,54,luxe,364519.9748839832
142,7,2,0,0,70,populaire,418305.0457859753
78,6,10,0,0,49,centre,380476.7395720048
115,3,5,0,1,20,centre,552049.1575363923
209,7,0,0,1,33,calme,778421.1128953845
122,5,1,1,0,48,centre,542801.3926894484
143,3,6,0,0,26,centre,594649.6046179555
105,3,14,0,1,7,centre,465184.24493167386
165,3,3,0,1,33,calme,621349.7227986362
131,4,4,0,1,17,centre,582961.2691163733
193,2,14,0,0,50,populaire,614940.8048270678
179,2,10,1,0,11,centre,727499.5967976553
46,1,9,1,1,50,luxe,330860.2719393497
239,3,0,0,1,62,centre,911585.438784276
37,2,1,0,0,39,centre,205469.53545391763
186,1,3,0,1,21,populaire,625789.3569570485
196,4,7,1,0,7,calme,820374.8712495014
240,3,9,1,1,27,calme,931680.9807263087
101,5,3,0,0,49,centre,427374.64585834194
191,4,13,1,1,46,populaire,696297.7801550444
91,1,2,0,1,55,centre,387947.14602590416
73,4,2,0,1,31,calme,337022.5055502631
242,5,11,1,1,10,calme,969974.7991586489
181,4,4,1,0,20,luxe,854477.3075636146
90,1,2,1,1,25,luxe,482435.46155438025
183,5,7,1,0,13,populaire,706752.6810693897
165,5,4,1,1,78,populaire,613217.3672756887
57,4,11,0,1,13,calme,293139.8166778477
206,5,13,1,0,75,calme,765156.2083150893
156,7,11,0,1,2,calme,662289.0455756828
220,4,13,1,1,56,centre,866550.279375596
219,3,6,0,0,6,luxe,972430.3225519018
198,5,10,1,1,38,luxe,929642.0778052479
54,4,7,1,1,56,calme,206544.44653798765
101,3,4,0,1,64,calme,356596.39776940213
152,5,7,1,0,24,luxe,778287.6065465305
161,3,11,0,1,30,populaire,559874.467250367
239,6,14,1,0,9,calme,962407.9599355563
177,5,2,0,0,76,calme,638568.1704002835
23,6,14,0,0,71,populaire,82106.90128946079
186,1,13,1,0,8,calme,689991.880211852
231,1,11,1,1,78,luxe,952123.8499725725
211,4,6,1,1,7,luxe,881224.3132586997
172,2,7,1,0,18,populaire,593172.9715131377
175,6,6,1,1,29,luxe,829566.5575411348
223,6,13,0,1,8,populaire,809365.4120992762
213,1,1,1,1,46,populaire,746101.6717284936
225,6,7,1,1,45,luxe,973856.7649230363
169,2,5,0,1,0,populaire,671596.4603397879
178,3,9,0,1,2,luxe,851130.9227481037
42,3,2,1,0,33,populaire,135413.06134530815
67,2,3,0,1,24,populaire,258320.76911251008
167,6,6,1,0,29,populaire,572002.3454526264
144,6,2,0,1,0,luxe,743238.6064838405
185,6,0,0,0,17,calme,692467.7117916867
74,7,5,0,1,32,centre,431272.97448099736
87,4,2,1,0,8,calme,381634.8724632681
226,5,10,0,0,6,populaire,771512.8635455726
107,2,14,1,1,29,luxe,537137.1114257738
236,2,9,1,1,76,populaire,802730.6397330455
20,7,5,1,0,12,calme,203049.51464291505
154,2,9,0,1,12,centre,617805.560012325
204,2,11,1,1,41,calme,733711.5575385166
114,7,2,0,1,73,luxe,556739.279513372
159,2,5,0,1,77,luxe,727250.6686438377
125,6,10,1,0,62,calme,494040.2783785316
152,7,3,1,1,68,calme,621303.8847723766
127,4,12,1,1,35,centre,509020.41714562813
197,1,3,1,1,34,populaire,767360.3105710013
61,6,9,1,1,45,luxe,398177.09681588894
121,6,9,0,0,44,luxe,610100.635414578
143,5,10,0,1,55,centre,559528.1395014534
159,7,1,1,1,4,luxe,821566.7620603621
122,1,13,1,1,43,luxe,586745.7677312064
165,2,3,1,0,27,calme,638236.9022564341
213,1,10,0,1,41,calme,785301.6175574998
93,4,11,0,0,30,centre,451407.1398626291
226,3,3,1,1,6,luxe,1037052.539771554
241,6,10,1,1,6,centre,989871.193143895
127,7,6,0,0,3,populaire,553147.7942839359
141,7,4,0,0,31,populaire,498725.42254820117
36,1,7,1,1,27,centre,251283.45660674863
215,5,6,1,1,55,luxe,917581.4208306477
90,4,9,0,1,3,populaire,373497.603056147
81,3,8,0,1,7,luxe,480928.80997279816
60,4,7,0,1,13,calme,370105.66398692486
242,7,14,0,0,29,centre,972311.3596512381
138,2,8,0,1,2,populaire,564837.8147479696
181,3,0,1,0,1,luxe,796912.4618520781
217,7,9,1,0,9,calme,941302.3703740757
249,5,12,0,1,69,centre,1005658.4850916225
64,3,11,0,1,70,populaire,194636.77222145803
77,7,2,0,0,15,calme,363156.73631059343
198,5,4,0,0,69,centre,766632.6804860502
145,2,8,1,1,79,populaire,479528.9206453391
181,5,7,1,0,75,luxe,799558.2475558411
63,4,13,1,0,78,calme,266966.11823761894
34,1,9,1,0,21,calme,150886.9314979784
97,4,6,0,1,34,luxe,511488.05210181023
89,7,1,0,1,78,calme,373803.7645135856
197,7,14,1,0,48,calme,762079.6040932331
120,6,10,0,0,1,centre,563048.5977817738
179,4,5,1,1,65,luxe,812317.5165894547
214,3,3,0,1,18,calme,834201.4194245146
22,2,4,0,0,68,luxe,178122.0216176813
233,6,13,1,1,3,centre,1043911.1958804004
105,6,4,0,1,40,centre,524531.6420031228
93,6,12,0,1,55,luxe,506748.7659564212
70,7,3,0,1,54,luxe,456859.5896659663
86,1,3,1,1,30,populaire,275056.28627434
95,5,14,0,0,21,centre,477275.65628391836
112,3,3,0,0,74,calme,401465.4083097059
195,7,10,0,1,47,centre,825497.8811968961
164,2,1,1,1,79,centre,623951.0980542296
26,7,0,0,1,3,populaire,159653.18166518534
32,1,11,0,1,20,luxe,293508.3568435074
139,7,1,1,0,40,centre,545215.1471094274
85,7,6,0,0,44,populaire,356980.98985106574
23,4,11,0,1,7,luxe,324249.2090190396
157,2,0,0,1,8,centre,647632.6320973099
107,6,5,1,1,17,populaire,470878.9027713996
36,2,3,0,1,30,centre,206312.18784183808
71,2,1,0,1,34,calme,215976.26649484882
153,4,14,1,0,29,luxe,749599.146212372
230,5,14,1,0,17,luxe,982713.7948772914
88,7,2,0,1,40,centre,401843.4779999594
243,3,6,0,1,23,populaire,836872.4679684561
221,6,5,0,0,47,populaire,779322.1550714134
156,5,14,1,0,13,calme,670947.3635398453
238,1,14,0,0,18,calme,924679.9620003998
224,7,5,1,1,59,populaire,783027.8217126202
230,6,7,0,0,21,luxe,986002.8301780382
40,3,7,1,1,29,calme,268492.27121566393
43,7,5,1,1,14,centre,347148.0791430192
249,1,0,1,0,20,centre,965735.5660008736
23,4,9,0,1,25,luxe,282372.71845234267
171,5,12,1,0,11,luxe,838518.0954662175
206,7,6,1,1,6,calme,872892.5685751676
246,6,7,0,0,74,centre,943966.4594440919
22,2,4,1,0,34,luxe,249757.99894408253
87,3,12,1,0,67,centre,359151.8496983098
120,7,10,0,0,1,calme,554640.9956917458
187,6,3,1,1,19,luxe,828054.7399423118
195,2,6,0,0,46,populaire,648639.9547754953
73,6,11,0,0,11,centre,391438.18141525565
54,7,11,0,0,52,luxe,403458.276777839
242,1,10,1,0,16,calme,874088.756707868
75,2,12,0,1,17,populaire,295324.9018507249
127,2,5,1,0,23,luxe,635029.7283790642
236,6,11,1,1,71,centre,974319.4619530088
59,4,5,1,1,36,centre,315935.3432950481
224,7,13,1,1,29,calme,915353.3901331103
87,4,2,0,0,51,centre,389973.7500759653
65,5,10,0,1,22,populaire,240880.40591290564
97,1,9,1,0,36,calme,373074.8266876557
160,4,14,1,0,73,calme,583880.2642763256
174,6,3,0,0,23,luxe,747733.0179288891
25,7,4,0,1,79,calme,190478.1524632094
36,4,8,0,0,49,luxe,283781.5659382374
183,5,7,1,1,75,calme,673047.7697105797
118,3,2,0,1,19,luxe,527607.9049171883
100,5,5,0,1,46,luxe,543610.8542673753
21,2,9,0,1,17,luxe,217545.65766650444
96,7,0,1,0,25,populaire,355917.80861329526
199,2,2,0,0,70,luxe,799068.8830498816
85,4,9,0,0,42,populaire,256226.6199133243
71,4,13,0,0,46,luxe,468080.3530621486
111,5,11,1,0,42,luxe,552719.112742402
190,5,6,1,1,31,populaire,673752.884813834
237,6,6,0,1,6,populaire,902315.6339970327
41,1,1,1,1,31,populaire,128816.93964706875
130,6,2,1,0,64,populaire,507909.63737406925
126,2,14,0,1,57,luxe,644255.9713955459
202,6,6,1,0,52,luxe,937025.8567605615
86,5,11,0,1,33,calme,416492.55654080294
246,7,5,1,1,68,calme,968139.865962151
207,6,12,1,1,55,luxe,927342.8868091389
205,3,6,0,0,65,calme,754790.1032154271
159,1,9,0,0,31,populaire,513719.8388752464
235,5,8,0,0,49,calme,875579.5578624173
88,7,7,1,0,23,populaire,322302.85385984485
103,4,5,1,1,45,luxe,537309.1110322515
122,6,11,1,0,2,calme,578783.0802303482
58,5,13,1,0,9,populaire,297791.1356184658
32,4,3,0,1,5,luxe,336530.21104869305
60,4,13,0,1,51,luxe,436211.01771611656
76,2,12,0,1,49,populaire,218454.23390901054
200,2,9,0,0,57,populaire,676737.1648196427
31,7,8,0,1,51,luxe,287130.5878328139
32,5,6,1,1,12,centre,289577.8632860281
139,7,4,1,0,58,centre,577097.1888696081
221,5,1,0,1,38,populaire,770408.7935295447
116,3,8,1,0,52,calme,480633.21620055527
76,1,13,1,0,57,populaire,247312.30429157277
59,1,6,1,0,19,luxe,349453.63652031036
137,5,8,0,1,62,populaire,438263.11276758317
99,2,10,1,1,9,centre,466173.15879055264
147,6,8,0,1,25,populaire,563381.901234631
192,7,9,1,0,18,centre,800611.3651139678
54,3,4,1,1,60,calme,249387.85980220122
22,1,6,0,0,76,calme,30084.4450324122
139,5,4,0,1,33,calme,565731.2796644964
24,2,14,0,0,43,populaire,78786.99144109401
237,2,2,0,0,17,centre,901940.1160768191
30,2,9,1,0,71,populaire,98834.35140996231
145,7,7,0,0,15,calme,627560.5476657164
90,6,7,0,0,76,populaire,265156.9096966937
136,4,8,1,0,25,centre,568061.3564647838
203,7,10,1,0,64,luxe,948086.0275504878
157,6,13,1,0,65,centre,698466.8371203124
125,2,11,0,0,76,calme,432817.8804849784
135,5,5,0,0,26,calme,555180.728570261
181,3,1,1,0,3,calme,708866.0929534333
86,6,2,1,0,50,populaire,329553.23849444056
219,5,12,1,1,2,centre,958433.787917819
50,7,10,0,1,65,populaire,139520.71870840128
94,7,11,1,0,15,calme,495278.44136968197
90,2,9,0,1,73,centre,420519.6708056987
85,3,10,0,0,27,luxe,456257.5727416446
89,1,14,1,1,43,calme,390821.11616908293
60,1,5,0,0,17,centre,325553.84042323235
210,7,0,0,1,1,centre,1005915.4191844618
179,5,13,0,0,77,calme,681297.1461246529
39,3,1,0,1,43,luxe,305991.43429528346
204,5,7,0,0,19,centre,864829.6318824178
245,3,10,0,1,55,centre,981274.730339059
197,3,7,1,1,22,luxe,912449.4207950347
227,7,5,0,1,59,calme,836829.0172433526
172,5,2,1,0,70,centre,686309.3737729916
159,7,13,0,1,44,calme,677331.0338245019
218,3,1,1,1,46,populaire,719937.1238088091
58,6,12,1,0,77,populaire,224081.55449482563
164,2,5,1,0,36,luxe,699109.8360042274
64,3,0,0,1,7,calme,346585.17694855225
158,6,13,0,0,4,centre,690998.1579661387
89,3,9,0,1,22,luxe,535822.664802819
144,6,5,0,1,9,populaire,544451.0595959942
170,5,8,0,0,26,calme,712874.9506277384
110,1,6,0,1,0,luxe,618547.201440462
89,4,8,1,1,70,luxe,499439.2323852479
185,3,1,0,0,7,calme,693600.4193326745
149,4,10,0,0,10,centre,664144.7193261391
233,3,13,0,1,27,centre,922629.9885589511
103,5,4,1,1,33,centre,466322.7147774412
108,5,8,1,1,42,calme,461591.21353909647
98,6,6,1,0,27,populaire,381460.6478695903
132,3,8,1,1,48,luxe,625902.0132231091
112,5,13,0,1,60,calme,460097.0552682036
91,5,10,0,1,36,centre,435770.16463271703
184,3,5,1,0,2,centre,777424.8932169847
68,6,14,1,1,8,luxe,496179.048866493
71,6,6,0,1,1,luxe,443991.1033951475
52,6,9,1,0,22,luxe,401899.4963060516
41,6,4,1,0,50,luxe,302561.9060587589
133,1,5,1,1,16,luxe,627347.4156842855
152,3,0,1,0,24,calme,565637.7836382239
37,7,0,0,1,75,centre,229737.8821685142
185,1,1,1,1,26,centre,760533.5643526947
137,5,10,0,0,19,calme,574350.8006287032
136,1,13,1,1,72,populaire,476850.24652668467
56,7,3,1,1,35,centre,352024.53695482167
241,7,10,0,1,27,populaire,910436.0538133138
242,7,8,0,1,28,populaire,879365.1878312252
83,6,6,1,1,41,populaire,351316.38445138396
157,5,5,1,0,57,populaire,543174.1802555594
98,1,14,1,1,31,centre,483776.46705283853
189,1,0,0,1,11,centre,757600.767017027
142,3,4,1,0,29,calme,561088.7010770004
195,1,10,1,0,59,centre,724821.3755718104
63,5,11,0,0,10,calme,317729.14244486927
101,6,12,1,0,10,populaire,483495.74854814284
106,3,3,1,0,79,calme,327442.40738665144
244,1,4,1,0,49,calme,864360.8394230554
35,3,10,0,0,0,centre,275987.05328131205
73,4,8,1,0,26,calme,319046.63546237256
121,3,11,1,1,31,populaire,462805.93857895624
182,7,2,1,1,5,centre,818022.6428784905
117,6,3,1,0,40,centre,556005.9302798682
175,7,7,0,1,35,centre,754159.4778728551
21,4,2,1,1,38,luxe,215107.55126306735
113,7,12,1,1,29,populaire,526175.1494271182
160,4,2,1,1,56,calme,619147.9635340717
188,3,12,1,1,10,luxe,891758.1071287871
227,5,8,0,0,2,centre,924886.1963248737
